#
# There is insufficient memory for the Java Runtime Environment to continue.
# Native memory allocation (malloc) failed to allocate 1048576 bytes. Error detail: AllocateHeap
# Possible reasons:
#   The system is out of physical RAM or swap space
#   This process is running with CompressedOops enabled, and the Java Heap may be blocking the growth of the native heap
# Possible solutions:
#   Reduce memory load on the system
#   Increase physical memory or swap space
#   Check if swap backing store is full
#   Decrease Java heap size (-Xmx/-Xms)
#   Decrease number of Java threads
#   Decrease Java thread stack sizes (-Xss)
#   Set larger code cache with -XX:ReservedCodeCacheSize=
#   JVM is running with Unscaled Compressed Oops mode in which the Java heap is
#     placed in the first 4GB address space. The Java Heap base address is the
#     maximum limit for the native heap growth. Please use -XX:HeapBaseMinAddress
#     to set the Java Heap base and to place the Java Heap above 4GB virtual address.
# This output file may be truncated or incomplete.
#
#  Out of Memory Error (allocation.cpp:44), pid=32116, tid=23644
#
# JRE version: OpenJDK Runtime Environment JBR-21.0.7+9-895.130-jcef (21.0.7+9) (build 21.0.7+9-b895.130)
# Java VM: OpenJDK 64-Bit Server VM JBR-21.0.7+9-895.130-jcef (21.0.7+9-b895.130, mixed mode, sharing, tiered, compressed oops, compressed class ptrs, g1 gc, windows-amd64)
# No core dump will be written. Minidumps are not enabled by default on client versions of Windows
#

---------------  S U M M A R Y ------------

Command Line: abort vfprintf -XX:ErrorFile=C:\Users\Administrator\java_error_in_rider_%p.log -XX:HeapDumpPath=C:\Users\Administrator\java_error_in_rider.hprof -Xms128m -Xmx2048m -XX:ReservedCodeCacheSize=512m -XX:+HeapDumpOnOutOfMemoryError -XX:-OmitStackTraceInFastThrow -XX:CICompilerCount=2 -XX:+IgnoreUnrecognizedVMOptions -XX:+UnlockDiagnosticVMOptions -XX:TieredOldPercentage=100000 -ea -Dsun.io.useCanonCaches=false -Dsun.java2d.metal=true -Djbr.catch.SIGABRT=true -Djdk.http.auth.tunneling.disabledSchemes="" -Djdk.attach.allowAttachSelf=true -Djdk.module.illegalAccess.silent=true -Djdk.nio.maxCachedBufferSize=2097152 -Djava.util.zip.use.nio.for.zip.file.access=true -Dkotlinx.coroutines.debug=off -Dllm.show.ai.promotion.window.on.start=false -Xms128m -Xmx1024m -XX:ReservedCodeCacheSize=512m -XX:+IgnoreUnrecognizedVMOptions -XX:+UseG1GC -XX:SoftRefLRUPolicyMSPerMB=50 -XX:CICompilerCount=2 -XX:+HeapDumpOnOutOfMemoryError -XX:-OmitStackTraceInFastThrow -ea -Dsun.io.useCanonCaches=false -Djdk.http.auth.tunneling.disabledSchemes="" -Djdk.attach.allowAttachSelf=true -Djdk.module.illegalAccess.silent=true -Dkotlinx.coroutines.debug=off -XX:ErrorFile=$USER_HOME/java_error_in_idea_%p.log -XX:HeapDumpPath=$USER_HOME/java_error_in_idea.hprof --add-opens=java.base/jdk.internal.org.objectweb.asm=ALL-UNNAMED --add-opens=java.base/jdk.internal.org.objectweb.asm.tree=ALL-UNNAMED -javaagent:E:\Rider\JetBrains Rider 2025.1.4\rd-windows\ja-netfilter.jar=jetbrains -Djb.vmOptionsFile=E:\Rider\JetBrains Rider 2025.1.4\rd-windows\vmoptions\rider.vmoptions -Xbootclasspath/a:E:\Rider\JetBrains Rider 2025.1.4/lib/nio-fs.jar -Djava.system.class.loader=com.intellij.util.lang.PathClassLoader -Didea.vendor.name=JetBrains -Didea.paths.selector=Rider2025.1 -Djna.boot.library.path=E:\Rider\JetBrains Rider 2025.1.4/lib/jna/amd64 -Djna.nosys=true -Djna.noclasspath=true -Dpty4j.preferred.native.folder=E:\Rider\JetBrains Rider 2025.1.4/lib/pty4j -Dio.netty.allocator.type=pooled -Dintellij.platform.runtime.repository.path=E:\Rider\JetBrains Rider 2025.1.4/modules/module-descriptors.jar -Didea.platform.prefix=Rider -Dwsl.use.remote.agent.for.nio.filesystem=true -Djava.nio.file.spi.DefaultFileSystemProvider=com.intellij.platform.core.nio.fs.MultiRoutingFileSystemProvider -Dide.native.launcher=true -Didea.class.before.app=com.jetbrains.rider.protocol.EarlyBackendStarter -Didea.show.customize.ide.wizard=true -DFilePageCache.THROW_ERROR_ON_DUPLICATE_STORAGE_REGISTRATION=false -Dsplash=true -Daether.connector.resumeDownloads=false -Dcompose.swing.render.on.graphics=true --add-opens=java.base/java.io=ALL-UNNAMED --add-opens=java.base/java.lang=ALL-UNNAMED --add-opens=java.base/java.lang.ref=ALL-UNNAMED --add-opens=java.base/java.lang.reflect=ALL-UNNAMED --add-opens=java.base/java.net=ALL-UNNAMED --add-opens=java.base/java.nio=ALL-UNNAMED --add-opens=java.base/java.nio.charset=ALL-UNNAMED --add-opens=java.base/java.text=ALL-UNNAMED --add-opens=java.base/java.time=ALL-UNNAMED --add-opens=java.base/java.util=ALL-UNNAMED --add-opens=java.base/java.util.concurrent=ALL-UNNAMED --add-opens=java.base/java.util.concurrent.atomic=ALL-UNNAMED --add-opens=java.base/java.util.concurrent.locks=ALL-UNNAMED --add-opens=java.base/jdk.internal.vm=ALL-UNNAMED --add-opens=java.base/sun.net.dns=ALL-UNNAMED --add-opens=java.base/sun.nio.ch=ALL-UNNAMED --add-opens=java.base/sun.nio.fs=ALL-UNNAMED --add-opens=java.base/sun.security.ssl=ALL-UNNAMED --add-opens=java.base/sun.security.util=ALL-UNNAMED --add-opens=java.desktop/com.sun.java.swing=ALL-UNNAMED --add-opens=java.desktop/java.awt=ALL-UNNAMED --add-opens=java.desktop/java.awt.dnd.peer=ALL-UNNAMED --add-opens=java.desktop/java.awt.event=ALL-UNNAMED --add-opens=java.desktop/java.awt.font=ALL-UNNAMED --add-opens=java.desktop/java.awt.image=ALL-UNNAMED --add-opens=java.desktop/java.awt.peer=ALL-UNNAMED --add-opens=java.desktop/javax.swing=ALL-UNNAMED --add-opens=java.desktop/javax.swing.plaf.basic=ALL-UNNAMED --add-opens=java.desktop/javax.swing.text=ALL-UNNAMED --add-opens=java.desktop/javax.swing.text.html=ALL-UNNAMED --add-opens=java.desktop/javax.swing.text.html.parser=ALL-UNNAMED --add-opens=java.desktop/sun.awt=ALL-UNNAMED --add-opens=java.desktop/sun.awt.datatransfer=ALL-UNNAMED --add-opens=java.desktop/sun.awt.image=ALL-UNNAMED --add-opens=java.desktop/sun.awt.windows=ALL-UNNAMED --add-opens=java.desktop/sun.font=ALL-UNNAMED --add-opens=java.desktop/sun.java2d=ALL-UNNAMED --add-opens=java.desktop/sun.swing=ALL-UNNAMED --add-opens=java.management/sun.management=ALL-UNNAMED --add-opens=jdk.attach/sun.tools.attach=ALL-UNNAMED --add-opens=jdk.compiler/com.sun.tools.javac.api=ALL-UNNAMED --add-opens=jdk.internal.jvmstat/sun.jvmstat.monitor=ALL-UNNAMED --add-opens=jdk.jdi/com.sun.tools.jdi=ALL-UNNAMED -Dide.native.launcher=true -Djcef.sandbox.ptr=000001682340EA00 -Djcef.sandbox.cefVersion=122.1.9+gd14e051+chromium-122.0.6261.94 com.intellij.idea.Main D:\DALAB\Research\AdvancedMask\Project\AdvancedMask\AdvancedMask.sln --line -1 --column -1 D:\DALAB\Research\AdvancedMask\Project\AdvancedMask\Assets\Scripts\PhotoManager.cs

Host: Intel(R) Core(TM) i5-14600KF, 20 cores, 31G,  Windows 11 , 64 bit Build 22621 (10.0.22621.5415)
Time: Sun Aug 31 21:06:15 2025  Windows 11 , 64 bit Build 22621 (10.0.22621.5415) elapsed time: 246.801294 seconds (0d 0h 4m 6s)

---------------  T H R E A D  ---------------

Current thread (0x000001684ecc6180):  JavaThread "C2 CompilerThread0" daemon [_thread_in_vm, id=23644, stack(0x0000005e2f200000,0x0000005e2f300000) (1024K)]


Current CompileTask:
C2:246801 44869       4       com.intellij.util.ReflectionUtil::isPublic (24 bytes)

Stack: [0x0000005e2f200000,0x0000005e2f300000]
Native frames: (J=compiled Java code, j=interpreted, Vv=VM code, C=native code)
V  [jvm.dll+0x6e6049]
V  [jvm.dll+0x8c4343]
V  [jvm.dll+0x8c689e]
V  [jvm.dll+0x8c6f83]
V  [jvm.dll+0x289266]
V  [jvm.dll+0xc0ed7]
V  [jvm.dll+0x332500]
V  [jvm.dll+0x332cee]
V  [jvm.dll+0x332658]
V  [jvm.dll+0x6baba6]
V  [jvm.dll+0x3388a2]
V  [jvm.dll+0x6b7354]
V  [jvm.dll+0x6ba671]
V  [jvm.dll+0x1f1020]
V  [jvm.dll+0x6edcae]
V  [jvm.dll+0x250d09]
V  [jvm.dll+0x24fee1]
V  [jvm.dll+0x1cd734]
V  [jvm.dll+0x25f76c]
V  [jvm.dll+0x25dcb6]
V  [jvm.dll+0x3ffa86]
V  [jvm.dll+0x86bea8]
V  [jvm.dll+0x6e480d]
C  [ucrtbase.dll+0x29333]
C  [KERNEL32.DLL+0x1259d]
C  [ntdll.dll+0x5af78]


---------------  P R O C E S S  ---------------

Threads class SMR info:
_java_thread_list=0x000001693d2bfc20, length=101, elements={
0x00000168259f9a40, 0x000001684ecac240, 0x000001684ecad300, 0x000001684ecb0550,
0x000001684ecb2cb0, 0x000001684ecafec0, 0x000001684ecb3340, 0x000001684ecc6180,
0x000001684ecc7020, 0x000001684ecb0be0, 0x000001684ecb1f90, 0x00000168c3c01140,
0x00000168c3c00ab0, 0x00000168c3c03f30, 0x00000168c3c038a0, 0x00000168c3bfe350,
0x00000168c42b6c00, 0x00000168c42b2a60, 0x00000168c42b30f0, 0x00000168c42b8cd0,
0x00000168c42b23d0, 0x00000168c4969d60, 0x00000168c62678a0, 0x00000168c6263070,
0x00000168c6265140, 0x00000168c62657d0, 0x00000168c686d600, 0x00000168c6871110,
0x00000168c68731e0, 0x00000168e02e3820, 0x00000168e02e0a30, 0x00000168e02e5260,
0x00000168e02e58f0, 0x0000016809dd4900, 0x000001681a4ca8d0, 0x000001681ac63a00,
0x000001681ac612a0, 0x000001681ac6a990, 0x000001681b4f38a0, 0x000001681b4ef700,
0x000001681b4edcc0, 0x000001681b4f5970, 0x0000016910927cc0, 0x000001691092b7d0,
0x000001691092d8a0, 0x00000169109289e0, 0x00000169138f4100, 0x00000169183b4bb0,
0x00000169183b3170, 0x00000169183b3e90, 0x00000169183bb4b0, 0x00000169183bbb40,
0x00000169183bd580, 0x00000169183befc0, 0x00000169183c1090, 0x000001691092b140,
0x000001692d5df7d0, 0x000001692e651660, 0x000001692e6323a0, 0x000001692e635820,
0x000001692e63b400, 0x000001692e63a6e0, 0x0000016935f18980, 0x0000016935f16220,
0x0000016935f16f40, 0x0000016935f17c60, 0x0000016930387b30, 0x0000016935d58430,
0x0000016938b7eb20, 0x0000016938b7d0e0, 0x0000016938b7de00, 0x0000016938b7e490,
0x0000016937a51140, 0x0000016937a517d0, 0x00000169383bf6b0, 0x00000169383c10f0,
0x00000169383bf020, 0x00000169383bfd40, 0x00000169383c03d0, 0x0000016938987f10,
0x00000169303f3bb0, 0x00000169303f3520, 0x0000016937cb5390, 0x0000016935f15500,
0x000001693794fe10, 0x000001692e645810, 0x000001693ab50b60, 0x0000016930b14bf0,
0x0000016935c6c7b0, 0x0000016930b13840, 0x000001693794d020, 0x000001692b208e60,
0x000001692b2094f0, 0x000001693d087fb0, 0x000001693d085850, 0x000001693a88d420,
0x000001693a88f4f0, 0x0000016930136af0, 0x00000169305a51c0, 0x0000016819d0ec70,
0x0000016938987880
}

Java Threads: ( => current thread )
  0x00000168259f9a40 JavaThread "main"                              [_thread_blocked, id=6428, stack(0x0000005e2e300000,0x0000005e2e500000) (2048K)]
  0x000001684ecac240 JavaThread "Reference Handler"          daemon [_thread_blocked, id=19040, stack(0x0000005e2ec00000,0x0000005e2ed00000) (1024K)]
  0x000001684ecad300 JavaThread "Finalizer"                  daemon [_thread_blocked, id=34532, stack(0x0000005e2ed00000,0x0000005e2ee00000) (1024K)]
  0x000001684ecb0550 JavaThread "Signal Dispatcher"          daemon [_thread_blocked, id=19500, stack(0x0000005e2ee00000,0x0000005e2ef00000) (1024K)]
  0x000001684ecb2cb0 JavaThread "Attach Listener"            daemon [_thread_blocked, id=23340, stack(0x0000005e2ef00000,0x0000005e2f000000) (1024K)]
  0x000001684ecafec0 JavaThread "Service Thread"             daemon [_thread_blocked, id=35872, stack(0x0000005e2f000000,0x0000005e2f100000) (1024K)]
  0x000001684ecb3340 JavaThread "Monitor Deflation Thread"   daemon [_thread_blocked, id=13304, stack(0x0000005e2f100000,0x0000005e2f200000) (1024K)]
=>0x000001684ecc6180 JavaThread "C2 CompilerThread0"         daemon [_thread_in_vm, id=23644, stack(0x0000005e2f200000,0x0000005e2f300000) (1024K)]
  0x000001684ecc7020 JavaThread "C1 CompilerThread0"         daemon [_thread_blocked, id=36460, stack(0x0000005e2f300000,0x0000005e2f400000) (1024K)]
  0x000001684ecb0be0 JavaThread "Common-Cleaner"             daemon [_thread_blocked, id=18652, stack(0x0000005e2f400000,0x0000005e2f500000) (1024K)]
  0x000001684ecb1f90 JavaThread "Notification Thread"        daemon [_thread_blocked, id=36588, stack(0x0000005e2f500000,0x0000005e2f600000) (1024K)]
  0x00000168c3c01140 JavaThread "DefaultDispatcher-worker-6" daemon [_thread_blocked, id=20996, stack(0x0000005e30200000,0x0000005e30300000) (1024K)]
  0x00000168c3c00ab0 JavaThread "DefaultDispatcher-worker-10" daemon [_thread_blocked, id=34140, stack(0x0000005e30600000,0x0000005e30700000) (1024K)]
  0x00000168c3c03f30 JavaThread "DefaultDispatcher-worker-11" daemon [_thread_blocked, id=29496, stack(0x0000005e30700000,0x0000005e30800000) (1024K)]
  0x00000168c3c038a0 JavaThread "DefaultDispatcher-worker-12" daemon [_thread_blocked, id=416, stack(0x0000005e30800000,0x0000005e30900000) (1024K)]
  0x00000168c3bfe350 JavaThread "DefaultDispatcher-worker-13" daemon [_thread_blocked, id=35120, stack(0x0000005e30900000,0x0000005e30a00000) (1024K)]
  0x00000168c42b6c00 JavaThread "Java2D Disposer"            daemon [_thread_blocked, id=1444, stack(0x0000005e31100000,0x0000005e31200000) (1024K)]
  0x00000168c42b2a60 JavaThread "AWT-Shutdown"                      [_thread_blocked, id=34556, stack(0x0000005e31200000,0x0000005e31300000) (1024K)]
  0x00000168c42b30f0 JavaThread "AWT-Windows"                daemon [_thread_in_native, id=14592, stack(0x0000005e31300000,0x0000005e31400000) (1024K)]
  0x00000168c42b8cd0 JavaThread "AWT-EventQueue-0"                  [_thread_blocked, id=6636, stack(0x0000005e31400000,0x0000005e31500000) (1024K)]
  0x00000168c42b23d0 JavaThread "External Command Listener"  daemon [_thread_in_native, id=6612, stack(0x0000005e31500000,0x0000005e31600000) (1024K)]
  0x00000168c4969d60 JavaThread "kotlinx.coroutines.DefaultExecutor" daemon [_thread_blocked, id=19080, stack(0x0000005e31600000,0x0000005e31700000) (1024K)]
  0x00000168c62678a0 JavaThread "Kernel event loop thread d140mqe8dhrgi80ts844" daemon [_thread_blocked, id=36192, stack(0x0000005e32300000,0x0000005e32400000) (1024K)]
  0x00000168c6263070 JavaThread "EarlyStartServerWire/Sender" daemon [_thread_blocked, id=8276, stack(0x0000005e32400000,0x0000005e32500000) (1024K)]
  0x00000168c6265140 JavaThread "EarlyStartServerWire"       daemon [_thread_in_native, id=18072, stack(0x0000005e32500000,0x0000005e32600000) (1024K)]
  0x00000168c62657d0 JavaThread "SerializersBackgroundRegistrar" daemon [_thread_blocked, id=18616, stack(0x0000005e32600000,0x0000005e32700000) (1024K)]
  0x00000168c686d600 JavaThread "Program"                           [_thread_in_native, id=35976, stack(0x0000005e32900000,0x0000005e32a00000) (1024K)]
  0x00000168c6871110 JavaThread "BaseDataReader: output stream of Program"        [_thread_in_native, id=36028, stack(0x0000005e32a00000,0x0000005e32b00000) (1024K)]
  0x00000168c68731e0 JavaThread "BaseDataReader: error stream of Program"        [_thread_in_native, id=21312, stack(0x0000005e32b00000,0x0000005e32c00000) (1024K)]
  0x00000168e02e3820 JavaThread "DefaultDispatcher-worker-23" daemon [_thread_blocked, id=15592, stack(0x0000005e32c00000,0x0000005e32d00000) (1024K)]
  0x00000168e02e0a30 JavaThread "DefaultDispatcher-worker-25" daemon [_thread_blocked, id=36684, stack(0x0000005e32d00000,0x0000005e32e00000) (1024K)]
  0x00000168e02e5260 JavaThread "DefaultDispatcher-worker-24" daemon [_thread_blocked, id=36676, stack(0x0000005e32e00000,0x0000005e32f00000) (1024K)]
  0x00000168e02e58f0 JavaThread "PeriodicMetricReader"       daemon [_thread_blocked, id=36680, stack(0x0000005e32f00000,0x0000005e33000000) (1024K)]
  0x0000016809dd4900 JavaThread "Coroutines Debugger Cleaner" daemon [_thread_blocked, id=20712, stack(0x0000005e33000000,0x0000005e33100000) (1024K)]
  0x000001681a4ca8d0 JavaThread "Periodic tasks thread"      daemon [_thread_blocked, id=14516, stack(0x0000005e33100000,0x0000005e33200000) (1024K)]
  0x000001681ac63a00 JavaThread "JNA Cleaner"                daemon [_thread_blocked, id=35328, stack(0x0000005e33300000,0x0000005e33400000) (1024K)]
  0x000001681ac612a0 JavaThread "pool-4-thread-1"                   [_thread_blocked, id=23384, stack(0x0000005e33400000,0x0000005e33500000) (1024K)]
  0x000001681ac6a990 JavaThread "Netty Builtin Server 1"     daemon [_thread_in_native, id=480, stack(0x0000005e33600000,0x0000005e33700000) (1024K)]
  0x000001681b4f38a0 JavaThread "BackgroundScheduler"        daemon [_thread_blocked, id=35480, stack(0x0000005e33800000,0x0000005e33900000) (1024K)]
  0x000001681b4ef700 JavaThread "fsnotifier.exe"                    [_thread_in_native, id=15372, stack(0x0000005e33c00000,0x0000005e33d00000) (1024K)]
  0x000001681b4edcc0 JavaThread "BaseDataReader: output stream of fsnotifier.exe"        [_thread_in_native, id=15120, stack(0x0000005e33d00000,0x0000005e33e00000) (1024K)]
  0x000001681b4f5970 JavaThread "BaseDataReader: error stream of fsnotifier.exe"        [_thread_in_native, id=18468, stack(0x0000005e33e00000,0x0000005e33f00000) (1024K)]
  0x0000016910927cc0 JavaThread "DefaultDispatcher-worker-28" daemon [_thread_blocked, id=9344, stack(0x0000005e34100000,0x0000005e34200000) (1024K)]
  0x000001691092b7d0 JavaThread "DefaultDispatcher-worker-30" daemon [_thread_blocked, id=35000, stack(0x0000005e34300000,0x0000005e34400000) (1024K)]
  0x000001691092d8a0 JavaThread "DefaultDispatcher-worker-39" daemon [_thread_blocked, id=36228, stack(0x0000005e34c00000,0x0000005e34d00000) (1024K)]
  0x00000169109289e0 JavaThread "DefaultDispatcher-worker-22" daemon [_thread_blocked, id=36216, stack(0x0000005e34d00000,0x0000005e34e00000) (1024K)]
  0x00000169138f4100 JavaThread "TimerQueue"                 daemon [_thread_blocked, id=36232, stack(0x0000005e34e00000,0x0000005e34f00000) (1024K)]
  0x00000169183b4bb0 JavaThread "ApplicationImpl pooled thread 3"        [_thread_blocked, id=36268, stack(0x0000005e35000000,0x0000005e35100000) (1024K)]
  0x00000169183b3170 JavaThread "DefaultDispatcher-worker-9" daemon [_thread_blocked, id=36276, stack(0x0000005e35200000,0x0000005e35300000) (1024K)]
  0x00000169183b3e90 JavaThread "DefaultDispatcher-worker-15" daemon [_thread_blocked, id=36280, stack(0x0000005e35300000,0x0000005e35400000) (1024K)]
  0x00000169183bb4b0 JavaThread "DefaultDispatcher-worker-36" daemon [_thread_blocked, id=36284, stack(0x0000005e35400000,0x0000005e35500000) (1024K)]
  0x00000169183bbb40 JavaThread "DefaultDispatcher-worker-18" daemon [_thread_blocked, id=36468, stack(0x0000005e35500000,0x0000005e35600000) (1024K)]
  0x00000169183bd580 JavaThread "DefaultDispatcher-worker-4" daemon [_thread_blocked, id=36476, stack(0x0000005e35700000,0x0000005e35800000) (1024K)]
  0x00000169183befc0 JavaThread "DefaultDispatcher-worker-7" daemon [_thread_blocked, id=36484, stack(0x0000005e35900000,0x0000005e35a00000) (1024K)]
  0x00000169183c1090 JavaThread "ApplicationImpl pooled thread 6"        [_thread_blocked, id=36456, stack(0x0000005e35c00000,0x0000005e35d00000) (1024K)]
  0x000001691092b140 JavaThread "Jndi-Dns-address-change-listener" daemon [_thread_in_native, id=7704, stack(0x0000005e35f00000,0x0000005e36000000) (1024K)]
  0x000001692d5df7d0 JavaThread "WorkspaceModelUpdater"      daemon [_thread_blocked, id=36616, stack(0x0000005e36300000,0x0000005e36400000) (1024K)]
  0x000001692e651660 JavaThread "JobScheduler FJ pool 1/19"  daemon [_thread_blocked, id=35892, stack(0x0000005e36400000,0x0000005e36500000) (1024K)]
  0x000001692e6323a0 JavaThread "JobScheduler FJ pool 2/19"  daemon [_thread_blocked, id=20348, stack(0x0000005e36500000,0x0000005e36600000) (1024K)]
  0x000001692e635820 JavaThread "Windows Shell integration"  daemon [_thread_blocked, id=27860, stack(0x0000005e36600000,0x0000005e36700000) (1024K)]
  0x000001692e63b400 JavaThread "Netty Station Server 1-1"   daemon [_thread_in_native, id=13916, stack(0x0000005e36800000,0x0000005e36900000) (1024K)]
  0x000001692e63a6e0 JavaThread "Netty Station Client 1-1"   daemon [_thread_in_native, id=35964, stack(0x0000005e36900000,0x0000005e36a00000) (1024K)]
  0x0000016935f18980 JavaThread "DefaultDispatcher-worker-17" daemon [_thread_blocked, id=33456, stack(0x0000005e37400000,0x0000005e37500000) (1024K)]
  0x0000016935f16220 JavaThread "DefaultDispatcher-worker-21" daemon [_thread_blocked, id=16288, stack(0x0000005e37600000,0x0000005e37700000) (1024K)]
  0x0000016935f16f40 JavaThread "DefaultDispatcher-worker-8" daemon [_thread_blocked, id=24016, stack(0x0000005e37700000,0x0000005e37800000) (1024K)]
  0x0000016935f17c60 JavaThread "DefaultDispatcher-worker-37" daemon [_thread_blocked, id=36196, stack(0x0000005e37800000,0x0000005e37900000) (1024K)]
  0x0000016930387b30 JavaThread "DefaultDispatcher-worker-26" daemon [_thread_blocked, id=19148, stack(0x0000005e37900000,0x0000005e37a00000) (1024K)]
  0x0000016935d58430 JavaThread "DefaultDispatcher-worker-27" daemon [_thread_blocked, id=27792, stack(0x0000005e37a00000,0x0000005e37b00000) (1024K)]
  0x0000016938b7eb20 JavaThread "DefaultDispatcher-worker-5" daemon [_thread_blocked, id=18780, stack(0x0000005e37b00000,0x0000005e37c00000) (1024K)]
  0x0000016938b7d0e0 JavaThread "DefaultDispatcher-worker-32" daemon [_thread_blocked, id=22188, stack(0x0000005e38000000,0x0000005e38100000) (1024K)]
  0x0000016938b7de00 JavaThread "DefaultDispatcher-worker-14" daemon [_thread_blocked, id=27524, stack(0x0000005e38100000,0x0000005e38200000) (1024K)]
  0x0000016938b7e490 JavaThread "DefaultDispatcher-worker-33" daemon [_thread_blocked, id=6460, stack(0x0000005e38200000,0x0000005e38300000) (1024K)]
  0x0000016937a51140 JavaThread "DefaultDispatcher-worker-3" daemon [_thread_blocked, id=32168, stack(0x0000005e38400000,0x0000005e38500000) (1024K)]
  0x0000016937a517d0 JavaThread "DefaultDispatcher-worker-19" daemon [_thread_blocked, id=31224, stack(0x0000005e38500000,0x0000005e38600000) (1024K)]
  0x00000169383bf6b0 JavaThread "DefaultDispatcher-worker-31" daemon [_thread_blocked, id=36404, stack(0x0000005e38800000,0x0000005e38900000) (1024K)]
  0x00000169383c10f0 JavaThread "DefaultDispatcher-worker-34" daemon [_thread_blocked, id=22912, stack(0x0000005e38900000,0x0000005e38a00000) (1024K)]
  0x00000169383bf020 JavaThread "DefaultDispatcher-worker-38" daemon [_thread_blocked, id=2356, stack(0x0000005e38c00000,0x0000005e38d00000) (1024K)]
  0x00000169383bfd40 JavaThread "DefaultDispatcher-worker-35" daemon [_thread_blocked, id=17508, stack(0x0000005e38d00000,0x0000005e38e00000) (1024K)]
  0x00000169383c03d0 JavaThread "DefaultDispatcher-worker-2" daemon [_thread_blocked, id=8436, stack(0x0000005e38e00000,0x0000005e38f00000) (1024K)]
  0x0000016938987f10 JavaThread "DefaultDispatcher-worker-29" daemon [_thread_blocked, id=19268, stack(0x0000005e39400000,0x0000005e39500000) (1024K)]
  0x00000169303f3bb0 JavaThread "DefaultDispatcher-worker-1" daemon [_thread_blocked, id=36072, stack(0x0000005e39600000,0x0000005e39700000) (1024K)]
  0x00000169303f3520 JavaThread "DefaultDispatcher-worker-16" daemon [_thread_blocked, id=7692, stack(0x0000005e39700000,0x0000005e39800000) (1024K)]
  0x0000016937cb5390 JavaThread "DefaultDispatcher-worker-20" daemon [_thread_blocked, id=17096, stack(0x0000005e39800000,0x0000005e39900000) (1024K)]
  0x0000016935f15500 JavaThread "JobScheduler FJ pool 3/19"  daemon [_thread_blocked, id=18460, stack(0x0000005e32700000,0x0000005e32800000) (1024K)]
  0x000001693794fe10 JavaThread "JobScheduler FJ pool 4/19"  daemon [_thread_blocked, id=17772, stack(0x0000005e32800000,0x0000005e32900000) (1024K)]
  0x000001692e645810 JavaThread "JobScheduler FJ pool 7/19"  daemon [_thread_blocked, id=30828, stack(0x0000005e39e00000,0x0000005e39f00000) (1024K)]
  0x000001693ab50b60 JavaThread "JobScheduler FJ pool 9/19"  daemon [_thread_blocked, id=27724, stack(0x0000005e39f00000,0x0000005e3a000000) (1024K)]
  0x0000016930b14bf0 JavaThread "JobScheduler FJ pool 8/19"  daemon [_thread_blocked, id=26696, stack(0x0000005e3a000000,0x0000005e3a100000) (1024K)]
  0x0000016935c6c7b0 JavaThread "JobScheduler FJ pool 13/19" daemon [_thread_blocked, id=10364, stack(0x0000005e3a400000,0x0000005e3a500000) (1024K)]
  0x0000016930b13840 JavaThread "JobScheduler FJ pool 18/19" daemon [_thread_blocked, id=36032, stack(0x0000005e3a900000,0x0000005e3aa00000) (1024K)]
  0x000001693794d020 JavaThread "JVMResponsivenessMonitor"   daemon [_thread_blocked, id=24556, stack(0x0000005e37000000,0x0000005e37100000) (1024K)]
  0x000001692b208e60 JavaThread "IdIndex Writer #0"          daemon [_thread_blocked, id=7988, stack(0x0000005e3aa00000,0x0000005e3ab00000) (1024K)]
  0x000001692b2094f0 JavaThread "Trigram.Index Writer #2"    daemon [_thread_blocked, id=12764, stack(0x0000005e3ab00000,0x0000005e3ac00000) (1024K)]
  0x000001693d087fb0 JavaThread "IdIndex Writer #1"          daemon [_thread_blocked, id=3644, stack(0x0000005e3ac00000,0x0000005e3ad00000) (1024K)]
  0x000001693d085850 JavaThread "Trigram.Index Writer #3"    daemon [_thread_blocked, id=22764, stack(0x0000005e3ad00000,0x0000005e3ae00000) (1024K)]
  0x000001693a88d420 JavaThread "Stubs Writer #4"                   [_thread_blocked, id=21348, stack(0x0000005e3ae00000,0x0000005e3af00000) (1024K)]
  0x000001693a88f4f0 JavaThread "Aux Index Writer #1"               [_thread_blocked, id=36388, stack(0x0000005e3af00000,0x0000005e3b000000) (1024K)]
  0x0000016930136af0 JavaThread "ProtocolInstanceWatcher"           [_thread_blocked, id=31192, stack(0x0000005e3b900000,0x0000005e3ba00000) (1024K)]
  0x00000169305a51c0 JavaThread "FileSystemWatchService"     daemon [_thread_in_native, id=16256, stack(0x0000005e3ba00000,0x0000005e3bb00000) (1024K)]
  0x0000016819d0ec70 JavaThread "Netty Station Client 1-2"   daemon [_thread_in_native, id=36544, stack(0x0000005e3bb00000,0x0000005e3bc00000) (1024K)]
  0x0000016938987880 JavaThread "ApplicationImpl pooled thread 9"        [_thread_blocked, id=16868, stack(0x0000005e2e100000,0x0000005e2e200000) (1024K)]
Total: 101

Other Threads:
  0x000001684ec9d550 VMThread "VM Thread"                           [id=10600, stack(0x0000005e2eb00000,0x0000005e2ec00000) (1024K)]
  0x000001684ec8fd60 WatcherThread "VM Periodic Task Thread"        [id=24548, stack(0x0000005e2ea00000,0x0000005e2eb00000) (1024K)]
  0x0000016825a36e40 WorkerThread "GC Thread#0"                     [id=25068, stack(0x0000005e2e500000,0x0000005e2e600000) (1024K)]
  0x00000168c3f800b0 WorkerThread "GC Thread#1"                     [id=36576, stack(0x0000005e2fa00000,0x0000005e2fb00000) (1024K)]
  0x00000168c3c096c0 WorkerThread "GC Thread#2"                     [id=35968, stack(0x0000005e2fb00000,0x0000005e2fc00000) (1024K)]
  0x00000168c3f66bf0 WorkerThread "GC Thread#3"                     [id=36188, stack(0x0000005e2fc00000,0x0000005e2fd00000) (1024K)]
  0x00000168c3f95210 WorkerThread "GC Thread#4"                     [id=5156, stack(0x0000005e2fd00000,0x0000005e2fe00000) (1024K)]
  0x00000168c3f95dc0 WorkerThread "GC Thread#5"                     [id=6560, stack(0x0000005e2fe00000,0x0000005e2ff00000) (1024K)]
  0x00000168c3f971d0 WorkerThread "GC Thread#6"                     [id=34420, stack(0x0000005e2ff00000,0x0000005e30000000) (1024K)]
  0x00000168c3f97570 WorkerThread "GC Thread#7"                     [id=34172, stack(0x0000005e30000000,0x0000005e30100000) (1024K)]
  0x00000168c44440b0 WorkerThread "GC Thread#8"                     [id=34460, stack(0x0000005e31700000,0x0000005e31800000) (1024K)]
  0x00000168c4446150 WorkerThread "GC Thread#9"                     [id=11956, stack(0x0000005e31800000,0x0000005e31900000) (1024K)]
  0x00000168c3f97cb0 WorkerThread "GC Thread#10"                    [id=34296, stack(0x0000005e31900000,0x0000005e31a00000) (1024K)]
  0x00000168c5e733a0 WorkerThread "GC Thread#11"                    [id=7972, stack(0x0000005e31a00000,0x0000005e31b00000) (1024K)]
  0x00000168c5e72180 WorkerThread "GC Thread#12"                    [id=19060, stack(0x0000005e31b00000,0x0000005e31c00000) (1024K)]
  0x00000168c5e70820 WorkerThread "GC Thread#13"                    [id=22240, stack(0x0000005e31c00000,0x0000005e31d00000) (1024K)]
  0x00000168c5e70480 WorkerThread "GC Thread#14"                    [id=19788, stack(0x0000005e31d00000,0x0000005e31e00000) (1024K)]
  0x0000016825a400a0 ConcurrentGCThread "G1 Main Marker"            [id=34084, stack(0x0000005e2e600000,0x0000005e2e700000) (1024K)]
  0x0000016825a42350 WorkerThread "G1 Conc#0"                       [id=15204, stack(0x0000005e2e700000,0x0000005e2e800000) (1024K)]
  0x00000168c5e728c0 WorkerThread "G1 Conc#1"                       [id=8496, stack(0x0000005e31e00000,0x0000005e31f00000) (1024K)]
  0x00000168c5e72c60 WorkerThread "G1 Conc#2"                       [id=15544, stack(0x0000005e31f00000,0x0000005e32000000) (1024K)]
  0x00000168c5e72520 WorkerThread "G1 Conc#3"                       [id=16812, stack(0x0000005e32000000,0x0000005e32100000) (1024K)]
  0x000001684eb51b50 ConcurrentGCThread "G1 Refine#0"               [id=20836, stack(0x0000005e2e800000,0x0000005e2e900000) (1024K)]
  0x000001684eb544e0 ConcurrentGCThread "G1 Service"                [id=23044, stack(0x0000005e2e900000,0x0000005e2ea00000) (1024K)]
Total: 24

Threads with active compile tasks:
C2 CompilerThread0  246836 44869       4       com.intellij.util.ReflectionUtil::isPublic (24 bytes)
C1 CompilerThread0  246836 44909       2       com.intellij.ui.EditorNotificationsImpl::updateEditors (78 bytes)
Total: 2

VM state: not at safepoint (normal execution)

VM Mutex/Monitor currently owned by a thread:  ([mutex/lock_event])
[0x00007ffc84b3e438] MethodCompileQueue_lock - owner thread: 0x000001684ecc6180
[0x00007ffc84b3f8b8] CodeCache_lock - owner thread: 0x000001684ecc6180
[0x00007ffc84b3fa38] Compile_lock - owner thread: 0x000001684ecc6180

Heap address: 0x00000000c0000000, size: 1024 MB, Compressed Oops mode: 32-bit

CDS archive(s) mapped at: [0x000001684f000000-0x000001684fd10000-0x000001684fd10000), size 13697024, SharedBaseAddress: 0x000001684f000000, ArchiveRelocationMode: 1.
Compressed class space mapped at: 0x0000016850000000-0x0000016890000000, reserved size: 1073741824
Narrow klass base: 0x000001684f000000, Narrow klass shift: 0, Narrow klass range: 0x100000000

GC Precious Log:
 CardTable entry size: 512
 Card Set container configuration: InlinePtr #cards 5 size 8 Array Of Cards #cards 12 size 40 Howl #buckets 4 coarsen threshold 1843 Howl Bitmap #cards 512 size 80 coarsen threshold 460 Card regions per heap region 1 cards per card region 2048
 CPUs: 20 total, 20 available
 Memory: 32553M
 Large Page Support: Disabled
 NUMA Support: Disabled
 Compressed Oops: Enabled (32-bit)
 Heap Region Size: 1M
 Heap Min Capacity: 128M
 Heap Initial Capacity: 128M
 Heap Max Capacity: 1G
 Pre-touch: Disabled
 Parallel Workers: 15
 Concurrent Workers: 4
 Concurrent Refinement Workers: 15
 Periodic GC: Disabled

Heap:
 garbage-first heap   total 816128K, used 418877K [0x00000000c0000000, 0x0000000100000000)
  region size 1024K, 93 young (95232K), 43 survivors (44032K)
 Metaspace       used 333505K, committed 338304K, reserved 1376256K
  class space    used 40585K, committed 42688K, reserved 1048576K

Heap Regions: E=young(eden), S=young(survivor), O=old, HS=humongous(starts), HC=humongous(continues), CS=collection set, F=free, TAMS=top-at-mark-start, PB=parsable bottom
|   0|0x00000000c0000000, 0x00000000c0100000, 0x00000000c0100000|100%|HS|  |TAMS 0x00000000c0000000| PB 0x00000000c0000000| Complete 
|   1|0x00000000c0100000, 0x00000000c0200000, 0x00000000c0200000|100%|HS|  |TAMS 0x00000000c0100000| PB 0x00000000c0100000| Complete 
|   2|0x00000000c0200000, 0x00000000c0300000, 0x00000000c0300000|100%| O|  |TAMS 0x00000000c0200000| PB 0x00000000c0200000| Untracked 
|   3|0x00000000c0300000, 0x00000000c0400000, 0x00000000c0400000|100%|HS|  |TAMS 0x00000000c0300000| PB 0x00000000c0300000| Complete 
|   4|0x00000000c0400000, 0x00000000c0500000, 0x00000000c0500000|100%|HC|  |TAMS 0x00000000c0400000| PB 0x00000000c0400000| Complete 
|   5|0x00000000c0500000, 0x00000000c0600000, 0x00000000c0600000|100%|HS|  |TAMS 0x00000000c0500000| PB 0x00000000c0500000| Complete 
|   6|0x00000000c0600000, 0x00000000c0700000, 0x00000000c0700000|100%|HC|  |TAMS 0x00000000c0600000| PB 0x00000000c0600000| Complete 
|   7|0x00000000c0700000, 0x00000000c0800000, 0x00000000c0800000|100%|HS|  |TAMS 0x00000000c0700000| PB 0x00000000c0700000| Complete 
|   8|0x00000000c0800000, 0x00000000c0900000, 0x00000000c0900000|100%|HS|  |TAMS 0x00000000c0800000| PB 0x00000000c0800000| Complete 
|   9|0x00000000c0900000, 0x00000000c09eaa48, 0x00000000c0a00000| 91%| O|  |TAMS 0x00000000c0900000| PB 0x00000000c0900000| Untracked 
|  10|0x00000000c0a00000, 0x00000000c0b00000, 0x00000000c0b00000|100%| O|  |TAMS 0x00000000c0a00000| PB 0x00000000c0a00000| Untracked 
|  11|0x00000000c0b00000, 0x00000000c0bfffe8, 0x00000000c0c00000| 99%| O|  |TAMS 0x00000000c0b00000| PB 0x00000000c0b00000| Untracked 
|  12|0x00000000c0c00000, 0x00000000c0d00000, 0x00000000c0d00000|100%| O|  |TAMS 0x00000000c0c00000| PB 0x00000000c0c00000| Untracked 
|  13|0x00000000c0d00000, 0x00000000c0e00000, 0x00000000c0e00000|100%| O|  |TAMS 0x00000000c0d00000| PB 0x00000000c0d00000| Untracked 
|  14|0x00000000c0e00000, 0x00000000c0f00000, 0x00000000c0f00000|100%| O|  |TAMS 0x00000000c0e00000| PB 0x00000000c0e00000| Untracked 
|  15|0x00000000c0f00000, 0x00000000c1000000, 0x00000000c1000000|100%| O|  |TAMS 0x00000000c0f00000| PB 0x00000000c0f00000| Untracked 
|  16|0x00000000c1000000, 0x00000000c10ffff0, 0x00000000c1100000| 99%| O|  |TAMS 0x00000000c1000000| PB 0x00000000c1000000| Untracked 
|  17|0x00000000c1100000, 0x00000000c1200000, 0x00000000c1200000|100%| O|  |TAMS 0x00000000c1100000| PB 0x00000000c1100000| Untracked 
|  18|0x00000000c1200000, 0x00000000c1300000, 0x00000000c1300000|100%|HS|  |TAMS 0x00000000c1200000| PB 0x00000000c1200000| Complete 
|  19|0x00000000c1300000, 0x00000000c1400000, 0x00000000c1400000|100%|HS|  |TAMS 0x00000000c1300000| PB 0x00000000c1300000| Complete 
|  20|0x00000000c1400000, 0x00000000c14fffe8, 0x00000000c1500000| 99%| O|  |TAMS 0x00000000c1400000| PB 0x00000000c1400000| Untracked 
|  21|0x00000000c1500000, 0x00000000c1600000, 0x00000000c1600000|100%|HS|  |TAMS 0x00000000c1500000| PB 0x00000000c1500000| Complete 
|  22|0x00000000c1600000, 0x00000000c1700000, 0x00000000c1700000|100%| O|  |TAMS 0x00000000c1600000| PB 0x00000000c1600000| Untracked 
|  23|0x00000000c1700000, 0x00000000c1800000, 0x00000000c1800000|100%| O|  |TAMS 0x00000000c1700000| PB 0x00000000c1700000| Untracked 
|  24|0x00000000c1800000, 0x00000000c1900000, 0x00000000c1900000|100%| O|  |TAMS 0x00000000c1800000| PB 0x00000000c1800000| Untracked 
|  25|0x00000000c1900000, 0x00000000c1a00000, 0x00000000c1a00000|100%| O|  |TAMS 0x00000000c1900000| PB 0x00000000c1900000| Untracked 
|  26|0x00000000c1a00000, 0x00000000c1b00000, 0x00000000c1b00000|100%| O|  |TAMS 0x00000000c1a00000| PB 0x00000000c1a00000| Untracked 
|  27|0x00000000c1b00000, 0x00000000c1c00000, 0x00000000c1c00000|100%| O|  |TAMS 0x00000000c1b00000| PB 0x00000000c1b00000| Untracked 
|  28|0x00000000c1c00000, 0x00000000c1d00000, 0x00000000c1d00000|100%| O|  |TAMS 0x00000000c1c00000| PB 0x00000000c1c00000| Untracked 
|  29|0x00000000c1d00000, 0x00000000c1e00000, 0x00000000c1e00000|100%| O|  |TAMS 0x00000000c1d00000| PB 0x00000000c1d00000| Untracked 
|  30|0x00000000c1e00000, 0x00000000c1f00000, 0x00000000c1f00000|100%| O|  |TAMS 0x00000000c1e00000| PB 0x00000000c1e00000| Untracked 
|  31|0x00000000c1f00000, 0x00000000c1ffe2b0, 0x00000000c2000000| 99%| O|  |TAMS 0x00000000c1f00000| PB 0x00000000c1f00000| Untracked 
|  32|0x00000000c2000000, 0x00000000c2100000, 0x00000000c2100000|100%| O|  |TAMS 0x00000000c2000000| PB 0x00000000c2000000| Untracked 
|  33|0x00000000c2100000, 0x00000000c21ffff0, 0x00000000c2200000| 99%| O|  |TAMS 0x00000000c2100000| PB 0x00000000c2100000| Untracked 
|  34|0x00000000c2200000, 0x00000000c2300000, 0x00000000c2300000|100%| O|  |TAMS 0x00000000c2200000| PB 0x00000000c2200000| Untracked 
|  35|0x00000000c2300000, 0x00000000c23ffff0, 0x00000000c2400000| 99%| O|  |TAMS 0x00000000c2300000| PB 0x00000000c2300000| Untracked 
|  36|0x00000000c2400000, 0x00000000c2500000, 0x00000000c2500000|100%| O|  |TAMS 0x00000000c2400000| PB 0x00000000c2400000| Untracked 
|  37|0x00000000c2500000, 0x00000000c2600000, 0x00000000c2600000|100%| O|  |TAMS 0x00000000c2500000| PB 0x00000000c2500000| Untracked 
|  38|0x00000000c2600000, 0x00000000c2700000, 0x00000000c2700000|100%|HS|  |TAMS 0x00000000c2600000| PB 0x00000000c2600000| Complete 
|  39|0x00000000c2700000, 0x00000000c2800000, 0x00000000c2800000|100%|HS|  |TAMS 0x00000000c2700000| PB 0x00000000c2700000| Complete 
|  40|0x00000000c2800000, 0x00000000c28fffb8, 0x00000000c2900000| 99%| O|  |TAMS 0x00000000c2800000| PB 0x00000000c2800000| Untracked 
|  41|0x00000000c2900000, 0x00000000c29fff68, 0x00000000c2a00000| 99%| O|  |TAMS 0x00000000c2900000| PB 0x00000000c2900000| Untracked 
|  42|0x00000000c2a00000, 0x00000000c2afffe8, 0x00000000c2b00000| 99%| O|  |TAMS 0x00000000c2a00000| PB 0x00000000c2a00000| Untracked 
|  43|0x00000000c2b00000, 0x00000000c2bfffd0, 0x00000000c2c00000| 99%| O|  |TAMS 0x00000000c2b00000| PB 0x00000000c2b00000| Untracked 
|  44|0x00000000c2c00000, 0x00000000c2cffff0, 0x00000000c2d00000| 99%| O|  |TAMS 0x00000000c2c00000| PB 0x00000000c2c00000| Untracked 
|  45|0x00000000c2d00000, 0x00000000c2dfffc8, 0x00000000c2e00000| 99%| O|  |TAMS 0x00000000c2d00000| PB 0x00000000c2d00000| Untracked 
|  46|0x00000000c2e00000, 0x00000000c2f00000, 0x00000000c2f00000|100%|HS|  |TAMS 0x00000000c2e00000| PB 0x00000000c2e00000| Complete 
|  47|0x00000000c2f00000, 0x00000000c3000000, 0x00000000c3000000|100%|HC|  |TAMS 0x00000000c2f00000| PB 0x00000000c2f00000| Complete 
|  48|0x00000000c3000000, 0x00000000c3100000, 0x00000000c3100000|100%|HC|  |TAMS 0x00000000c3000000| PB 0x00000000c3000000| Complete 
|  49|0x00000000c3100000, 0x00000000c3200000, 0x00000000c3200000|100%|HS|  |TAMS 0x00000000c3100000| PB 0x00000000c3100000| Complete 
|  50|0x00000000c3200000, 0x00000000c3300000, 0x00000000c3300000|100%|HS|  |TAMS 0x00000000c3200000| PB 0x00000000c3200000| Complete 
|  51|0x00000000c3300000, 0x00000000c3400000, 0x00000000c3400000|100%| O|  |TAMS 0x00000000c3300000| PB 0x00000000c3300000| Untracked 
|  52|0x00000000c3400000, 0x00000000c3500000, 0x00000000c3500000|100%| O|  |TAMS 0x00000000c3400000| PB 0x00000000c3400000| Untracked 
|  53|0x00000000c3500000, 0x00000000c3600000, 0x00000000c3600000|100%| O|  |TAMS 0x00000000c3500000| PB 0x00000000c3500000| Untracked 
|  54|0x00000000c3600000, 0x00000000c3700000, 0x00000000c3700000|100%| O|  |TAMS 0x00000000c3600000| PB 0x00000000c3600000| Untracked 
|  55|0x00000000c3700000, 0x00000000c37fffe8, 0x00000000c3800000| 99%| O|  |TAMS 0x00000000c3700000| PB 0x00000000c3700000| Untracked 
|  56|0x00000000c3800000, 0x00000000c38ffff0, 0x00000000c3900000| 99%| O|  |TAMS 0x00000000c3800000| PB 0x00000000c3800000| Untracked 
|  57|0x00000000c3900000, 0x00000000c3a00000, 0x00000000c3a00000|100%| O|  |TAMS 0x00000000c3900000| PB 0x00000000c3900000| Untracked 
|  58|0x00000000c3a00000, 0x00000000c3b00000, 0x00000000c3b00000|100%| O|  |TAMS 0x00000000c3a00000| PB 0x00000000c3a00000| Untracked 
|  59|0x00000000c3b00000, 0x00000000c3bffff8, 0x00000000c3c00000| 99%| O|  |TAMS 0x00000000c3b00000| PB 0x00000000c3b00000| Untracked 
|  60|0x00000000c3c00000, 0x00000000c3d00000, 0x00000000c3d00000|100%| O|  |TAMS 0x00000000c3c00000| PB 0x00000000c3c00000| Untracked 
|  61|0x00000000c3d00000, 0x00000000c3e00000, 0x00000000c3e00000|100%| O|  |TAMS 0x00000000c3d00000| PB 0x00000000c3d00000| Untracked 
|  62|0x00000000c3e00000, 0x00000000c3efffa8, 0x00000000c3f00000| 99%| O|  |TAMS 0x00000000c3e00000| PB 0x00000000c3e00000| Untracked 
|  63|0x00000000c3f00000, 0x00000000c3fffff8, 0x00000000c4000000| 99%| O|Cm|TAMS 0x00000000c3f00000| PB 0x00000000c3f00000| Complete 
|  64|0x00000000c4000000, 0x00000000c40fff60, 0x00000000c4100000| 99%| O|  |TAMS 0x00000000c4000000| PB 0x00000000c4000000| Untracked 
|  65|0x00000000c4100000, 0x00000000c41fffe0, 0x00000000c4200000| 99%| O|  |TAMS 0x00000000c4100000| PB 0x00000000c4100000| Untracked 
|  66|0x00000000c4200000, 0x00000000c42fffe8, 0x00000000c4300000| 99%| O|  |TAMS 0x00000000c4200000| PB 0x00000000c4200000| Untracked 
|  67|0x00000000c4300000, 0x00000000c4400000, 0x00000000c4400000|100%| O|  |TAMS 0x00000000c4300000| PB 0x00000000c4300000| Untracked 
|  68|0x00000000c4400000, 0x00000000c44ffff0, 0x00000000c4500000| 99%| O|  |TAMS 0x00000000c4400000| PB 0x00000000c4400000| Untracked 
|  69|0x00000000c4500000, 0x00000000c4600000, 0x00000000c4600000|100%| O|  |TAMS 0x00000000c4500000| PB 0x00000000c4500000| Untracked 
|  70|0x00000000c4600000, 0x00000000c4700000, 0x00000000c4700000|100%| O|Cm|TAMS 0x00000000c4600000| PB 0x00000000c4600000| Complete 
|  71|0x00000000c4700000, 0x00000000c47fffe8, 0x00000000c4800000| 99%| O|  |TAMS 0x00000000c4700000| PB 0x00000000c4700000| Untracked 
|  72|0x00000000c4800000, 0x00000000c4900000, 0x00000000c4900000|100%| O|  |TAMS 0x00000000c4800000| PB 0x00000000c4800000| Untracked 
|  73|0x00000000c4900000, 0x00000000c4a00000, 0x00000000c4a00000|100%| O|  |TAMS 0x00000000c4900000| PB 0x00000000c4900000| Untracked 
|  74|0x00000000c4a00000, 0x00000000c4b00000, 0x00000000c4b00000|100%| O|  |TAMS 0x00000000c4a00000| PB 0x00000000c4a00000| Untracked 
|  75|0x00000000c4b00000, 0x00000000c4c00000, 0x00000000c4c00000|100%| O|  |TAMS 0x00000000c4b00000| PB 0x00000000c4b00000| Untracked 
|  76|0x00000000c4c00000, 0x00000000c4cffff8, 0x00000000c4d00000| 99%| O|  |TAMS 0x00000000c4c00000| PB 0x00000000c4c00000| Untracked 
|  77|0x00000000c4d00000, 0x00000000c4dfffe8, 0x00000000c4e00000| 99%| O|  |TAMS 0x00000000c4d00000| PB 0x00000000c4d00000| Untracked 
|  78|0x00000000c4e00000, 0x00000000c4f00000, 0x00000000c4f00000|100%| O|  |TAMS 0x00000000c4e00000| PB 0x00000000c4e00000| Untracked 
|  79|0x00000000c4f00000, 0x00000000c4ffffc8, 0x00000000c5000000| 99%| O|  |TAMS 0x00000000c4f00000| PB 0x00000000c4f00000| Untracked 
|  80|0x00000000c5000000, 0x00000000c5100000, 0x00000000c5100000|100%| O|  |TAMS 0x00000000c5000000| PB 0x00000000c5000000| Untracked 
|  81|0x00000000c5100000, 0x00000000c5200000, 0x00000000c5200000|100%| O|  |TAMS 0x00000000c5100000| PB 0x00000000c5100000| Untracked 
|  82|0x00000000c5200000, 0x00000000c52ffff8, 0x00000000c5300000| 99%| O|  |TAMS 0x00000000c5200000| PB 0x00000000c5200000| Untracked 
|  83|0x00000000c5300000, 0x00000000c53fffe0, 0x00000000c5400000| 99%| O|  |TAMS 0x00000000c5300000| PB 0x00000000c5300000| Untracked 
|  84|0x00000000c5400000, 0x00000000c54ffff8, 0x00000000c5500000| 99%| O|  |TAMS 0x00000000c5400000| PB 0x00000000c5400000| Untracked 
|  85|0x00000000c5500000, 0x00000000c55fffa0, 0x00000000c5600000| 99%| O|  |TAMS 0x00000000c5500000| PB 0x00000000c5500000| Untracked 
|  86|0x00000000c5600000, 0x00000000c5700000, 0x00000000c5700000|100%| O|  |TAMS 0x00000000c5600000| PB 0x00000000c5600000| Untracked 
|  87|0x00000000c5700000, 0x00000000c57ffff0, 0x00000000c5800000| 99%| O|  |TAMS 0x00000000c5700000| PB 0x00000000c5700000| Untracked 
|  88|0x00000000c5800000, 0x00000000c5900000, 0x00000000c5900000|100%| O|  |TAMS 0x00000000c5800000| PB 0x00000000c5800000| Untracked 
|  89|0x00000000c5900000, 0x00000000c5a00000, 0x00000000c5a00000|100%| O|Cm|TAMS 0x00000000c5900000| PB 0x00000000c5900000| Complete 
|  90|0x00000000c5a00000, 0x00000000c5afffd0, 0x00000000c5b00000| 99%| O|  |TAMS 0x00000000c5a00000| PB 0x00000000c5a00000| Untracked 
|  91|0x00000000c5b00000, 0x00000000c5bfff70, 0x00000000c5c00000| 99%| O|  |TAMS 0x00000000c5b00000| PB 0x00000000c5b00000| Untracked 
|  92|0x00000000c5c00000, 0x00000000c5cfffb8, 0x00000000c5d00000| 99%| O|  |TAMS 0x00000000c5c00000| PB 0x00000000c5c00000| Untracked 
|  93|0x00000000c5d00000, 0x00000000c5df9360, 0x00000000c5e00000| 97%| O|  |TAMS 0x00000000c5d00000| PB 0x00000000c5d00000| Untracked 
|  94|0x00000000c5e00000, 0x00000000c5efffd0, 0x00000000c5f00000| 99%| O|  |TAMS 0x00000000c5e00000| PB 0x00000000c5e00000| Untracked 
|  95|0x00000000c5f00000, 0x00000000c5fffff0, 0x00000000c6000000| 99%| O|  |TAMS 0x00000000c5f00000| PB 0x00000000c5f00000| Untracked 
|  96|0x00000000c6000000, 0x00000000c60ffff8, 0x00000000c6100000| 99%| O|  |TAMS 0x00000000c6000000| PB 0x00000000c6000000| Untracked 
|  97|0x00000000c6100000, 0x00000000c61ffff8, 0x00000000c6200000| 99%| O|  |TAMS 0x00000000c6100000| PB 0x00000000c6100000| Untracked 
|  98|0x00000000c6200000, 0x00000000c62fffc0, 0x00000000c6300000| 99%| O|  |TAMS 0x00000000c6200000| PB 0x00000000c6200000| Untracked 
|  99|0x00000000c6300000, 0x00000000c63fffe0, 0x00000000c6400000| 99%| O|  |TAMS 0x00000000c6300000| PB 0x00000000c6300000| Untracked 
| 100|0x00000000c6400000, 0x00000000c64ffff0, 0x00000000c6500000| 99%| O|  |TAMS 0x00000000c6400000| PB 0x00000000c6400000| Untracked 
| 101|0x00000000c6500000, 0x00000000c6600000, 0x00000000c6600000|100%| O|  |TAMS 0x00000000c6500000| PB 0x00000000c6500000| Untracked 
| 102|0x00000000c6600000, 0x00000000c66ffff0, 0x00000000c6700000| 99%| O|  |TAMS 0x00000000c6600000| PB 0x00000000c6600000| Untracked 
| 103|0x00000000c6700000, 0x00000000c6800000, 0x00000000c6800000|100%| O|  |TAMS 0x00000000c6700000| PB 0x00000000c6700000| Untracked 
| 104|0x00000000c6800000, 0x00000000c6900000, 0x00000000c6900000|100%| O|  |TAMS 0x00000000c6800000| PB 0x00000000c6800000| Untracked 
| 105|0x00000000c6900000, 0x00000000c69ffff0, 0x00000000c6a00000| 99%| O|  |TAMS 0x00000000c6900000| PB 0x00000000c6900000| Untracked 
| 106|0x00000000c6a00000, 0x00000000c6affdf8, 0x00000000c6b00000| 99%| O|  |TAMS 0x00000000c6a00000| PB 0x00000000c6a00000| Untracked 
| 107|0x00000000c6b00000, 0x00000000c6c00000, 0x00000000c6c00000|100%| O|  |TAMS 0x00000000c6b00000| PB 0x00000000c6b00000| Untracked 
| 108|0x00000000c6c00000, 0x00000000c6d00000, 0x00000000c6d00000|100%| O|  |TAMS 0x00000000c6c00000| PB 0x00000000c6c00000| Untracked 
| 109|0x00000000c6d00000, 0x00000000c6dfffe0, 0x00000000c6e00000| 99%| O|  |TAMS 0x00000000c6d00000| PB 0x00000000c6d00000| Untracked 
| 110|0x00000000c6e00000, 0x00000000c6efffb0, 0x00000000c6f00000| 99%| O|  |TAMS 0x00000000c6e00000| PB 0x00000000c6e00000| Untracked 
| 111|0x00000000c6f00000, 0x00000000c6fc9c10, 0x00000000c7000000| 78%| O|  |TAMS 0x00000000c6f00000| PB 0x00000000c6f00000| Untracked 
| 112|0x00000000c7000000, 0x00000000c70ffff8, 0x00000000c7100000| 99%| O|  |TAMS 0x00000000c7000000| PB 0x00000000c7000000| Untracked 
| 113|0x00000000c7100000, 0x00000000c71ffff8, 0x00000000c7200000| 99%| O|  |TAMS 0x00000000c7100000| PB 0x00000000c7100000| Untracked 
| 114|0x00000000c7200000, 0x00000000c72ffff0, 0x00000000c7300000| 99%| O|  |TAMS 0x00000000c7200000| PB 0x00000000c7200000| Untracked 
| 115|0x00000000c7300000, 0x00000000c73fffa0, 0x00000000c7400000| 99%| O|  |TAMS 0x00000000c7300000| PB 0x00000000c7300000| Untracked 
| 116|0x00000000c7400000, 0x00000000c7500000, 0x00000000c7500000|100%| O|  |TAMS 0x00000000c7400000| PB 0x00000000c7400000| Untracked 
| 117|0x00000000c7500000, 0x00000000c7600000, 0x00000000c7600000|100%| O|  |TAMS 0x00000000c7500000| PB 0x00000000c7500000| Untracked 
| 118|0x00000000c7600000, 0x00000000c76ffff8, 0x00000000c7700000| 99%| O|  |TAMS 0x00000000c7600000| PB 0x00000000c7600000| Untracked 
| 119|0x00000000c7700000, 0x00000000c77ffff8, 0x00000000c7800000| 99%| O|Cm|TAMS 0x00000000c7700000| PB 0x00000000c7700000| Complete 
| 120|0x00000000c7800000, 0x00000000c78dd0a0, 0x00000000c7900000| 86%| O|  |TAMS 0x00000000c7800000| PB 0x00000000c7800000| Untracked 
| 121|0x00000000c7900000, 0x00000000c79ffff0, 0x00000000c7a00000| 99%| O|  |TAMS 0x00000000c7900000| PB 0x00000000c7900000| Untracked 
| 122|0x00000000c7a00000, 0x00000000c7b00000, 0x00000000c7b00000|100%|HS|  |TAMS 0x00000000c7a00000| PB 0x00000000c7a00000| Complete 
| 123|0x00000000c7b00000, 0x00000000c7c00000, 0x00000000c7c00000|100%|HC|  |TAMS 0x00000000c7b00000| PB 0x00000000c7b00000| Complete 
| 124|0x00000000c7c00000, 0x00000000c7d00000, 0x00000000c7d00000|100%|HC|  |TAMS 0x00000000c7c00000| PB 0x00000000c7c00000| Complete 
| 125|0x00000000c7d00000, 0x00000000c7e00000, 0x00000000c7e00000|100%|HC|  |TAMS 0x00000000c7d00000| PB 0x00000000c7d00000| Complete 
| 126|0x00000000c7e00000, 0x00000000c7f00000, 0x00000000c7f00000|100%|HC|  |TAMS 0x00000000c7e00000| PB 0x00000000c7e00000| Complete 
| 127|0x00000000c7f00000, 0x00000000c8000000, 0x00000000c8000000|100%|HC|  |TAMS 0x00000000c7f00000| PB 0x00000000c7f00000| Complete 
| 128|0x00000000c8000000, 0x00000000c8100000, 0x00000000c8100000|100%|HC|  |TAMS 0x00000000c8000000| PB 0x00000000c8000000| Complete 
| 129|0x00000000c8100000, 0x00000000c8200000, 0x00000000c8200000|100%|HC|  |TAMS 0x00000000c8100000| PB 0x00000000c8100000| Complete 
| 130|0x00000000c8200000, 0x00000000c8300000, 0x00000000c8300000|100%|HC|  |TAMS 0x00000000c8200000| PB 0x00000000c8200000| Complete 
| 131|0x00000000c8300000, 0x00000000c8400000, 0x00000000c8400000|100%|HC|  |TAMS 0x00000000c8300000| PB 0x00000000c8300000| Complete 
| 132|0x00000000c8400000, 0x00000000c8500000, 0x00000000c8500000|100%|HC|  |TAMS 0x00000000c8400000| PB 0x00000000c8400000| Complete 
| 133|0x00000000c8500000, 0x00000000c8600000, 0x00000000c8600000|100%|HC|  |TAMS 0x00000000c8500000| PB 0x00000000c8500000| Complete 
| 134|0x00000000c8600000, 0x00000000c8700000, 0x00000000c8700000|100%|HC|  |TAMS 0x00000000c8600000| PB 0x00000000c8600000| Complete 
| 135|0x00000000c8700000, 0x00000000c8800000, 0x00000000c8800000|100%|HC|  |TAMS 0x00000000c8700000| PB 0x00000000c8700000| Complete 
| 136|0x00000000c8800000, 0x00000000c88fffe8, 0x00000000c8900000| 99%| O|  |TAMS 0x00000000c8800000| PB 0x00000000c8800000| Untracked 
| 137|0x00000000c8900000, 0x00000000c89fffd0, 0x00000000c8a00000| 99%| O|  |TAMS 0x00000000c8900000| PB 0x00000000c8900000| Untracked 
| 138|0x00000000c8a00000, 0x00000000c8affff8, 0x00000000c8b00000| 99%| O|  |TAMS 0x00000000c8a00000| PB 0x00000000c8a00000| Untracked 
| 139|0x00000000c8b00000, 0x00000000c8c00000, 0x00000000c8c00000|100%| O|  |TAMS 0x00000000c8b00000| PB 0x00000000c8b00000| Untracked 
| 140|0x00000000c8c00000, 0x00000000c8cffff0, 0x00000000c8d00000| 99%| O|  |TAMS 0x00000000c8c00000| PB 0x00000000c8c00000| Untracked 
| 141|0x00000000c8d00000, 0x00000000c8e00000, 0x00000000c8e00000|100%| O|  |TAMS 0x00000000c8d00000| PB 0x00000000c8d00000| Untracked 
| 142|0x00000000c8e00000, 0x00000000c8efffc0, 0x00000000c8f00000| 99%| O|  |TAMS 0x00000000c8e00000| PB 0x00000000c8e00000| Untracked 
| 143|0x00000000c8f00000, 0x00000000c8fffff0, 0x00000000c9000000| 99%| O|  |TAMS 0x00000000c8f00000| PB 0x00000000c8f00000| Untracked 
| 144|0x00000000c9000000, 0x00000000c90ff220, 0x00000000c9100000| 99%| O|  |TAMS 0x00000000c9000000| PB 0x00000000c9000000| Untracked 
| 145|0x00000000c9100000, 0x00000000c91ffff0, 0x00000000c9200000| 99%| O|  |TAMS 0x00000000c9100000| PB 0x00000000c9100000| Untracked 
| 146|0x00000000c9200000, 0x00000000c92fffd0, 0x00000000c9300000| 99%| O|  |TAMS 0x00000000c9200000| PB 0x00000000c9200000| Untracked 
| 147|0x00000000c9300000, 0x00000000c9400000, 0x00000000c9400000|100%| O|  |TAMS 0x00000000c9300000| PB 0x00000000c9300000| Untracked 
| 148|0x00000000c9400000, 0x00000000c9500000, 0x00000000c9500000|100%|HS|  |TAMS 0x00000000c9400000| PB 0x00000000c9400000| Complete 
| 149|0x00000000c9500000, 0x00000000c9600000, 0x00000000c9600000|100%|HC|  |TAMS 0x00000000c9500000| PB 0x00000000c9500000| Complete 
| 150|0x00000000c9600000, 0x00000000c9700000, 0x00000000c9700000|100%|HC|  |TAMS 0x00000000c9600000| PB 0x00000000c9600000| Complete 
| 151|0x00000000c9700000, 0x00000000c9800000, 0x00000000c9800000|100%|HC|  |TAMS 0x00000000c9700000| PB 0x00000000c9700000| Complete 
| 152|0x00000000c9800000, 0x00000000c9900000, 0x00000000c9900000|100%|HC|  |TAMS 0x00000000c9800000| PB 0x00000000c9800000| Complete 
| 153|0x00000000c9900000, 0x00000000c9a00000, 0x00000000c9a00000|100%|HC|  |TAMS 0x00000000c9900000| PB 0x00000000c9900000| Complete 
| 154|0x00000000c9a00000, 0x00000000c9b00000, 0x00000000c9b00000|100%|HS|  |TAMS 0x00000000c9a00000| PB 0x00000000c9a00000| Complete 
| 155|0x00000000c9b00000, 0x00000000c9c00000, 0x00000000c9c00000|100%| O|Cm|TAMS 0x00000000c9b00000| PB 0x00000000c9b00000| Complete 
| 156|0x00000000c9c00000, 0x00000000c9cffff8, 0x00000000c9d00000| 99%| O|  |TAMS 0x00000000c9c00000| PB 0x00000000c9c00000| Untracked 
| 157|0x00000000c9d00000, 0x00000000c9e00000, 0x00000000c9e00000|100%| O|  |TAMS 0x00000000c9d00000| PB 0x00000000c9d00000| Untracked 
| 158|0x00000000c9e00000, 0x00000000c9ee5118, 0x00000000c9f00000| 89%| O|  |TAMS 0x00000000c9e00000| PB 0x00000000c9e00000| Untracked 
| 159|0x00000000c9f00000, 0x00000000ca000000, 0x00000000ca000000|100%| O|  |TAMS 0x00000000c9f00000| PB 0x00000000c9f00000| Untracked 
| 160|0x00000000ca000000, 0x00000000ca0ffff8, 0x00000000ca100000| 99%| O|  |TAMS 0x00000000ca000000| PB 0x00000000ca000000| Untracked 
| 161|0x00000000ca100000, 0x00000000ca1ff578, 0x00000000ca200000| 99%| O|  |TAMS 0x00000000ca100000| PB 0x00000000ca100000| Untracked 
| 162|0x00000000ca200000, 0x00000000ca300000, 0x00000000ca300000|100%| O|  |TAMS 0x00000000ca200000| PB 0x00000000ca200000| Untracked 
| 163|0x00000000ca300000, 0x00000000ca400000, 0x00000000ca400000|100%| O|  |TAMS 0x00000000ca300000| PB 0x00000000ca300000| Untracked 
| 164|0x00000000ca400000, 0x00000000ca500000, 0x00000000ca500000|100%|HS|  |TAMS 0x00000000ca400000| PB 0x00000000ca400000| Untracked 
| 165|0x00000000ca500000, 0x00000000ca5fffd8, 0x00000000ca600000| 99%| O|  |TAMS 0x00000000ca500000| PB 0x00000000ca500000| Untracked 
| 166|0x00000000ca600000, 0x00000000ca6ffff8, 0x00000000ca700000| 99%| O|  |TAMS 0x00000000ca600000| PB 0x00000000ca600000| Untracked 
| 167|0x00000000ca700000, 0x00000000ca7fff00, 0x00000000ca800000| 99%| O|  |TAMS 0x00000000ca700000| PB 0x00000000ca700000| Untracked 
| 168|0x00000000ca800000, 0x00000000ca900000, 0x00000000ca900000|100%| O|  |TAMS 0x00000000ca800000| PB 0x00000000ca800000| Untracked 
| 169|0x00000000ca900000, 0x00000000ca9fffc0, 0x00000000caa00000| 99%| O|  |TAMS 0x00000000ca900000| PB 0x00000000ca900000| Untracked 
| 170|0x00000000caa00000, 0x00000000caafff58, 0x00000000cab00000| 99%| O|  |TAMS 0x00000000caa00000| PB 0x00000000caa00000| Untracked 
| 171|0x00000000cab00000, 0x00000000cabfc438, 0x00000000cac00000| 98%| O|  |TAMS 0x00000000cab00000| PB 0x00000000cab00000| Untracked 
| 172|0x00000000cac00000, 0x00000000cacffff0, 0x00000000cad00000| 99%| O|  |TAMS 0x00000000cac00000| PB 0x00000000cac00000| Untracked 
| 173|0x00000000cad00000, 0x00000000cae00000, 0x00000000cae00000|100%| O|  |TAMS 0x00000000cad00000| PB 0x00000000cad00000| Untracked 
| 174|0x00000000cae00000, 0x00000000caec7320, 0x00000000caf00000| 77%| O|  |TAMS 0x00000000cae00000| PB 0x00000000cae00000| Untracked 
| 175|0x00000000caf00000, 0x00000000caffe8b0, 0x00000000cb000000| 99%| O|  |TAMS 0x00000000caf00000| PB 0x00000000caf00000| Untracked 
| 176|0x00000000cb000000, 0x00000000cb0fffd8, 0x00000000cb100000| 99%| O|  |TAMS 0x00000000cb000000| PB 0x00000000cb000000| Untracked 
| 177|0x00000000cb100000, 0x00000000cb1ffff0, 0x00000000cb200000| 99%| O|  |TAMS 0x00000000cb100000| PB 0x00000000cb100000| Untracked 
| 178|0x00000000cb200000, 0x00000000cb2fffe8, 0x00000000cb300000| 99%| O|  |TAMS 0x00000000cb200000| PB 0x00000000cb200000| Untracked 
| 179|0x00000000cb300000, 0x00000000cb3ffff8, 0x00000000cb400000| 99%| O|  |TAMS 0x00000000cb300000| PB 0x00000000cb300000| Untracked 
| 180|0x00000000cb400000, 0x00000000cb4fffd8, 0x00000000cb500000| 99%| O|  |TAMS 0x00000000cb400000| PB 0x00000000cb400000| Untracked 
| 181|0x00000000cb500000, 0x00000000cb5fd020, 0x00000000cb600000| 98%| O|  |TAMS 0x00000000cb500000| PB 0x00000000cb500000| Untracked 
| 182|0x00000000cb600000, 0x00000000cb6fffe0, 0x00000000cb700000| 99%| O|  |TAMS 0x00000000cb600000| PB 0x00000000cb600000| Untracked 
| 183|0x00000000cb700000, 0x00000000cb800000, 0x00000000cb800000|100%|HS|  |TAMS 0x00000000cb700000| PB 0x00000000cb700000| Complete 
| 184|0x00000000cb800000, 0x00000000cb900000, 0x00000000cb900000|100%| O|  |TAMS 0x00000000cb800000| PB 0x00000000cb800000| Untracked 
| 185|0x00000000cb900000, 0x00000000cb9fffe0, 0x00000000cba00000| 99%| O|  |TAMS 0x00000000cb900000| PB 0x00000000cb900000| Untracked 
| 186|0x00000000cba00000, 0x00000000cbaffff0, 0x00000000cbb00000| 99%| O|  |TAMS 0x00000000cba00000| PB 0x00000000cba00000| Untracked 
| 187|0x00000000cbb00000, 0x00000000cbc00000, 0x00000000cbc00000|100%| O|  |TAMS 0x00000000cbb00000| PB 0x00000000cbb00000| Untracked 
| 188|0x00000000cbc00000, 0x00000000cbcffff0, 0x00000000cbd00000| 99%| O|  |TAMS 0x00000000cbc00000| PB 0x00000000cbc00000| Untracked 
| 189|0x00000000cbd00000, 0x00000000cbe00000, 0x00000000cbe00000|100%| O|  |TAMS 0x00000000cbd00000| PB 0x00000000cbd00000| Untracked 
| 190|0x00000000cbe00000, 0x00000000cbefffb8, 0x00000000cbf00000| 99%| O|  |TAMS 0x00000000cbe00000| PB 0x00000000cbe00000| Untracked 
| 191|0x00000000cbf00000, 0x00000000cbfffff8, 0x00000000cc000000| 99%| O|  |TAMS 0x00000000cbf00000| PB 0x00000000cbf00000| Untracked 
| 192|0x00000000cc000000, 0x00000000cc0fa6f0, 0x00000000cc100000| 97%| O|  |TAMS 0x00000000cc000000| PB 0x00000000cc000000| Untracked 
| 193|0x00000000cc100000, 0x00000000cc1ffff8, 0x00000000cc200000| 99%| O|  |TAMS 0x00000000cc100000| PB 0x00000000cc100000| Untracked 
| 194|0x00000000cc200000, 0x00000000cc300000, 0x00000000cc300000|100%| O|  |TAMS 0x00000000cc200000| PB 0x00000000cc200000| Untracked 
| 195|0x00000000cc300000, 0x00000000cc3ffff0, 0x00000000cc400000| 99%| O|  |TAMS 0x00000000cc300000| PB 0x00000000cc300000| Untracked 
| 196|0x00000000cc400000, 0x00000000cc4ffff8, 0x00000000cc500000| 99%| O|  |TAMS 0x00000000cc400000| PB 0x00000000cc400000| Untracked 
| 197|0x00000000cc500000, 0x00000000cc5ffff8, 0x00000000cc600000| 99%| O|  |TAMS 0x00000000cc500000| PB 0x00000000cc500000| Untracked 
| 198|0x00000000cc600000, 0x00000000cc700000, 0x00000000cc700000|100%| O|  |TAMS 0x00000000cc600000| PB 0x00000000cc600000| Untracked 
| 199|0x00000000cc700000, 0x00000000cc7f9008, 0x00000000cc800000| 97%| O|  |TAMS 0x00000000cc700000| PB 0x00000000cc700000| Untracked 
| 200|0x00000000cc800000, 0x00000000cc8fffe0, 0x00000000cc900000| 99%| O|  |TAMS 0x00000000cc800000| PB 0x00000000cc800000| Untracked 
| 201|0x00000000cc900000, 0x00000000cc9ffff8, 0x00000000cca00000| 99%| O|  |TAMS 0x00000000cc900000| PB 0x00000000cc900000| Untracked 
| 202|0x00000000cca00000, 0x00000000ccafffe8, 0x00000000ccb00000| 99%| O|  |TAMS 0x00000000cca00000| PB 0x00000000cca00000| Untracked 
| 203|0x00000000ccb00000, 0x00000000ccbfffd0, 0x00000000ccc00000| 99%| O|  |TAMS 0x00000000ccb00000| PB 0x00000000ccb00000| Untracked 
| 204|0x00000000ccc00000, 0x00000000cccfffe8, 0x00000000ccd00000| 99%| O|  |TAMS 0x00000000ccc00000| PB 0x00000000ccc00000| Untracked 
| 205|0x00000000ccd00000, 0x00000000cce00000, 0x00000000cce00000|100%| O|  |TAMS 0x00000000ccd00000| PB 0x00000000ccd00000| Untracked 
| 206|0x00000000cce00000, 0x00000000ccf00000, 0x00000000ccf00000|100%| O|  |TAMS 0x00000000cce00000| PB 0x00000000cce00000| Untracked 
| 207|0x00000000ccf00000, 0x00000000ccfffff8, 0x00000000cd000000| 99%| O|  |TAMS 0x00000000ccf00000| PB 0x00000000ccf00000| Untracked 
| 208|0x00000000cd000000, 0x00000000cd0fffe8, 0x00000000cd100000| 99%| O|  |TAMS 0x00000000cd000000| PB 0x00000000cd000000| Untracked 
| 209|0x00000000cd100000, 0x00000000cd200000, 0x00000000cd200000|100%| O|  |TAMS 0x00000000cd100000| PB 0x00000000cd100000| Untracked 
| 210|0x00000000cd200000, 0x00000000cd2ffff0, 0x00000000cd300000| 99%| O|  |TAMS 0x00000000cd200000| PB 0x00000000cd200000| Untracked 
| 211|0x00000000cd300000, 0x00000000cd3ff4c8, 0x00000000cd400000| 99%| O|  |TAMS 0x00000000cd300000| PB 0x00000000cd300000| Untracked 
| 212|0x00000000cd400000, 0x00000000cd4ffff0, 0x00000000cd500000| 99%| O|  |TAMS 0x00000000cd400000| PB 0x00000000cd400000| Untracked 
| 213|0x00000000cd500000, 0x00000000cd5ffff0, 0x00000000cd600000| 99%| O|  |TAMS 0x00000000cd500000| PB 0x00000000cd500000| Untracked 
| 214|0x00000000cd600000, 0x00000000cd700000, 0x00000000cd700000|100%|HS|  |TAMS 0x00000000cd600000| PB 0x00000000cd600000| Complete 
| 215|0x00000000cd700000, 0x00000000cd800000, 0x00000000cd800000|100%|HC|  |TAMS 0x00000000cd700000| PB 0x00000000cd700000| Complete 
| 216|0x00000000cd800000, 0x00000000cd900000, 0x00000000cd900000|100%| O|  |TAMS 0x00000000cd800000| PB 0x00000000cd800000| Untracked 
| 217|0x00000000cd900000, 0x00000000cda00000, 0x00000000cda00000|100%| O|  |TAMS 0x00000000cd900000| PB 0x00000000cd900000| Untracked 
| 218|0x00000000cda00000, 0x00000000cdb00000, 0x00000000cdb00000|100%| O|  |TAMS 0x00000000cda00000| PB 0x00000000cda00000| Untracked 
| 219|0x00000000cdb00000, 0x00000000cdc00000, 0x00000000cdc00000|100%| O|  |TAMS 0x00000000cdb00000| PB 0x00000000cdb00000| Untracked 
| 220|0x00000000cdc00000, 0x00000000cdcf13b8, 0x00000000cdd00000| 94%| O|  |TAMS 0x00000000cdc00000| PB 0x00000000cdc00000| Untracked 
| 221|0x00000000cdd00000, 0x00000000cddffee8, 0x00000000cde00000| 99%| O|  |TAMS 0x00000000cdd00000| PB 0x00000000cdd00000| Untracked 
| 222|0x00000000cde00000, 0x00000000cdf00000, 0x00000000cdf00000|100%| O|  |TAMS 0x00000000cde00000| PB 0x00000000cde00000| Untracked 
| 223|0x00000000cdf00000, 0x00000000cdfffff8, 0x00000000ce000000| 99%| O|  |TAMS 0x00000000cdf00000| PB 0x00000000cdf00000| Untracked 
| 224|0x00000000ce000000, 0x00000000ce0ffff0, 0x00000000ce100000| 99%| O|  |TAMS 0x00000000ce000000| PB 0x00000000ce000000| Untracked 
| 225|0x00000000ce100000, 0x00000000ce1fd540, 0x00000000ce200000| 98%| O|  |TAMS 0x00000000ce100000| PB 0x00000000ce100000| Untracked 
| 226|0x00000000ce200000, 0x00000000ce300000, 0x00000000ce300000|100%| O|  |TAMS 0x00000000ce200000| PB 0x00000000ce200000| Untracked 
| 227|0x00000000ce300000, 0x00000000ce3fffb8, 0x00000000ce400000| 99%| O|  |TAMS 0x00000000ce300000| PB 0x00000000ce300000| Untracked 
| 228|0x00000000ce400000, 0x00000000ce500000, 0x00000000ce500000|100%| O|  |TAMS 0x00000000ce400000| PB 0x00000000ce400000| Untracked 
| 229|0x00000000ce500000, 0x00000000ce600000, 0x00000000ce600000|100%|HS|  |TAMS 0x00000000ce500000| PB 0x00000000ce500000| Complete 
| 230|0x00000000ce600000, 0x00000000ce6ffc08, 0x00000000ce700000| 99%| O|  |TAMS 0x00000000ce600000| PB 0x00000000ce600000| Untracked 
| 231|0x00000000ce700000, 0x00000000ce800000, 0x00000000ce800000|100%| O|  |TAMS 0x00000000ce700000| PB 0x00000000ce700000| Untracked 
| 232|0x00000000ce800000, 0x00000000ce8ffe58, 0x00000000ce900000| 99%| O|  |TAMS 0x00000000ce800000| PB 0x00000000ce800000| Untracked 
| 233|0x00000000ce900000, 0x00000000ce9ff038, 0x00000000cea00000| 99%| O|  |TAMS 0x00000000ce900000| PB 0x00000000ce900000| Untracked 
| 234|0x00000000cea00000, 0x00000000ceb00000, 0x00000000ceb00000|100%| O|  |TAMS 0x00000000cea00000| PB 0x00000000cea00000| Untracked 
| 235|0x00000000ceb00000, 0x00000000cebfffe0, 0x00000000cec00000| 99%| O|  |TAMS 0x00000000ceb00000| PB 0x00000000ceb00000| Untracked 
| 236|0x00000000cec00000, 0x00000000cecffea8, 0x00000000ced00000| 99%| O|  |TAMS 0x00000000cec00000| PB 0x00000000cec00000| Untracked 
| 237|0x00000000ced00000, 0x00000000cee00000, 0x00000000cee00000|100%| O|  |TAMS 0x00000000ced00000| PB 0x00000000ced00000| Untracked 
| 238|0x00000000cee00000, 0x00000000ceeffd58, 0x00000000cef00000| 99%| O|  |TAMS 0x00000000cee00000| PB 0x00000000cee00000| Untracked 
| 239|0x00000000cef00000, 0x00000000cf000000, 0x00000000cf000000|100%| O|  |TAMS 0x00000000cef00000| PB 0x00000000cef00000| Untracked 
| 240|0x00000000cf000000, 0x00000000cf100000, 0x00000000cf100000|100%| O|  |TAMS 0x00000000cf000000| PB 0x00000000cf000000| Untracked 
| 241|0x00000000cf100000, 0x00000000cf1ffff8, 0x00000000cf200000| 99%| O|  |TAMS 0x00000000cf100000| PB 0x00000000cf100000| Untracked 
| 242|0x00000000cf200000, 0x00000000cf2ffff8, 0x00000000cf300000| 99%| O|  |TAMS 0x00000000cf200000| PB 0x00000000cf200000| Untracked 
| 243|0x00000000cf300000, 0x00000000cf3fffe8, 0x00000000cf400000| 99%| O|  |TAMS 0x00000000cf300000| PB 0x00000000cf300000| Untracked 
| 244|0x00000000cf400000, 0x00000000cf500000, 0x00000000cf500000|100%| O|  |TAMS 0x00000000cf400000| PB 0x00000000cf400000| Untracked 
| 245|0x00000000cf500000, 0x00000000cf600000, 0x00000000cf600000|100%| O|  |TAMS 0x00000000cf500000| PB 0x00000000cf500000| Untracked 
| 246|0x00000000cf600000, 0x00000000cf700000, 0x00000000cf700000|100%| O|  |TAMS 0x00000000cf600000| PB 0x00000000cf600000| Untracked 
| 247|0x00000000cf700000, 0x00000000cf800000, 0x00000000cf800000|100%| O|  |TAMS 0x00000000cf700000| PB 0x00000000cf700000| Untracked 
| 248|0x00000000cf800000, 0x00000000cf900000, 0x00000000cf900000|100%| O|  |TAMS 0x00000000cf800000| PB 0x00000000cf800000| Untracked 
| 249|0x00000000cf900000, 0x00000000cf9ffef0, 0x00000000cfa00000| 99%| O|  |TAMS 0x00000000cf900000| PB 0x00000000cf900000| Untracked 
| 250|0x00000000cfa00000, 0x00000000cfaffd78, 0x00000000cfb00000| 99%| O|  |TAMS 0x00000000cfa00000| PB 0x00000000cfa00000| Untracked 
| 251|0x00000000cfb00000, 0x00000000cfc00000, 0x00000000cfc00000|100%| O|  |TAMS 0x00000000cfb00000| PB 0x00000000cfb00000| Untracked 
| 252|0x00000000cfc00000, 0x00000000cfd00000, 0x00000000cfd00000|100%| O|  |TAMS 0x00000000cfc00000| PB 0x00000000cfc00000| Untracked 
| 253|0x00000000cfd00000, 0x00000000cfe00000, 0x00000000cfe00000|100%| O|  |TAMS 0x00000000cfd00000| PB 0x00000000cfd00000| Untracked 
| 254|0x00000000cfe00000, 0x00000000cff00000, 0x00000000cff00000|100%| O|  |TAMS 0x00000000cfe00000| PB 0x00000000cfe00000| Untracked 
| 255|0x00000000cff00000, 0x00000000d0000000, 0x00000000d0000000|100%| O|  |TAMS 0x00000000cff00000| PB 0x00000000cff00000| Untracked 
| 256|0x00000000d0000000, 0x00000000d0100000, 0x00000000d0100000|100%| O|  |TAMS 0x00000000d0000000| PB 0x00000000d0000000| Untracked 
| 257|0x00000000d0100000, 0x00000000d01ffde8, 0x00000000d0200000| 99%| O|  |TAMS 0x00000000d0100000| PB 0x00000000d0100000| Untracked 
| 258|0x00000000d0200000, 0x00000000d02f4a08, 0x00000000d0300000| 95%| O|Cm|TAMS 0x00000000d0200000| PB 0x00000000d0200000| Complete 
| 259|0x00000000d0300000, 0x00000000d03fff70, 0x00000000d0400000| 99%| O|  |TAMS 0x00000000d0300000| PB 0x00000000d0300000| Untracked 
| 260|0x00000000d0400000, 0x00000000d0500000, 0x00000000d0500000|100%|HS|  |TAMS 0x00000000d0400000| PB 0x00000000d0400000| Complete 
| 261|0x00000000d0500000, 0x00000000d059c0f0, 0x00000000d0600000| 60%| O|Cm|TAMS 0x00000000d0500000| PB 0x00000000d0500000| Complete 
| 262|0x00000000d0600000, 0x00000000d06ffff0, 0x00000000d0700000| 99%| O|  |TAMS 0x00000000d0600000| PB 0x00000000d0600000| Untracked 
| 263|0x00000000d0700000, 0x00000000d0800000, 0x00000000d0800000|100%|HS|  |TAMS 0x00000000d0700000| PB 0x00000000d0700000| Complete 
| 264|0x00000000d0800000, 0x00000000d0900000, 0x00000000d0900000|100%|HC|  |TAMS 0x00000000d0800000| PB 0x00000000d0800000| Complete 
| 265|0x00000000d0900000, 0x00000000d0a00000, 0x00000000d0a00000|100%|HC|  |TAMS 0x00000000d0900000| PB 0x00000000d0900000| Complete 
| 266|0x00000000d0a00000, 0x00000000d0b00000, 0x00000000d0b00000|100%|HC|  |TAMS 0x00000000d0a00000| PB 0x00000000d0a00000| Complete 
| 267|0x00000000d0b00000, 0x00000000d0c00000, 0x00000000d0c00000|100%|HC|  |TAMS 0x00000000d0b00000| PB 0x00000000d0b00000| Complete 
| 268|0x00000000d0c00000, 0x00000000d0d00000, 0x00000000d0d00000|100%|HC|  |TAMS 0x00000000d0c00000| PB 0x00000000d0c00000| Complete 
| 269|0x00000000d0d00000, 0x00000000d0d21750, 0x00000000d0e00000| 13%| O|  |TAMS 0x00000000d0d00000| PB 0x00000000d0d00000| Untracked 
| 270|0x00000000d0e00000, 0x00000000d0efffc0, 0x00000000d0f00000| 99%| O|  |TAMS 0x00000000d0e00000| PB 0x00000000d0e00000| Untracked 
| 271|0x00000000d0f00000, 0x00000000d0fffe58, 0x00000000d1000000| 99%| O|  |TAMS 0x00000000d0f00000| PB 0x00000000d0f00000| Untracked 
| 272|0x00000000d1000000, 0x00000000d10ffff0, 0x00000000d1100000| 99%| O|  |TAMS 0x00000000d1000000| PB 0x00000000d1000000| Untracked 
| 273|0x00000000d1100000, 0x00000000d11f6d18, 0x00000000d1200000| 96%| O|  |TAMS 0x00000000d1100000| PB 0x00000000d1100000| Untracked 
| 274|0x00000000d1200000, 0x00000000d1300000, 0x00000000d1300000|100%| O|  |TAMS 0x00000000d1200000| PB 0x00000000d1200000| Untracked 
| 275|0x00000000d1300000, 0x00000000d1300000, 0x00000000d1400000|  0%| F|  |TAMS 0x00000000d1300000| PB 0x00000000d1300000| Untracked 
| 276|0x00000000d1400000, 0x00000000d1500000, 0x00000000d1500000|100%| O|  |TAMS 0x00000000d1400000| PB 0x00000000d1400000| Untracked 
| 277|0x00000000d1500000, 0x00000000d1500000, 0x00000000d1600000|  0%| F|  |TAMS 0x00000000d1500000| PB 0x00000000d1500000| Untracked 
| 278|0x00000000d1600000, 0x00000000d1700000, 0x00000000d1700000|100%| O|  |TAMS 0x00000000d1600000| PB 0x00000000d1600000| Untracked 
| 279|0x00000000d1700000, 0x00000000d1800000, 0x00000000d1800000|100%| O|Cm|TAMS 0x00000000d1700000| PB 0x00000000d1700000| Complete 
| 280|0x00000000d1800000, 0x00000000d1800000, 0x00000000d1900000|  0%| F|  |TAMS 0x00000000d1800000| PB 0x00000000d1800000| Untracked 
| 281|0x00000000d1900000, 0x00000000d1900000, 0x00000000d1a00000|  0%| F|  |TAMS 0x00000000d1900000| PB 0x00000000d1900000| Untracked 
| 282|0x00000000d1a00000, 0x00000000d1b00000, 0x00000000d1b00000|100%| O|  |TAMS 0x00000000d1a00000| PB 0x00000000d1a00000| Untracked 
| 283|0x00000000d1b00000, 0x00000000d1b00000, 0x00000000d1c00000|  0%| F|  |TAMS 0x00000000d1b00000| PB 0x00000000d1b00000| Untracked 
| 284|0x00000000d1c00000, 0x00000000d1d00000, 0x00000000d1d00000|100%| O|  |TAMS 0x00000000d1c00000| PB 0x00000000d1c00000| Untracked 
| 285|0x00000000d1d00000, 0x00000000d1d82db8, 0x00000000d1e00000| 51%| O|Cm|TAMS 0x00000000d1d00000| PB 0x00000000d1d00000| Complete 
| 286|0x00000000d1e00000, 0x00000000d1e00000, 0x00000000d1f00000|  0%| F|  |TAMS 0x00000000d1e00000| PB 0x00000000d1e00000| Untracked 
| 287|0x00000000d1f00000, 0x00000000d2000000, 0x00000000d2000000|100%| O|  |TAMS 0x00000000d1f00000| PB 0x00000000d1f00000| Untracked 
| 288|0x00000000d2000000, 0x00000000d2000000, 0x00000000d2100000|  0%| F|  |TAMS 0x00000000d2000000| PB 0x00000000d2000000| Untracked 
| 289|0x00000000d2100000, 0x00000000d2200000, 0x00000000d2200000|100%| O|  |TAMS 0x00000000d2100000| PB 0x00000000d2100000| Untracked 
| 290|0x00000000d2200000, 0x00000000d22d9fa8, 0x00000000d2300000| 85%| O|Cm|TAMS 0x00000000d2200000| PB 0x00000000d2200000| Complete 
| 291|0x00000000d2300000, 0x00000000d2300000, 0x00000000d2400000|  0%| F|  |TAMS 0x00000000d2300000| PB 0x00000000d2300000| Untracked 
| 292|0x00000000d2400000, 0x00000000d2400000, 0x00000000d2500000|  0%| F|  |TAMS 0x00000000d2400000| PB 0x00000000d2400000| Untracked 
| 293|0x00000000d2500000, 0x00000000d2500000, 0x00000000d2600000|  0%| F|  |TAMS 0x00000000d2500000| PB 0x00000000d2500000| Untracked 
| 294|0x00000000d2600000, 0x00000000d2600000, 0x00000000d2700000|  0%| F|  |TAMS 0x00000000d2600000| PB 0x00000000d2600000| Untracked 
| 295|0x00000000d2700000, 0x00000000d2700000, 0x00000000d2800000|  0%| F|  |TAMS 0x00000000d2700000| PB 0x00000000d2700000| Untracked 
| 296|0x00000000d2800000, 0x00000000d2800000, 0x00000000d2900000|  0%| F|  |TAMS 0x00000000d2800000| PB 0x00000000d2800000| Untracked 
| 297|0x00000000d2900000, 0x00000000d2900000, 0x00000000d2a00000|  0%| F|  |TAMS 0x00000000d2900000| PB 0x00000000d2900000| Untracked 
| 298|0x00000000d2a00000, 0x00000000d2b00000, 0x00000000d2b00000|100%| O|Cm|TAMS 0x00000000d2a00000| PB 0x00000000d2a00000| Complete 
| 299|0x00000000d2b00000, 0x00000000d2c00000, 0x00000000d2c00000|100%|HS|  |TAMS 0x00000000d2b00000| PB 0x00000000d2b00000| Complete 
| 300|0x00000000d2c00000, 0x00000000d2d00000, 0x00000000d2d00000|100%| O|  |TAMS 0x00000000d2c00000| PB 0x00000000d2c00000| Untracked 
| 301|0x00000000d2d00000, 0x00000000d2e00000, 0x00000000d2e00000|100%| O|  |TAMS 0x00000000d2d00000| PB 0x00000000d2d00000| Untracked 
| 302|0x00000000d2e00000, 0x00000000d2f00000, 0x00000000d2f00000|100%| O|  |TAMS 0x00000000d2e00000| PB 0x00000000d2e00000| Untracked 
| 303|0x00000000d2f00000, 0x00000000d3000000, 0x00000000d3000000|100%| O|  |TAMS 0x00000000d2f00000| PB 0x00000000d2f00000| Untracked 
| 304|0x00000000d3000000, 0x00000000d3100000, 0x00000000d3100000|100%| O|  |TAMS 0x00000000d3000000| PB 0x00000000d3000000| Untracked 
| 305|0x00000000d3100000, 0x00000000d3200000, 0x00000000d3200000|100%| O|Cm|TAMS 0x00000000d3100000| PB 0x00000000d3100000| Complete 
| 306|0x00000000d3200000, 0x00000000d3300000, 0x00000000d3300000|100%| O|Cm|TAMS 0x00000000d3200000| PB 0x00000000d3200000| Complete 
| 307|0x00000000d3300000, 0x00000000d3400000, 0x00000000d3400000|100%| O|  |TAMS 0x00000000d3300000| PB 0x00000000d3300000| Untracked 
| 308|0x00000000d3400000, 0x00000000d3500000, 0x00000000d3500000|100%| O|  |TAMS 0x00000000d3400000| PB 0x00000000d3400000| Untracked 
| 309|0x00000000d3500000, 0x00000000d3600000, 0x00000000d3600000|100%| O|  |TAMS 0x00000000d3500000| PB 0x00000000d3500000| Untracked 
| 310|0x00000000d3600000, 0x00000000d3600000, 0x00000000d3700000|  0%| F|  |TAMS 0x00000000d3600000| PB 0x00000000d3600000| Untracked 
| 311|0x00000000d3700000, 0x00000000d3700000, 0x00000000d3800000|  0%| F|  |TAMS 0x00000000d3700000| PB 0x00000000d3700000| Untracked 
| 312|0x00000000d3800000, 0x00000000d3900000, 0x00000000d3900000|100%| O|  |TAMS 0x00000000d3800000| PB 0x00000000d3800000| Untracked 
| 313|0x00000000d3900000, 0x00000000d3900000, 0x00000000d3a00000|  0%| F|  |TAMS 0x00000000d3900000| PB 0x00000000d3900000| Untracked 
| 314|0x00000000d3a00000, 0x00000000d3a00000, 0x00000000d3b00000|  0%| F|  |TAMS 0x00000000d3a00000| PB 0x00000000d3a00000| Untracked 
| 315|0x00000000d3b00000, 0x00000000d3b00000, 0x00000000d3c00000|  0%| F|  |TAMS 0x00000000d3b00000| PB 0x00000000d3b00000| Untracked 
| 316|0x00000000d3c00000, 0x00000000d3c00000, 0x00000000d3d00000|  0%| F|  |TAMS 0x00000000d3c00000| PB 0x00000000d3c00000| Untracked 
| 317|0x00000000d3d00000, 0x00000000d3e00000, 0x00000000d3e00000|100%| O|  |TAMS 0x00000000d3d00000| PB 0x00000000d3d00000| Untracked 
| 318|0x00000000d3e00000, 0x00000000d3f00000, 0x00000000d3f00000|100%| O|  |TAMS 0x00000000d3e00000| PB 0x00000000d3e00000| Untracked 
| 319|0x00000000d3f00000, 0x00000000d4000000, 0x00000000d4000000|100%| O|  |TAMS 0x00000000d3f00000| PB 0x00000000d3f00000| Untracked 
| 320|0x00000000d4000000, 0x00000000d4000000, 0x00000000d4100000|  0%| F|  |TAMS 0x00000000d4000000| PB 0x00000000d4000000| Untracked 
| 321|0x00000000d4100000, 0x00000000d4200000, 0x00000000d4200000|100%| O|  |TAMS 0x00000000d4100000| PB 0x00000000d4100000| Untracked 
| 322|0x00000000d4200000, 0x00000000d4300000, 0x00000000d4300000|100%| O|  |TAMS 0x00000000d4200000| PB 0x00000000d4200000| Untracked 
| 323|0x00000000d4300000, 0x00000000d4300000, 0x00000000d4400000|  0%| F|  |TAMS 0x00000000d4300000| PB 0x00000000d4300000| Untracked 
| 324|0x00000000d4400000, 0x00000000d4500000, 0x00000000d4500000|100%| O|Cm|TAMS 0x00000000d4400000| PB 0x00000000d4400000| Complete 
| 325|0x00000000d4500000, 0x00000000d4500000, 0x00000000d4600000|  0%| F|  |TAMS 0x00000000d4500000| PB 0x00000000d4500000| Untracked 
| 326|0x00000000d4600000, 0x00000000d4600000, 0x00000000d4700000|  0%| F|  |TAMS 0x00000000d4600000| PB 0x00000000d4600000| Untracked 
| 327|0x00000000d4700000, 0x00000000d4700000, 0x00000000d4800000|  0%| F|  |TAMS 0x00000000d4700000| PB 0x00000000d4700000| Untracked 
| 328|0x00000000d4800000, 0x00000000d4800000, 0x00000000d4900000|  0%| F|  |TAMS 0x00000000d4800000| PB 0x00000000d4800000| Untracked 
| 329|0x00000000d4900000, 0x00000000d4900000, 0x00000000d4a00000|  0%| F|  |TAMS 0x00000000d4900000| PB 0x00000000d4900000| Untracked 
| 330|0x00000000d4a00000, 0x00000000d4b00000, 0x00000000d4b00000|100%| O|  |TAMS 0x00000000d4a00000| PB 0x00000000d4a00000| Untracked 
| 331|0x00000000d4b00000, 0x00000000d4b00000, 0x00000000d4c00000|  0%| F|  |TAMS 0x00000000d4b00000| PB 0x00000000d4b00000| Untracked 
| 332|0x00000000d4c00000, 0x00000000d4d00000, 0x00000000d4d00000|100%| O|  |TAMS 0x00000000d4c00000| PB 0x00000000d4c00000| Untracked 
| 333|0x00000000d4d00000, 0x00000000d4e00000, 0x00000000d4e00000|100%| O|  |TAMS 0x00000000d4d00000| PB 0x00000000d4d00000| Untracked 
| 334|0x00000000d4e00000, 0x00000000d4f00000, 0x00000000d4f00000|100%| O|  |TAMS 0x00000000d4e00000| PB 0x00000000d4e00000| Untracked 
| 335|0x00000000d4f00000, 0x00000000d4f00000, 0x00000000d5000000|  0%| F|  |TAMS 0x00000000d4f00000| PB 0x00000000d4f00000| Untracked 
| 336|0x00000000d5000000, 0x00000000d5000000, 0x00000000d5100000|  0%| F|  |TAMS 0x00000000d5000000| PB 0x00000000d5000000| Untracked 
| 337|0x00000000d5100000, 0x00000000d5200000, 0x00000000d5200000|100%| O|  |TAMS 0x00000000d5100000| PB 0x00000000d5100000| Untracked 
| 338|0x00000000d5200000, 0x00000000d5300000, 0x00000000d5300000|100%| O|  |TAMS 0x00000000d5200000| PB 0x00000000d5200000| Untracked 
| 339|0x00000000d5300000, 0x00000000d5400000, 0x00000000d5400000|100%| O|  |TAMS 0x00000000d5300000| PB 0x00000000d5300000| Untracked 
| 340|0x00000000d5400000, 0x00000000d5500000, 0x00000000d5500000|100%| O|  |TAMS 0x00000000d5400000| PB 0x00000000d5400000| Untracked 
| 341|0x00000000d5500000, 0x00000000d5600000, 0x00000000d5600000|100%| O|  |TAMS 0x00000000d5500000| PB 0x00000000d5500000| Untracked 
| 342|0x00000000d5600000, 0x00000000d5700000, 0x00000000d5700000|100%| O|  |TAMS 0x00000000d5600000| PB 0x00000000d5600000| Untracked 
| 343|0x00000000d5700000, 0x00000000d5800000, 0x00000000d5800000|100%| O|  |TAMS 0x00000000d5700000| PB 0x00000000d5700000| Untracked 
| 344|0x00000000d5800000, 0x00000000d5900000, 0x00000000d5900000|100%| O|  |TAMS 0x00000000d5800000| PB 0x00000000d5800000| Untracked 
| 345|0x00000000d5900000, 0x00000000d5900000, 0x00000000d5a00000|  0%| F|  |TAMS 0x00000000d5900000| PB 0x00000000d5900000| Untracked 
| 346|0x00000000d5a00000, 0x00000000d5b00000, 0x00000000d5b00000|100%| O|  |TAMS 0x00000000d5a00000| PB 0x00000000d5a00000| Untracked 
| 347|0x00000000d5b00000, 0x00000000d5c00000, 0x00000000d5c00000|100%| O|  |TAMS 0x00000000d5b00000| PB 0x00000000d5b00000| Untracked 
| 348|0x00000000d5c00000, 0x00000000d5d00000, 0x00000000d5d00000|100%| O|  |TAMS 0x00000000d5c00000| PB 0x00000000d5c00000| Untracked 
| 349|0x00000000d5d00000, 0x00000000d5d00000, 0x00000000d5e00000|  0%| F|  |TAMS 0x00000000d5d00000| PB 0x00000000d5d00000| Untracked 
| 350|0x00000000d5e00000, 0x00000000d5f00000, 0x00000000d5f00000|100%| O|  |TAMS 0x00000000d5e00000| PB 0x00000000d5e00000| Untracked 
| 351|0x00000000d5f00000, 0x00000000d6000000, 0x00000000d6000000|100%| O|  |TAMS 0x00000000d5f00000| PB 0x00000000d5f00000| Untracked 
| 352|0x00000000d6000000, 0x00000000d6000000, 0x00000000d6100000|  0%| F|  |TAMS 0x00000000d6000000| PB 0x00000000d6000000| Untracked 
| 353|0x00000000d6100000, 0x00000000d6100000, 0x00000000d6200000|  0%| F|  |TAMS 0x00000000d6100000| PB 0x00000000d6100000| Untracked 
| 354|0x00000000d6200000, 0x00000000d6200000, 0x00000000d6300000|  0%| F|  |TAMS 0x00000000d6200000| PB 0x00000000d6200000| Untracked 
| 355|0x00000000d6300000, 0x00000000d6300000, 0x00000000d6400000|  0%| F|  |TAMS 0x00000000d6300000| PB 0x00000000d6300000| Untracked 
| 356|0x00000000d6400000, 0x00000000d6400000, 0x00000000d6500000|  0%| F|  |TAMS 0x00000000d6400000| PB 0x00000000d6400000| Untracked 
| 357|0x00000000d6500000, 0x00000000d6500000, 0x00000000d6600000|  0%| F|  |TAMS 0x00000000d6500000| PB 0x00000000d6500000| Untracked 
| 358|0x00000000d6600000, 0x00000000d6600000, 0x00000000d6700000|  0%| F|  |TAMS 0x00000000d6600000| PB 0x00000000d6600000| Untracked 
| 359|0x00000000d6700000, 0x00000000d6700000, 0x00000000d6800000|  0%| F|  |TAMS 0x00000000d6700000| PB 0x00000000d6700000| Untracked 
| 360|0x00000000d6800000, 0x00000000d6800000, 0x00000000d6900000|  0%| F|  |TAMS 0x00000000d6800000| PB 0x00000000d6800000| Untracked 
| 361|0x00000000d6900000, 0x00000000d6900000, 0x00000000d6a00000|  0%| F|  |TAMS 0x00000000d6900000| PB 0x00000000d6900000| Untracked 
| 362|0x00000000d6a00000, 0x00000000d6a00000, 0x00000000d6b00000|  0%| F|  |TAMS 0x00000000d6a00000| PB 0x00000000d6a00000| Untracked 
| 363|0x00000000d6b00000, 0x00000000d6b00000, 0x00000000d6c00000|  0%| F|  |TAMS 0x00000000d6b00000| PB 0x00000000d6b00000| Untracked 
| 364|0x00000000d6c00000, 0x00000000d6c00000, 0x00000000d6d00000|  0%| F|  |TAMS 0x00000000d6c00000| PB 0x00000000d6c00000| Untracked 
| 365|0x00000000d6d00000, 0x00000000d6d00000, 0x00000000d6e00000|  0%| F|  |TAMS 0x00000000d6d00000| PB 0x00000000d6d00000| Untracked 
| 366|0x00000000d6e00000, 0x00000000d6e00000, 0x00000000d6f00000|  0%| F|  |TAMS 0x00000000d6e00000| PB 0x00000000d6e00000| Untracked 
| 367|0x00000000d6f00000, 0x00000000d6f00000, 0x00000000d7000000|  0%| F|  |TAMS 0x00000000d6f00000| PB 0x00000000d6f00000| Untracked 
| 368|0x00000000d7000000, 0x00000000d7000000, 0x00000000d7100000|  0%| F|  |TAMS 0x00000000d7000000| PB 0x00000000d7000000| Untracked 
| 369|0x00000000d7100000, 0x00000000d7100000, 0x00000000d7200000|  0%| F|  |TAMS 0x00000000d7100000| PB 0x00000000d7100000| Untracked 
| 370|0x00000000d7200000, 0x00000000d7200000, 0x00000000d7300000|  0%| F|  |TAMS 0x00000000d7200000| PB 0x00000000d7200000| Untracked 
| 371|0x00000000d7300000, 0x00000000d7300000, 0x00000000d7400000|  0%| F|  |TAMS 0x00000000d7300000| PB 0x00000000d7300000| Untracked 
| 372|0x00000000d7400000, 0x00000000d7400000, 0x00000000d7500000|  0%| F|  |TAMS 0x00000000d7400000| PB 0x00000000d7400000| Untracked 
| 373|0x00000000d7500000, 0x00000000d7500000, 0x00000000d7600000|  0%| F|  |TAMS 0x00000000d7500000| PB 0x00000000d7500000| Untracked 
| 374|0x00000000d7600000, 0x00000000d7600000, 0x00000000d7700000|  0%| F|  |TAMS 0x00000000d7600000| PB 0x00000000d7600000| Untracked 
| 375|0x00000000d7700000, 0x00000000d7700000, 0x00000000d7800000|  0%| F|  |TAMS 0x00000000d7700000| PB 0x00000000d7700000| Untracked 
| 376|0x00000000d7800000, 0x00000000d7800000, 0x00000000d7900000|  0%| F|  |TAMS 0x00000000d7800000| PB 0x00000000d7800000| Untracked 
| 377|0x00000000d7900000, 0x00000000d7900000, 0x00000000d7a00000|  0%| F|  |TAMS 0x00000000d7900000| PB 0x00000000d7900000| Untracked 
| 378|0x00000000d7a00000, 0x00000000d7a00000, 0x00000000d7b00000|  0%| F|  |TAMS 0x00000000d7a00000| PB 0x00000000d7a00000| Untracked 
| 379|0x00000000d7b00000, 0x00000000d7b00000, 0x00000000d7c00000|  0%| F|  |TAMS 0x00000000d7b00000| PB 0x00000000d7b00000| Untracked 
| 380|0x00000000d7c00000, 0x00000000d7c00000, 0x00000000d7d00000|  0%| F|  |TAMS 0x00000000d7c00000| PB 0x00000000d7c00000| Untracked 
| 381|0x00000000d7d00000, 0x00000000d7d00000, 0x00000000d7e00000|  0%| F|  |TAMS 0x00000000d7d00000| PB 0x00000000d7d00000| Untracked 
| 382|0x00000000d7e00000, 0x00000000d7e00000, 0x00000000d7f00000|  0%| F|  |TAMS 0x00000000d7e00000| PB 0x00000000d7e00000| Untracked 
| 383|0x00000000d7f00000, 0x00000000d7f00000, 0x00000000d8000000|  0%| F|  |TAMS 0x00000000d7f00000| PB 0x00000000d7f00000| Untracked 
| 384|0x00000000d8000000, 0x00000000d8000000, 0x00000000d8100000|  0%| F|  |TAMS 0x00000000d8000000| PB 0x00000000d8000000| Untracked 
| 385|0x00000000d8100000, 0x00000000d8100000, 0x00000000d8200000|  0%| F|  |TAMS 0x00000000d8100000| PB 0x00000000d8100000| Untracked 
| 386|0x00000000d8200000, 0x00000000d8200000, 0x00000000d8300000|  0%| F|  |TAMS 0x00000000d8200000| PB 0x00000000d8200000| Untracked 
| 387|0x00000000d8300000, 0x00000000d8300000, 0x00000000d8400000|  0%| F|  |TAMS 0x00000000d8300000| PB 0x00000000d8300000| Untracked 
| 388|0x00000000d8400000, 0x00000000d8400000, 0x00000000d8500000|  0%| F|  |TAMS 0x00000000d8400000| PB 0x00000000d8400000| Untracked 
| 389|0x00000000d8500000, 0x00000000d8500000, 0x00000000d8600000|  0%| F|  |TAMS 0x00000000d8500000| PB 0x00000000d8500000| Untracked 
| 390|0x00000000d8600000, 0x00000000d8600000, 0x00000000d8700000|  0%| F|  |TAMS 0x00000000d8600000| PB 0x00000000d8600000| Untracked 
| 391|0x00000000d8700000, 0x00000000d8700000, 0x00000000d8800000|  0%| F|  |TAMS 0x00000000d8700000| PB 0x00000000d8700000| Untracked 
| 392|0x00000000d8800000, 0x00000000d8800000, 0x00000000d8900000|  0%| F|  |TAMS 0x00000000d8800000| PB 0x00000000d8800000| Untracked 
| 393|0x00000000d8900000, 0x00000000d8900000, 0x00000000d8a00000|  0%| F|  |TAMS 0x00000000d8900000| PB 0x00000000d8900000| Untracked 
| 394|0x00000000d8a00000, 0x00000000d8a00000, 0x00000000d8b00000|  0%| F|  |TAMS 0x00000000d8a00000| PB 0x00000000d8a00000| Untracked 
| 395|0x00000000d8b00000, 0x00000000d8b00000, 0x00000000d8c00000|  0%| F|  |TAMS 0x00000000d8b00000| PB 0x00000000d8b00000| Untracked 
| 396|0x00000000d8c00000, 0x00000000d8c00000, 0x00000000d8d00000|  0%| F|  |TAMS 0x00000000d8c00000| PB 0x00000000d8c00000| Untracked 
| 397|0x00000000d8d00000, 0x00000000d8d00000, 0x00000000d8e00000|  0%| F|  |TAMS 0x00000000d8d00000| PB 0x00000000d8d00000| Untracked 
| 398|0x00000000d8e00000, 0x00000000d8e00000, 0x00000000d8f00000|  0%| F|  |TAMS 0x00000000d8e00000| PB 0x00000000d8e00000| Untracked 
| 399|0x00000000d8f00000, 0x00000000d8f00000, 0x00000000d9000000|  0%| F|  |TAMS 0x00000000d8f00000| PB 0x00000000d8f00000| Untracked 
| 400|0x00000000d9000000, 0x00000000d9000000, 0x00000000d9100000|  0%| F|  |TAMS 0x00000000d9000000| PB 0x00000000d9000000| Untracked 
| 401|0x00000000d9100000, 0x00000000d9100000, 0x00000000d9200000|  0%| F|  |TAMS 0x00000000d9100000| PB 0x00000000d9100000| Untracked 
| 402|0x00000000d9200000, 0x00000000d9200000, 0x00000000d9300000|  0%| F|  |TAMS 0x00000000d9200000| PB 0x00000000d9200000| Untracked 
| 403|0x00000000d9300000, 0x00000000d9300000, 0x00000000d9400000|  0%| F|  |TAMS 0x00000000d9300000| PB 0x00000000d9300000| Untracked 
| 404|0x00000000d9400000, 0x00000000d9400000, 0x00000000d9500000|  0%| F|  |TAMS 0x00000000d9400000| PB 0x00000000d9400000| Untracked 
| 405|0x00000000d9500000, 0x00000000d9500000, 0x00000000d9600000|  0%| F|  |TAMS 0x00000000d9500000| PB 0x00000000d9500000| Untracked 
| 406|0x00000000d9600000, 0x00000000d9600000, 0x00000000d9700000|  0%| F|  |TAMS 0x00000000d9600000| PB 0x00000000d9600000| Untracked 
| 407|0x00000000d9700000, 0x00000000d9700000, 0x00000000d9800000|  0%| F|  |TAMS 0x00000000d9700000| PB 0x00000000d9700000| Untracked 
| 408|0x00000000d9800000, 0x00000000d9800000, 0x00000000d9900000|  0%| F|  |TAMS 0x00000000d9800000| PB 0x00000000d9800000| Untracked 
| 409|0x00000000d9900000, 0x00000000d9900000, 0x00000000d9a00000|  0%| F|  |TAMS 0x00000000d9900000| PB 0x00000000d9900000| Untracked 
| 410|0x00000000d9a00000, 0x00000000d9a00000, 0x00000000d9b00000|  0%| F|  |TAMS 0x00000000d9a00000| PB 0x00000000d9a00000| Untracked 
| 411|0x00000000d9b00000, 0x00000000d9b00000, 0x00000000d9c00000|  0%| F|  |TAMS 0x00000000d9b00000| PB 0x00000000d9b00000| Untracked 
| 412|0x00000000d9c00000, 0x00000000d9c00000, 0x00000000d9d00000|  0%| F|  |TAMS 0x00000000d9c00000| PB 0x00000000d9c00000| Untracked 
| 413|0x00000000d9d00000, 0x00000000d9d00000, 0x00000000d9e00000|  0%| F|  |TAMS 0x00000000d9d00000| PB 0x00000000d9d00000| Untracked 
| 414|0x00000000d9e00000, 0x00000000d9e00000, 0x00000000d9f00000|  0%| F|  |TAMS 0x00000000d9e00000| PB 0x00000000d9e00000| Untracked 
| 415|0x00000000d9f00000, 0x00000000da000000, 0x00000000da000000|100%| S|CS|TAMS 0x00000000d9f00000| PB 0x00000000d9f00000| Complete 
| 416|0x00000000da000000, 0x00000000da100000, 0x00000000da100000|100%| S|CS|TAMS 0x00000000da000000| PB 0x00000000da000000| Complete 
| 417|0x00000000da100000, 0x00000000da200000, 0x00000000da200000|100%| S|CS|TAMS 0x00000000da100000| PB 0x00000000da100000| Complete 
| 418|0x00000000da200000, 0x00000000da300000, 0x00000000da300000|100%| S|CS|TAMS 0x00000000da200000| PB 0x00000000da200000| Complete 
| 419|0x00000000da300000, 0x00000000da400000, 0x00000000da400000|100%| S|CS|TAMS 0x00000000da300000| PB 0x00000000da300000| Complete 
| 420|0x00000000da400000, 0x00000000da500000, 0x00000000da500000|100%| S|CS|TAMS 0x00000000da400000| PB 0x00000000da400000| Complete 
| 421|0x00000000da500000, 0x00000000da600000, 0x00000000da600000|100%| S|CS|TAMS 0x00000000da500000| PB 0x00000000da500000| Complete 
| 422|0x00000000da600000, 0x00000000da700000, 0x00000000da700000|100%| S|CS|TAMS 0x00000000da600000| PB 0x00000000da600000| Complete 
| 423|0x00000000da700000, 0x00000000da800000, 0x00000000da800000|100%| S|CS|TAMS 0x00000000da700000| PB 0x00000000da700000| Complete 
| 424|0x00000000da800000, 0x00000000da900000, 0x00000000da900000|100%| S|CS|TAMS 0x00000000da800000| PB 0x00000000da800000| Complete 
| 425|0x00000000da900000, 0x00000000daa00000, 0x00000000daa00000|100%| S|CS|TAMS 0x00000000da900000| PB 0x00000000da900000| Complete 
| 426|0x00000000daa00000, 0x00000000dab00000, 0x00000000dab00000|100%| S|CS|TAMS 0x00000000daa00000| PB 0x00000000daa00000| Complete 
| 427|0x00000000dab00000, 0x00000000dac00000, 0x00000000dac00000|100%| S|CS|TAMS 0x00000000dab00000| PB 0x00000000dab00000| Complete 
| 428|0x00000000dac00000, 0x00000000dad00000, 0x00000000dad00000|100%| S|CS|TAMS 0x00000000dac00000| PB 0x00000000dac00000| Complete 
| 429|0x00000000dad00000, 0x00000000dae00000, 0x00000000dae00000|100%| S|CS|TAMS 0x00000000dad00000| PB 0x00000000dad00000| Complete 
| 430|0x00000000dae00000, 0x00000000daf00000, 0x00000000daf00000|100%| S|CS|TAMS 0x00000000dae00000| PB 0x00000000dae00000| Complete 
| 431|0x00000000daf00000, 0x00000000db000000, 0x00000000db000000|100%| S|CS|TAMS 0x00000000daf00000| PB 0x00000000daf00000| Complete 
| 432|0x00000000db000000, 0x00000000db100000, 0x00000000db100000|100%| S|CS|TAMS 0x00000000db000000| PB 0x00000000db000000| Complete 
| 433|0x00000000db100000, 0x00000000db200000, 0x00000000db200000|100%| S|CS|TAMS 0x00000000db100000| PB 0x00000000db100000| Complete 
| 434|0x00000000db200000, 0x00000000db300000, 0x00000000db300000|100%| S|CS|TAMS 0x00000000db200000| PB 0x00000000db200000| Complete 
| 435|0x00000000db300000, 0x00000000db400000, 0x00000000db400000|100%| S|CS|TAMS 0x00000000db300000| PB 0x00000000db300000| Complete 
| 436|0x00000000db400000, 0x00000000db500000, 0x00000000db500000|100%| S|CS|TAMS 0x00000000db400000| PB 0x00000000db400000| Complete 
| 437|0x00000000db500000, 0x00000000db600000, 0x00000000db600000|100%| S|CS|TAMS 0x00000000db500000| PB 0x00000000db500000| Complete 
| 438|0x00000000db600000, 0x00000000db700000, 0x00000000db700000|100%| S|CS|TAMS 0x00000000db600000| PB 0x00000000db600000| Complete 
| 439|0x00000000db700000, 0x00000000db700000, 0x00000000db800000|  0%| F|  |TAMS 0x00000000db700000| PB 0x00000000db700000| Untracked 
| 440|0x00000000db800000, 0x00000000db800000, 0x00000000db900000|  0%| F|  |TAMS 0x00000000db800000| PB 0x00000000db800000| Untracked 
| 441|0x00000000db900000, 0x00000000db900000, 0x00000000dba00000|  0%| F|  |TAMS 0x00000000db900000| PB 0x00000000db900000| Untracked 
| 442|0x00000000dba00000, 0x00000000dba00000, 0x00000000dbb00000|  0%| F|  |TAMS 0x00000000dba00000| PB 0x00000000dba00000| Untracked 
| 443|0x00000000dbb00000, 0x00000000dbb00000, 0x00000000dbc00000|  0%| F|  |TAMS 0x00000000dbb00000| PB 0x00000000dbb00000| Untracked 
| 444|0x00000000dbc00000, 0x00000000dbc00000, 0x00000000dbd00000|  0%| F|  |TAMS 0x00000000dbc00000| PB 0x00000000dbc00000| Untracked 
| 445|0x00000000dbd00000, 0x00000000dbd00000, 0x00000000dbe00000|  0%| F|  |TAMS 0x00000000dbd00000| PB 0x00000000dbd00000| Untracked 
| 446|0x00000000dbe00000, 0x00000000dbe00000, 0x00000000dbf00000|  0%| F|  |TAMS 0x00000000dbe00000| PB 0x00000000dbe00000| Untracked 
| 447|0x00000000dbf00000, 0x00000000dbf00000, 0x00000000dc000000|  0%| F|  |TAMS 0x00000000dbf00000| PB 0x00000000dbf00000| Untracked 
| 448|0x00000000dc000000, 0x00000000dc000000, 0x00000000dc100000|  0%| F|  |TAMS 0x00000000dc000000| PB 0x00000000dc000000| Untracked 
| 449|0x00000000dc100000, 0x00000000dc100000, 0x00000000dc200000|  0%| F|  |TAMS 0x00000000dc100000| PB 0x00000000dc100000| Untracked 
| 450|0x00000000dc200000, 0x00000000dc200000, 0x00000000dc300000|  0%| F|  |TAMS 0x00000000dc200000| PB 0x00000000dc200000| Untracked 
| 451|0x00000000dc300000, 0x00000000dc300000, 0x00000000dc400000|  0%| F|  |TAMS 0x00000000dc300000| PB 0x00000000dc300000| Untracked 
| 452|0x00000000dc400000, 0x00000000dc400000, 0x00000000dc500000|  0%| F|  |TAMS 0x00000000dc400000| PB 0x00000000dc400000| Untracked 
| 453|0x00000000dc500000, 0x00000000dc500000, 0x00000000dc600000|  0%| F|  |TAMS 0x00000000dc500000| PB 0x00000000dc500000| Untracked 
| 454|0x00000000dc600000, 0x00000000dc600000, 0x00000000dc700000|  0%| F|  |TAMS 0x00000000dc600000| PB 0x00000000dc600000| Untracked 
| 455|0x00000000dc700000, 0x00000000dc700000, 0x00000000dc800000|  0%| F|  |TAMS 0x00000000dc700000| PB 0x00000000dc700000| Untracked 
| 456|0x00000000dc800000, 0x00000000dc800000, 0x00000000dc900000|  0%| F|  |TAMS 0x00000000dc800000| PB 0x00000000dc800000| Untracked 
| 457|0x00000000dc900000, 0x00000000dc900000, 0x00000000dca00000|  0%| F|  |TAMS 0x00000000dc900000| PB 0x00000000dc900000| Untracked 
| 458|0x00000000dca00000, 0x00000000dca00000, 0x00000000dcb00000|  0%| F|  |TAMS 0x00000000dca00000| PB 0x00000000dca00000| Untracked 
| 459|0x00000000dcb00000, 0x00000000dcb00000, 0x00000000dcc00000|  0%| F|  |TAMS 0x00000000dcb00000| PB 0x00000000dcb00000| Untracked 
| 460|0x00000000dcc00000, 0x00000000dcc00000, 0x00000000dcd00000|  0%| F|  |TAMS 0x00000000dcc00000| PB 0x00000000dcc00000| Untracked 
| 461|0x00000000dcd00000, 0x00000000dcd00000, 0x00000000dce00000|  0%| F|  |TAMS 0x00000000dcd00000| PB 0x00000000dcd00000| Untracked 
| 462|0x00000000dce00000, 0x00000000dce00000, 0x00000000dcf00000|  0%| F|  |TAMS 0x00000000dce00000| PB 0x00000000dce00000| Untracked 
| 463|0x00000000dcf00000, 0x00000000dcf00000, 0x00000000dd000000|  0%| F|  |TAMS 0x00000000dcf00000| PB 0x00000000dcf00000| Untracked 
| 464|0x00000000dd000000, 0x00000000dd000000, 0x00000000dd100000|  0%| F|  |TAMS 0x00000000dd000000| PB 0x00000000dd000000| Untracked 
| 465|0x00000000dd100000, 0x00000000dd100000, 0x00000000dd200000|  0%| F|  |TAMS 0x00000000dd100000| PB 0x00000000dd100000| Untracked 
| 466|0x00000000dd200000, 0x00000000dd200000, 0x00000000dd300000|  0%| F|  |TAMS 0x00000000dd200000| PB 0x00000000dd200000| Untracked 
| 467|0x00000000dd300000, 0x00000000dd300000, 0x00000000dd400000|  0%| F|  |TAMS 0x00000000dd300000| PB 0x00000000dd300000| Untracked 
| 468|0x00000000dd400000, 0x00000000dd400000, 0x00000000dd500000|  0%| F|  |TAMS 0x00000000dd400000| PB 0x00000000dd400000| Untracked 
| 469|0x00000000dd500000, 0x00000000dd500000, 0x00000000dd600000|  0%| F|  |TAMS 0x00000000dd500000| PB 0x00000000dd500000| Untracked 
| 470|0x00000000dd600000, 0x00000000dd600000, 0x00000000dd700000|  0%| F|  |TAMS 0x00000000dd600000| PB 0x00000000dd600000| Untracked 
| 471|0x00000000dd700000, 0x00000000dd700000, 0x00000000dd800000|  0%| F|  |TAMS 0x00000000dd700000| PB 0x00000000dd700000| Untracked 
| 472|0x00000000dd800000, 0x00000000dd800000, 0x00000000dd900000|  0%| F|  |TAMS 0x00000000dd800000| PB 0x00000000dd800000| Untracked 
| 473|0x00000000dd900000, 0x00000000dd900000, 0x00000000dda00000|  0%| F|  |TAMS 0x00000000dd900000| PB 0x00000000dd900000| Untracked 
| 474|0x00000000dda00000, 0x00000000dda00000, 0x00000000ddb00000|  0%| F|  |TAMS 0x00000000dda00000| PB 0x00000000dda00000| Untracked 
| 475|0x00000000ddb00000, 0x00000000ddb00000, 0x00000000ddc00000|  0%| F|  |TAMS 0x00000000ddb00000| PB 0x00000000ddb00000| Untracked 
| 476|0x00000000ddc00000, 0x00000000ddd00000, 0x00000000ddd00000|100%| S|CS|TAMS 0x00000000ddc00000| PB 0x00000000ddc00000| Complete 
| 477|0x00000000ddd00000, 0x00000000dde00000, 0x00000000dde00000|100%| S|CS|TAMS 0x00000000ddd00000| PB 0x00000000ddd00000| Complete 
| 478|0x00000000dde00000, 0x00000000ddf00000, 0x00000000ddf00000|100%| S|CS|TAMS 0x00000000dde00000| PB 0x00000000dde00000| Complete 
| 479|0x00000000ddf00000, 0x00000000de000000, 0x00000000de000000|100%| S|CS|TAMS 0x00000000ddf00000| PB 0x00000000ddf00000| Complete 
| 480|0x00000000de000000, 0x00000000de100000, 0x00000000de100000|100%| S|CS|TAMS 0x00000000de000000| PB 0x00000000de000000| Complete 
| 481|0x00000000de100000, 0x00000000de200000, 0x00000000de200000|100%| S|CS|TAMS 0x00000000de100000| PB 0x00000000de100000| Complete 
| 482|0x00000000de200000, 0x00000000de300000, 0x00000000de300000|100%| S|CS|TAMS 0x00000000de200000| PB 0x00000000de200000| Complete 
| 483|0x00000000de300000, 0x00000000de400000, 0x00000000de400000|100%| S|CS|TAMS 0x00000000de300000| PB 0x00000000de300000| Complete 
| 484|0x00000000de400000, 0x00000000de500000, 0x00000000de500000|100%| S|CS|TAMS 0x00000000de400000| PB 0x00000000de400000| Complete 
| 485|0x00000000de500000, 0x00000000de500000, 0x00000000de600000|  0%| F|  |TAMS 0x00000000de500000| PB 0x00000000de500000| Untracked 
| 486|0x00000000de600000, 0x00000000de600000, 0x00000000de700000|  0%| F|  |TAMS 0x00000000de600000| PB 0x00000000de600000| Untracked 
| 487|0x00000000de700000, 0x00000000de700000, 0x00000000de800000|  0%| F|  |TAMS 0x00000000de700000| PB 0x00000000de700000| Untracked 
| 488|0x00000000de800000, 0x00000000de800000, 0x00000000de900000|  0%| F|  |TAMS 0x00000000de800000| PB 0x00000000de800000| Untracked 
| 489|0x00000000de900000, 0x00000000de900000, 0x00000000dea00000|  0%| F|  |TAMS 0x00000000de900000| PB 0x00000000de900000| Untracked 
| 490|0x00000000dea00000, 0x00000000dea00000, 0x00000000deb00000|  0%| F|  |TAMS 0x00000000dea00000| PB 0x00000000dea00000| Untracked 
| 491|0x00000000deb00000, 0x00000000deb00000, 0x00000000dec00000|  0%| F|  |TAMS 0x00000000deb00000| PB 0x00000000deb00000| Untracked 
| 492|0x00000000dec00000, 0x00000000ded00000, 0x00000000ded00000|100%| S|CS|TAMS 0x00000000dec00000| PB 0x00000000dec00000| Complete 
| 493|0x00000000ded00000, 0x00000000dee00000, 0x00000000dee00000|100%| S|CS|TAMS 0x00000000ded00000| PB 0x00000000ded00000| Complete 
| 494|0x00000000dee00000, 0x00000000def00000, 0x00000000def00000|100%| S|CS|TAMS 0x00000000dee00000| PB 0x00000000dee00000| Complete 
| 495|0x00000000def00000, 0x00000000df000000, 0x00000000df000000|100%| S|CS|TAMS 0x00000000def00000| PB 0x00000000def00000| Complete 
| 496|0x00000000df000000, 0x00000000df100000, 0x00000000df100000|100%| S|CS|TAMS 0x00000000df000000| PB 0x00000000df000000| Complete 
| 497|0x00000000df100000, 0x00000000df200000, 0x00000000df200000|100%| S|CS|TAMS 0x00000000df100000| PB 0x00000000df100000| Complete 
| 498|0x00000000df200000, 0x00000000df300000, 0x00000000df300000|100%| S|CS|TAMS 0x00000000df200000| PB 0x00000000df200000| Complete 
| 499|0x00000000df300000, 0x00000000df400000, 0x00000000df400000|100%| S|CS|TAMS 0x00000000df300000| PB 0x00000000df300000| Complete 
| 500|0x00000000df400000, 0x00000000df500000, 0x00000000df500000|100%| S|CS|TAMS 0x00000000df400000| PB 0x00000000df400000| Complete 
| 501|0x00000000df500000, 0x00000000df600000, 0x00000000df600000|100%| S|CS|TAMS 0x00000000df500000| PB 0x00000000df500000| Complete 
| 502|0x00000000df600000, 0x00000000df600000, 0x00000000df700000|  0%| F|  |TAMS 0x00000000df600000| PB 0x00000000df600000| Untracked 
| 503|0x00000000df700000, 0x00000000df700000, 0x00000000df800000|  0%| F|  |TAMS 0x00000000df700000| PB 0x00000000df700000| Untracked 
| 504|0x00000000df800000, 0x00000000df800000, 0x00000000df900000|  0%| F|  |TAMS 0x00000000df800000| PB 0x00000000df800000| Untracked 
| 505|0x00000000df900000, 0x00000000df900000, 0x00000000dfa00000|  0%| F|  |TAMS 0x00000000df900000| PB 0x00000000df900000| Untracked 
| 506|0x00000000dfa00000, 0x00000000dfa00000, 0x00000000dfb00000|  0%| F|  |TAMS 0x00000000dfa00000| PB 0x00000000dfa00000| Untracked 
| 507|0x00000000dfb00000, 0x00000000dfb00000, 0x00000000dfc00000|  0%| F|  |TAMS 0x00000000dfb00000| PB 0x00000000dfb00000| Untracked 
| 508|0x00000000dfc00000, 0x00000000dfc00000, 0x00000000dfd00000|  0%| F|  |TAMS 0x00000000dfc00000| PB 0x00000000dfc00000| Untracked 
| 509|0x00000000dfd00000, 0x00000000dfd00000, 0x00000000dfe00000|  0%| F|  |TAMS 0x00000000dfd00000| PB 0x00000000dfd00000| Untracked 
| 510|0x00000000dfe00000, 0x00000000dfe00000, 0x00000000dff00000|  0%| F|  |TAMS 0x00000000dfe00000| PB 0x00000000dfe00000| Untracked 
| 511|0x00000000dff00000, 0x00000000dff00000, 0x00000000e0000000|  0%| F|  |TAMS 0x00000000dff00000| PB 0x00000000dff00000| Untracked 
| 512|0x00000000e0000000, 0x00000000e0000000, 0x00000000e0100000|  0%| F|  |TAMS 0x00000000e0000000| PB 0x00000000e0000000| Untracked 
| 513|0x00000000e0100000, 0x00000000e0100000, 0x00000000e0200000|  0%| F|  |TAMS 0x00000000e0100000| PB 0x00000000e0100000| Untracked 
| 514|0x00000000e0200000, 0x00000000e0200000, 0x00000000e0300000|  0%| F|  |TAMS 0x00000000e0200000| PB 0x00000000e0200000| Untracked 
| 515|0x00000000e0300000, 0x00000000e0300000, 0x00000000e0400000|  0%| F|  |TAMS 0x00000000e0300000| PB 0x00000000e0300000| Untracked 
| 516|0x00000000e0400000, 0x00000000e0400000, 0x00000000e0500000|  0%| F|  |TAMS 0x00000000e0400000| PB 0x00000000e0400000| Untracked 
| 517|0x00000000e0500000, 0x00000000e0500000, 0x00000000e0600000|  0%| F|  |TAMS 0x00000000e0500000| PB 0x00000000e0500000| Untracked 
| 518|0x00000000e0600000, 0x00000000e0600000, 0x00000000e0700000|  0%| F|  |TAMS 0x00000000e0600000| PB 0x00000000e0600000| Untracked 
| 519|0x00000000e0700000, 0x00000000e0700000, 0x00000000e0800000|  0%| F|  |TAMS 0x00000000e0700000| PB 0x00000000e0700000| Untracked 
| 520|0x00000000e0800000, 0x00000000e0800000, 0x00000000e0900000|  0%| F|  |TAMS 0x00000000e0800000| PB 0x00000000e0800000| Untracked 
| 521|0x00000000e0900000, 0x00000000e0900000, 0x00000000e0a00000|  0%| F|  |TAMS 0x00000000e0900000| PB 0x00000000e0900000| Untracked 
| 522|0x00000000e0a00000, 0x00000000e0a00000, 0x00000000e0b00000|  0%| F|  |TAMS 0x00000000e0a00000| PB 0x00000000e0a00000| Untracked 
| 523|0x00000000e0b00000, 0x00000000e0b00000, 0x00000000e0c00000|  0%| F|  |TAMS 0x00000000e0b00000| PB 0x00000000e0b00000| Untracked 
| 524|0x00000000e0c00000, 0x00000000e0c00000, 0x00000000e0d00000|  0%| F|  |TAMS 0x00000000e0c00000| PB 0x00000000e0c00000| Untracked 
| 525|0x00000000e0d00000, 0x00000000e0d00000, 0x00000000e0e00000|  0%| F|  |TAMS 0x00000000e0d00000| PB 0x00000000e0d00000| Untracked 
| 526|0x00000000e0e00000, 0x00000000e0e00000, 0x00000000e0f00000|  0%| F|  |TAMS 0x00000000e0e00000| PB 0x00000000e0e00000| Untracked 
| 527|0x00000000e0f00000, 0x00000000e0f00000, 0x00000000e1000000|  0%| F|  |TAMS 0x00000000e0f00000| PB 0x00000000e0f00000| Untracked 
| 528|0x00000000e1000000, 0x00000000e1000000, 0x00000000e1100000|  0%| F|  |TAMS 0x00000000e1000000| PB 0x00000000e1000000| Untracked 
| 529|0x00000000e1100000, 0x00000000e1100000, 0x00000000e1200000|  0%| F|  |TAMS 0x00000000e1100000| PB 0x00000000e1100000| Untracked 
| 530|0x00000000e1200000, 0x00000000e1200000, 0x00000000e1300000|  0%| F|  |TAMS 0x00000000e1200000| PB 0x00000000e1200000| Untracked 
| 531|0x00000000e1300000, 0x00000000e1300000, 0x00000000e1400000|  0%| F|  |TAMS 0x00000000e1300000| PB 0x00000000e1300000| Untracked 
| 532|0x00000000e1400000, 0x00000000e1400000, 0x00000000e1500000|  0%| F|  |TAMS 0x00000000e1400000| PB 0x00000000e1400000| Untracked 
| 533|0x00000000e1500000, 0x00000000e1500000, 0x00000000e1600000|  0%| F|  |TAMS 0x00000000e1500000| PB 0x00000000e1500000| Untracked 
| 534|0x00000000e1600000, 0x00000000e1600000, 0x00000000e1700000|  0%| F|  |TAMS 0x00000000e1600000| PB 0x00000000e1600000| Untracked 
| 535|0x00000000e1700000, 0x00000000e1700000, 0x00000000e1800000|  0%| F|  |TAMS 0x00000000e1700000| PB 0x00000000e1700000| Untracked 
| 536|0x00000000e1800000, 0x00000000e1800000, 0x00000000e1900000|  0%| F|  |TAMS 0x00000000e1800000| PB 0x00000000e1800000| Untracked 
| 537|0x00000000e1900000, 0x00000000e1900000, 0x00000000e1a00000|  0%| F|  |TAMS 0x00000000e1900000| PB 0x00000000e1900000| Untracked 
| 538|0x00000000e1a00000, 0x00000000e1a00000, 0x00000000e1b00000|  0%| F|  |TAMS 0x00000000e1a00000| PB 0x00000000e1a00000| Untracked 
| 539|0x00000000e1b00000, 0x00000000e1b00000, 0x00000000e1c00000|  0%| F|  |TAMS 0x00000000e1b00000| PB 0x00000000e1b00000| Untracked 
| 540|0x00000000e1c00000, 0x00000000e1c00000, 0x00000000e1d00000|  0%| F|  |TAMS 0x00000000e1c00000| PB 0x00000000e1c00000| Untracked 
| 541|0x00000000e1d00000, 0x00000000e1d00000, 0x00000000e1e00000|  0%| F|  |TAMS 0x00000000e1d00000| PB 0x00000000e1d00000| Untracked 
| 542|0x00000000e1e00000, 0x00000000e1e00000, 0x00000000e1f00000|  0%| F|  |TAMS 0x00000000e1e00000| PB 0x00000000e1e00000| Untracked 
| 543|0x00000000e1f00000, 0x00000000e1f00000, 0x00000000e2000000|  0%| F|  |TAMS 0x00000000e1f00000| PB 0x00000000e1f00000| Untracked 
| 544|0x00000000e2000000, 0x00000000e2000000, 0x00000000e2100000|  0%| F|  |TAMS 0x00000000e2000000| PB 0x00000000e2000000| Untracked 
| 545|0x00000000e2100000, 0x00000000e2100000, 0x00000000e2200000|  0%| F|  |TAMS 0x00000000e2100000| PB 0x00000000e2100000| Untracked 
| 546|0x00000000e2200000, 0x00000000e2200000, 0x00000000e2300000|  0%| F|  |TAMS 0x00000000e2200000| PB 0x00000000e2200000| Untracked 
| 547|0x00000000e2300000, 0x00000000e2300000, 0x00000000e2400000|  0%| F|  |TAMS 0x00000000e2300000| PB 0x00000000e2300000| Untracked 
| 548|0x00000000e2400000, 0x00000000e2400000, 0x00000000e2500000|  0%| F|  |TAMS 0x00000000e2400000| PB 0x00000000e2400000| Untracked 
| 549|0x00000000e2500000, 0x00000000e2500000, 0x00000000e2600000|  0%| F|  |TAMS 0x00000000e2500000| PB 0x00000000e2500000| Untracked 
| 550|0x00000000e2600000, 0x00000000e2600000, 0x00000000e2700000|  0%| F|  |TAMS 0x00000000e2600000| PB 0x00000000e2600000| Untracked 
| 551|0x00000000e2700000, 0x00000000e2700000, 0x00000000e2800000|  0%| F|  |TAMS 0x00000000e2700000| PB 0x00000000e2700000| Untracked 
| 552|0x00000000e2800000, 0x00000000e2800000, 0x00000000e2900000|  0%| F|  |TAMS 0x00000000e2800000| PB 0x00000000e2800000| Untracked 
| 553|0x00000000e2900000, 0x00000000e2900000, 0x00000000e2a00000|  0%| F|  |TAMS 0x00000000e2900000| PB 0x00000000e2900000| Untracked 
| 554|0x00000000e2a00000, 0x00000000e2a00000, 0x00000000e2b00000|  0%| F|  |TAMS 0x00000000e2a00000| PB 0x00000000e2a00000| Untracked 
| 555|0x00000000e2b00000, 0x00000000e2b00000, 0x00000000e2c00000|  0%| F|  |TAMS 0x00000000e2b00000| PB 0x00000000e2b00000| Untracked 
| 556|0x00000000e2c00000, 0x00000000e2c00000, 0x00000000e2d00000|  0%| F|  |TAMS 0x00000000e2c00000| PB 0x00000000e2c00000| Untracked 
| 557|0x00000000e2d00000, 0x00000000e2d00000, 0x00000000e2e00000|  0%| F|  |TAMS 0x00000000e2d00000| PB 0x00000000e2d00000| Untracked 
| 558|0x00000000e2e00000, 0x00000000e2e00000, 0x00000000e2f00000|  0%| F|  |TAMS 0x00000000e2e00000| PB 0x00000000e2e00000| Untracked 
| 559|0x00000000e2f00000, 0x00000000e2f00000, 0x00000000e3000000|  0%| F|  |TAMS 0x00000000e2f00000| PB 0x00000000e2f00000| Untracked 
| 560|0x00000000e3000000, 0x00000000e3000000, 0x00000000e3100000|  0%| F|  |TAMS 0x00000000e3000000| PB 0x00000000e3000000| Untracked 
| 561|0x00000000e3100000, 0x00000000e3100000, 0x00000000e3200000|  0%| F|  |TAMS 0x00000000e3100000| PB 0x00000000e3100000| Untracked 
| 562|0x00000000e3200000, 0x00000000e3200000, 0x00000000e3300000|  0%| F|  |TAMS 0x00000000e3200000| PB 0x00000000e3200000| Untracked 
| 563|0x00000000e3300000, 0x00000000e3300000, 0x00000000e3400000|  0%| F|  |TAMS 0x00000000e3300000| PB 0x00000000e3300000| Untracked 
| 564|0x00000000e3400000, 0x00000000e3400000, 0x00000000e3500000|  0%| F|  |TAMS 0x00000000e3400000| PB 0x00000000e3400000| Untracked 
| 565|0x00000000e3500000, 0x00000000e3500000, 0x00000000e3600000|  0%| F|  |TAMS 0x00000000e3500000| PB 0x00000000e3500000| Untracked 
| 566|0x00000000e3600000, 0x00000000e3600000, 0x00000000e3700000|  0%| F|  |TAMS 0x00000000e3600000| PB 0x00000000e3600000| Untracked 
| 567|0x00000000e3700000, 0x00000000e3700000, 0x00000000e3800000|  0%| F|  |TAMS 0x00000000e3700000| PB 0x00000000e3700000| Untracked 
| 568|0x00000000e3800000, 0x00000000e3800000, 0x00000000e3900000|  0%| F|  |TAMS 0x00000000e3800000| PB 0x00000000e3800000| Untracked 
| 569|0x00000000e3900000, 0x00000000e3900000, 0x00000000e3a00000|  0%| F|  |TAMS 0x00000000e3900000| PB 0x00000000e3900000| Untracked 
| 570|0x00000000e3a00000, 0x00000000e3a00000, 0x00000000e3b00000|  0%| F|  |TAMS 0x00000000e3a00000| PB 0x00000000e3a00000| Untracked 
| 571|0x00000000e3b00000, 0x00000000e3b00000, 0x00000000e3c00000|  0%| F|  |TAMS 0x00000000e3b00000| PB 0x00000000e3b00000| Untracked 
| 572|0x00000000e3c00000, 0x00000000e3c00000, 0x00000000e3d00000|  0%| F|  |TAMS 0x00000000e3c00000| PB 0x00000000e3c00000| Untracked 
| 573|0x00000000e3d00000, 0x00000000e3d00000, 0x00000000e3e00000|  0%| F|  |TAMS 0x00000000e3d00000| PB 0x00000000e3d00000| Untracked 
| 574|0x00000000e3e00000, 0x00000000e3e00000, 0x00000000e3f00000|  0%| F|  |TAMS 0x00000000e3e00000| PB 0x00000000e3e00000| Untracked 
| 575|0x00000000e3f00000, 0x00000000e3f00000, 0x00000000e4000000|  0%| F|  |TAMS 0x00000000e3f00000| PB 0x00000000e3f00000| Untracked 
| 576|0x00000000e4000000, 0x00000000e4000000, 0x00000000e4100000|  0%| F|  |TAMS 0x00000000e4000000| PB 0x00000000e4000000| Untracked 
| 577|0x00000000e4100000, 0x00000000e4100000, 0x00000000e4200000|  0%| F|  |TAMS 0x00000000e4100000| PB 0x00000000e4100000| Untracked 
| 578|0x00000000e4200000, 0x00000000e4200000, 0x00000000e4300000|  0%| F|  |TAMS 0x00000000e4200000| PB 0x00000000e4200000| Untracked 
| 579|0x00000000e4300000, 0x00000000e4300000, 0x00000000e4400000|  0%| F|  |TAMS 0x00000000e4300000| PB 0x00000000e4300000| Untracked 
| 580|0x00000000e4400000, 0x00000000e4400000, 0x00000000e4500000|  0%| F|  |TAMS 0x00000000e4400000| PB 0x00000000e4400000| Untracked 
| 581|0x00000000e4500000, 0x00000000e4500000, 0x00000000e4600000|  0%| F|  |TAMS 0x00000000e4500000| PB 0x00000000e4500000| Untracked 
| 582|0x00000000e4600000, 0x00000000e4600000, 0x00000000e4700000|  0%| F|  |TAMS 0x00000000e4600000| PB 0x00000000e4600000| Untracked 
| 583|0x00000000e4700000, 0x00000000e4700000, 0x00000000e4800000|  0%| F|  |TAMS 0x00000000e4700000| PB 0x00000000e4700000| Untracked 
| 584|0x00000000e4800000, 0x00000000e4800000, 0x00000000e4900000|  0%| F|  |TAMS 0x00000000e4800000| PB 0x00000000e4800000| Untracked 
| 585|0x00000000e4900000, 0x00000000e4900000, 0x00000000e4a00000|  0%| F|  |TAMS 0x00000000e4900000| PB 0x00000000e4900000| Untracked 
| 586|0x00000000e4a00000, 0x00000000e4a00000, 0x00000000e4b00000|  0%| F|  |TAMS 0x00000000e4a00000| PB 0x00000000e4a00000| Untracked 
| 587|0x00000000e4b00000, 0x00000000e4b00000, 0x00000000e4c00000|  0%| F|  |TAMS 0x00000000e4b00000| PB 0x00000000e4b00000| Untracked 
| 588|0x00000000e4c00000, 0x00000000e4c00000, 0x00000000e4d00000|  0%| F|  |TAMS 0x00000000e4c00000| PB 0x00000000e4c00000| Untracked 
| 589|0x00000000e4d00000, 0x00000000e4d00000, 0x00000000e4e00000|  0%| F|  |TAMS 0x00000000e4d00000| PB 0x00000000e4d00000| Untracked 
| 590|0x00000000e4e00000, 0x00000000e4e00000, 0x00000000e4f00000|  0%| F|  |TAMS 0x00000000e4e00000| PB 0x00000000e4e00000| Untracked 
| 591|0x00000000e4f00000, 0x00000000e4f00000, 0x00000000e5000000|  0%| F|  |TAMS 0x00000000e4f00000| PB 0x00000000e4f00000| Untracked 
| 592|0x00000000e5000000, 0x00000000e5000000, 0x00000000e5100000|  0%| F|  |TAMS 0x00000000e5000000| PB 0x00000000e5000000| Untracked 
| 593|0x00000000e5100000, 0x00000000e5100000, 0x00000000e5200000|  0%| F|  |TAMS 0x00000000e5100000| PB 0x00000000e5100000| Untracked 
| 594|0x00000000e5200000, 0x00000000e5200000, 0x00000000e5300000|  0%| F|  |TAMS 0x00000000e5200000| PB 0x00000000e5200000| Untracked 
| 595|0x00000000e5300000, 0x00000000e5300000, 0x00000000e5400000|  0%| F|  |TAMS 0x00000000e5300000| PB 0x00000000e5300000| Untracked 
| 596|0x00000000e5400000, 0x00000000e5400000, 0x00000000e5500000|  0%| F|  |TAMS 0x00000000e5400000| PB 0x00000000e5400000| Untracked 
| 597|0x00000000e5500000, 0x00000000e5500000, 0x00000000e5600000|  0%| F|  |TAMS 0x00000000e5500000| PB 0x00000000e5500000| Untracked 
| 598|0x00000000e5600000, 0x00000000e5600000, 0x00000000e5700000|  0%| F|  |TAMS 0x00000000e5600000| PB 0x00000000e5600000| Untracked 
| 599|0x00000000e5700000, 0x00000000e5700000, 0x00000000e5800000|  0%| F|  |TAMS 0x00000000e5700000| PB 0x00000000e5700000| Untracked 
| 600|0x00000000e5800000, 0x00000000e5800000, 0x00000000e5900000|  0%| F|  |TAMS 0x00000000e5800000| PB 0x00000000e5800000| Untracked 
| 601|0x00000000e5900000, 0x00000000e5900000, 0x00000000e5a00000|  0%| F|  |TAMS 0x00000000e5900000| PB 0x00000000e5900000| Untracked 
| 602|0x00000000e5a00000, 0x00000000e5a00000, 0x00000000e5b00000|  0%| F|  |TAMS 0x00000000e5a00000| PB 0x00000000e5a00000| Untracked 
| 603|0x00000000e5b00000, 0x00000000e5b00000, 0x00000000e5c00000|  0%| F|  |TAMS 0x00000000e5b00000| PB 0x00000000e5b00000| Untracked 
| 604|0x00000000e5c00000, 0x00000000e5c00000, 0x00000000e5d00000|  0%| F|  |TAMS 0x00000000e5c00000| PB 0x00000000e5c00000| Untracked 
| 605|0x00000000e5d00000, 0x00000000e5d00000, 0x00000000e5e00000|  0%| F|  |TAMS 0x00000000e5d00000| PB 0x00000000e5d00000| Untracked 
| 606|0x00000000e5e00000, 0x00000000e5e00000, 0x00000000e5f00000|  0%| F|  |TAMS 0x00000000e5e00000| PB 0x00000000e5e00000| Untracked 
| 607|0x00000000e5f00000, 0x00000000e5f00000, 0x00000000e6000000|  0%| F|  |TAMS 0x00000000e5f00000| PB 0x00000000e5f00000| Untracked 
| 608|0x00000000e6000000, 0x00000000e6000000, 0x00000000e6100000|  0%| F|  |TAMS 0x00000000e6000000| PB 0x00000000e6000000| Untracked 
| 609|0x00000000e6100000, 0x00000000e6100000, 0x00000000e6200000|  0%| F|  |TAMS 0x00000000e6100000| PB 0x00000000e6100000| Untracked 
| 610|0x00000000e6200000, 0x00000000e6200000, 0x00000000e6300000|  0%| F|  |TAMS 0x00000000e6200000| PB 0x00000000e6200000| Untracked 
| 611|0x00000000e6300000, 0x00000000e6300000, 0x00000000e6400000|  0%| F|  |TAMS 0x00000000e6300000| PB 0x00000000e6300000| Untracked 
| 612|0x00000000e6400000, 0x00000000e6400000, 0x00000000e6500000|  0%| F|  |TAMS 0x00000000e6400000| PB 0x00000000e6400000| Untracked 
| 613|0x00000000e6500000, 0x00000000e6500000, 0x00000000e6600000|  0%| F|  |TAMS 0x00000000e6500000| PB 0x00000000e6500000| Untracked 
| 614|0x00000000e6600000, 0x00000000e6600000, 0x00000000e6700000|  0%| F|  |TAMS 0x00000000e6600000| PB 0x00000000e6600000| Untracked 
| 615|0x00000000e6700000, 0x00000000e6700000, 0x00000000e6800000|  0%| F|  |TAMS 0x00000000e6700000| PB 0x00000000e6700000| Untracked 
| 616|0x00000000e6800000, 0x00000000e6800000, 0x00000000e6900000|  0%| F|  |TAMS 0x00000000e6800000| PB 0x00000000e6800000| Untracked 
| 617|0x00000000e6900000, 0x00000000e6900000, 0x00000000e6a00000|  0%| F|  |TAMS 0x00000000e6900000| PB 0x00000000e6900000| Untracked 
| 618|0x00000000e6a00000, 0x00000000e6a00000, 0x00000000e6b00000|  0%| F|  |TAMS 0x00000000e6a00000| PB 0x00000000e6a00000| Untracked 
| 619|0x00000000e6b00000, 0x00000000e6b00000, 0x00000000e6c00000|  0%| F|  |TAMS 0x00000000e6b00000| PB 0x00000000e6b00000| Untracked 
| 620|0x00000000e6c00000, 0x00000000e6c00000, 0x00000000e6d00000|  0%| F|  |TAMS 0x00000000e6c00000| PB 0x00000000e6c00000| Untracked 
| 621|0x00000000e6d00000, 0x00000000e6d00000, 0x00000000e6e00000|  0%| F|  |TAMS 0x00000000e6d00000| PB 0x00000000e6d00000| Untracked 
| 622|0x00000000e6e00000, 0x00000000e6e00000, 0x00000000e6f00000|  0%| F|  |TAMS 0x00000000e6e00000| PB 0x00000000e6e00000| Untracked 
| 623|0x00000000e6f00000, 0x00000000e6f00000, 0x00000000e7000000|  0%| F|  |TAMS 0x00000000e6f00000| PB 0x00000000e6f00000| Untracked 
| 624|0x00000000e7000000, 0x00000000e7000000, 0x00000000e7100000|  0%| F|  |TAMS 0x00000000e7000000| PB 0x00000000e7000000| Untracked 
| 625|0x00000000e7100000, 0x00000000e7100000, 0x00000000e7200000|  0%| F|  |TAMS 0x00000000e7100000| PB 0x00000000e7100000| Untracked 
| 626|0x00000000e7200000, 0x00000000e7200000, 0x00000000e7300000|  0%| F|  |TAMS 0x00000000e7200000| PB 0x00000000e7200000| Untracked 
| 627|0x00000000e7300000, 0x00000000e7300000, 0x00000000e7400000|  0%| F|  |TAMS 0x00000000e7300000| PB 0x00000000e7300000| Untracked 
| 628|0x00000000e7400000, 0x00000000e7400000, 0x00000000e7500000|  0%| F|  |TAMS 0x00000000e7400000| PB 0x00000000e7400000| Untracked 
| 629|0x00000000e7500000, 0x00000000e7500000, 0x00000000e7600000|  0%| F|  |TAMS 0x00000000e7500000| PB 0x00000000e7500000| Untracked 
| 630|0x00000000e7600000, 0x00000000e7600000, 0x00000000e7700000|  0%| F|  |TAMS 0x00000000e7600000| PB 0x00000000e7600000| Untracked 
| 631|0x00000000e7700000, 0x00000000e7700000, 0x00000000e7800000|  0%| F|  |TAMS 0x00000000e7700000| PB 0x00000000e7700000| Untracked 
| 632|0x00000000e7800000, 0x00000000e7800000, 0x00000000e7900000|  0%| F|  |TAMS 0x00000000e7800000| PB 0x00000000e7800000| Untracked 
| 633|0x00000000e7900000, 0x00000000e7900000, 0x00000000e7a00000|  0%| F|  |TAMS 0x00000000e7900000| PB 0x00000000e7900000| Untracked 
| 634|0x00000000e7a00000, 0x00000000e7a00000, 0x00000000e7b00000|  0%| F|  |TAMS 0x00000000e7a00000| PB 0x00000000e7a00000| Untracked 
| 635|0x00000000e7b00000, 0x00000000e7b00000, 0x00000000e7c00000|  0%| F|  |TAMS 0x00000000e7b00000| PB 0x00000000e7b00000| Untracked 
| 636|0x00000000e7c00000, 0x00000000e7c00000, 0x00000000e7d00000|  0%| F|  |TAMS 0x00000000e7c00000| PB 0x00000000e7c00000| Untracked 
| 637|0x00000000e7d00000, 0x00000000e7d00000, 0x00000000e7e00000|  0%| F|  |TAMS 0x00000000e7d00000| PB 0x00000000e7d00000| Untracked 
| 638|0x00000000e7e00000, 0x00000000e7e00000, 0x00000000e7f00000|  0%| F|  |TAMS 0x00000000e7e00000| PB 0x00000000e7e00000| Untracked 
| 639|0x00000000e7f00000, 0x00000000e7f00000, 0x00000000e8000000|  0%| F|  |TAMS 0x00000000e7f00000| PB 0x00000000e7f00000| Untracked 
| 640|0x00000000e8000000, 0x00000000e8000000, 0x00000000e8100000|  0%| F|  |TAMS 0x00000000e8000000| PB 0x00000000e8000000| Untracked 
| 641|0x00000000e8100000, 0x00000000e8100000, 0x00000000e8200000|  0%| F|  |TAMS 0x00000000e8100000| PB 0x00000000e8100000| Untracked 
| 642|0x00000000e8200000, 0x00000000e8200000, 0x00000000e8300000|  0%| F|  |TAMS 0x00000000e8200000| PB 0x00000000e8200000| Untracked 
| 643|0x00000000e8300000, 0x00000000e8300000, 0x00000000e8400000|  0%| F|  |TAMS 0x00000000e8300000| PB 0x00000000e8300000| Untracked 
| 644|0x00000000e8400000, 0x00000000e8400000, 0x00000000e8500000|  0%| F|  |TAMS 0x00000000e8400000| PB 0x00000000e8400000| Untracked 
| 645|0x00000000e8500000, 0x00000000e8500000, 0x00000000e8600000|  0%| F|  |TAMS 0x00000000e8500000| PB 0x00000000e8500000| Untracked 
| 646|0x00000000e8600000, 0x00000000e8600000, 0x00000000e8700000|  0%| F|  |TAMS 0x00000000e8600000| PB 0x00000000e8600000| Untracked 
| 647|0x00000000e8700000, 0x00000000e8700000, 0x00000000e8800000|  0%| F|  |TAMS 0x00000000e8700000| PB 0x00000000e8700000| Untracked 
| 648|0x00000000e8800000, 0x00000000e8800000, 0x00000000e8900000|  0%| F|  |TAMS 0x00000000e8800000| PB 0x00000000e8800000| Untracked 
| 649|0x00000000e8900000, 0x00000000e8900000, 0x00000000e8a00000|  0%| F|  |TAMS 0x00000000e8900000| PB 0x00000000e8900000| Untracked 
| 650|0x00000000e8a00000, 0x00000000e8a00000, 0x00000000e8b00000|  0%| F|  |TAMS 0x00000000e8a00000| PB 0x00000000e8a00000| Untracked 
| 651|0x00000000e8b00000, 0x00000000e8b00000, 0x00000000e8c00000|  0%| F|  |TAMS 0x00000000e8b00000| PB 0x00000000e8b00000| Untracked 
| 652|0x00000000e8c00000, 0x00000000e8c00000, 0x00000000e8d00000|  0%| F|  |TAMS 0x00000000e8c00000| PB 0x00000000e8c00000| Untracked 
| 653|0x00000000e8d00000, 0x00000000e8d00000, 0x00000000e8e00000|  0%| F|  |TAMS 0x00000000e8d00000| PB 0x00000000e8d00000| Untracked 
| 654|0x00000000e8e00000, 0x00000000e8e00000, 0x00000000e8f00000|  0%| F|  |TAMS 0x00000000e8e00000| PB 0x00000000e8e00000| Untracked 
| 655|0x00000000e8f00000, 0x00000000e8f00000, 0x00000000e9000000|  0%| F|  |TAMS 0x00000000e8f00000| PB 0x00000000e8f00000| Untracked 
| 656|0x00000000e9000000, 0x00000000e9000000, 0x00000000e9100000|  0%| F|  |TAMS 0x00000000e9000000| PB 0x00000000e9000000| Untracked 
| 657|0x00000000e9100000, 0x00000000e9100000, 0x00000000e9200000|  0%| F|  |TAMS 0x00000000e9100000| PB 0x00000000e9100000| Untracked 
| 658|0x00000000e9200000, 0x00000000e9200000, 0x00000000e9300000|  0%| F|  |TAMS 0x00000000e9200000| PB 0x00000000e9200000| Untracked 
| 659|0x00000000e9300000, 0x00000000e9300000, 0x00000000e9400000|  0%| F|  |TAMS 0x00000000e9300000| PB 0x00000000e9300000| Untracked 
| 660|0x00000000e9400000, 0x00000000e9400000, 0x00000000e9500000|  0%| F|  |TAMS 0x00000000e9400000| PB 0x00000000e9400000| Untracked 
| 661|0x00000000e9500000, 0x00000000e9500000, 0x00000000e9600000|  0%| F|  |TAMS 0x00000000e9500000| PB 0x00000000e9500000| Untracked 
| 662|0x00000000e9600000, 0x00000000e9600000, 0x00000000e9700000|  0%| F|  |TAMS 0x00000000e9600000| PB 0x00000000e9600000| Untracked 
| 663|0x00000000e9700000, 0x00000000e9700000, 0x00000000e9800000|  0%| F|  |TAMS 0x00000000e9700000| PB 0x00000000e9700000| Untracked 
| 664|0x00000000e9800000, 0x00000000e9800000, 0x00000000e9900000|  0%| F|  |TAMS 0x00000000e9800000| PB 0x00000000e9800000| Untracked 
| 665|0x00000000e9900000, 0x00000000e9900000, 0x00000000e9a00000|  0%| F|  |TAMS 0x00000000e9900000| PB 0x00000000e9900000| Untracked 
| 666|0x00000000e9a00000, 0x00000000e9a00000, 0x00000000e9b00000|  0%| F|  |TAMS 0x00000000e9a00000| PB 0x00000000e9a00000| Untracked 
| 667|0x00000000e9b00000, 0x00000000e9b00000, 0x00000000e9c00000|  0%| F|  |TAMS 0x00000000e9b00000| PB 0x00000000e9b00000| Untracked 
| 668|0x00000000e9c00000, 0x00000000e9c00000, 0x00000000e9d00000|  0%| F|  |TAMS 0x00000000e9c00000| PB 0x00000000e9c00000| Untracked 
| 669|0x00000000e9d00000, 0x00000000e9d00000, 0x00000000e9e00000|  0%| F|  |TAMS 0x00000000e9d00000| PB 0x00000000e9d00000| Untracked 
| 670|0x00000000e9e00000, 0x00000000e9e00000, 0x00000000e9f00000|  0%| F|  |TAMS 0x00000000e9e00000| PB 0x00000000e9e00000| Untracked 
| 671|0x00000000e9f00000, 0x00000000e9f00000, 0x00000000ea000000|  0%| F|  |TAMS 0x00000000e9f00000| PB 0x00000000e9f00000| Untracked 
| 672|0x00000000ea000000, 0x00000000ea000000, 0x00000000ea100000|  0%| F|  |TAMS 0x00000000ea000000| PB 0x00000000ea000000| Untracked 
| 673|0x00000000ea100000, 0x00000000ea100000, 0x00000000ea200000|  0%| F|  |TAMS 0x00000000ea100000| PB 0x00000000ea100000| Untracked 
| 674|0x00000000ea200000, 0x00000000ea200000, 0x00000000ea300000|  0%| F|  |TAMS 0x00000000ea200000| PB 0x00000000ea200000| Untracked 
| 675|0x00000000ea300000, 0x00000000ea300000, 0x00000000ea400000|  0%| F|  |TAMS 0x00000000ea300000| PB 0x00000000ea300000| Untracked 
| 676|0x00000000ea400000, 0x00000000ea400000, 0x00000000ea500000|  0%| F|  |TAMS 0x00000000ea400000| PB 0x00000000ea400000| Untracked 
| 677|0x00000000ea500000, 0x00000000ea500000, 0x00000000ea600000|  0%| F|  |TAMS 0x00000000ea500000| PB 0x00000000ea500000| Untracked 
| 678|0x00000000ea600000, 0x00000000ea600000, 0x00000000ea700000|  0%| F|  |TAMS 0x00000000ea600000| PB 0x00000000ea600000| Untracked 
| 679|0x00000000ea700000, 0x00000000ea700000, 0x00000000ea800000|  0%| F|  |TAMS 0x00000000ea700000| PB 0x00000000ea700000| Untracked 
| 680|0x00000000ea800000, 0x00000000ea800000, 0x00000000ea900000|  0%| F|  |TAMS 0x00000000ea800000| PB 0x00000000ea800000| Untracked 
| 681|0x00000000ea900000, 0x00000000ea900000, 0x00000000eaa00000|  0%| F|  |TAMS 0x00000000ea900000| PB 0x00000000ea900000| Untracked 
| 682|0x00000000eaa00000, 0x00000000eaa00000, 0x00000000eab00000|  0%| F|  |TAMS 0x00000000eaa00000| PB 0x00000000eaa00000| Untracked 
| 683|0x00000000eab00000, 0x00000000eab00000, 0x00000000eac00000|  0%| F|  |TAMS 0x00000000eab00000| PB 0x00000000eab00000| Untracked 
| 684|0x00000000eac00000, 0x00000000eac00000, 0x00000000ead00000|  0%| F|  |TAMS 0x00000000eac00000| PB 0x00000000eac00000| Untracked 
| 685|0x00000000ead00000, 0x00000000ead00000, 0x00000000eae00000|  0%| F|  |TAMS 0x00000000ead00000| PB 0x00000000ead00000| Untracked 
| 686|0x00000000eae00000, 0x00000000eae00000, 0x00000000eaf00000|  0%| F|  |TAMS 0x00000000eae00000| PB 0x00000000eae00000| Untracked 
| 687|0x00000000eaf00000, 0x00000000eaf00000, 0x00000000eb000000|  0%| F|  |TAMS 0x00000000eaf00000| PB 0x00000000eaf00000| Untracked 
| 688|0x00000000eb000000, 0x00000000eb000000, 0x00000000eb100000|  0%| F|  |TAMS 0x00000000eb000000| PB 0x00000000eb000000| Untracked 
| 689|0x00000000eb100000, 0x00000000eb100000, 0x00000000eb200000|  0%| F|  |TAMS 0x00000000eb100000| PB 0x00000000eb100000| Untracked 
| 690|0x00000000eb200000, 0x00000000eb200000, 0x00000000eb300000|  0%| F|  |TAMS 0x00000000eb200000| PB 0x00000000eb200000| Untracked 
| 691|0x00000000eb300000, 0x00000000eb300000, 0x00000000eb400000|  0%| F|  |TAMS 0x00000000eb300000| PB 0x00000000eb300000| Untracked 
| 692|0x00000000eb400000, 0x00000000eb400000, 0x00000000eb500000|  0%| F|  |TAMS 0x00000000eb400000| PB 0x00000000eb400000| Untracked 
| 693|0x00000000eb500000, 0x00000000eb500000, 0x00000000eb600000|  0%| F|  |TAMS 0x00000000eb500000| PB 0x00000000eb500000| Untracked 
| 694|0x00000000eb600000, 0x00000000eb600000, 0x00000000eb700000|  0%| F|  |TAMS 0x00000000eb600000| PB 0x00000000eb600000| Untracked 
| 695|0x00000000eb700000, 0x00000000eb700000, 0x00000000eb800000|  0%| F|  |TAMS 0x00000000eb700000| PB 0x00000000eb700000| Untracked 
| 696|0x00000000eb800000, 0x00000000eb800000, 0x00000000eb900000|  0%| F|  |TAMS 0x00000000eb800000| PB 0x00000000eb800000| Untracked 
| 697|0x00000000eb900000, 0x00000000eb900000, 0x00000000eba00000|  0%| F|  |TAMS 0x00000000eb900000| PB 0x00000000eb900000| Untracked 
| 698|0x00000000eba00000, 0x00000000eba00000, 0x00000000ebb00000|  0%| F|  |TAMS 0x00000000eba00000| PB 0x00000000eba00000| Untracked 
| 699|0x00000000ebb00000, 0x00000000ebb00000, 0x00000000ebc00000|  0%| F|  |TAMS 0x00000000ebb00000| PB 0x00000000ebb00000| Untracked 
| 700|0x00000000ebc00000, 0x00000000ebc00000, 0x00000000ebd00000|  0%| F|  |TAMS 0x00000000ebc00000| PB 0x00000000ebc00000| Untracked 
| 701|0x00000000ebd00000, 0x00000000ebd00000, 0x00000000ebe00000|  0%| F|  |TAMS 0x00000000ebd00000| PB 0x00000000ebd00000| Untracked 
| 702|0x00000000ebe00000, 0x00000000ebe00000, 0x00000000ebf00000|  0%| F|  |TAMS 0x00000000ebe00000| PB 0x00000000ebe00000| Untracked 
| 703|0x00000000ebf00000, 0x00000000ebf00000, 0x00000000ec000000|  0%| F|  |TAMS 0x00000000ebf00000| PB 0x00000000ebf00000| Untracked 
| 704|0x00000000ec000000, 0x00000000ec000000, 0x00000000ec100000|  0%| F|  |TAMS 0x00000000ec000000| PB 0x00000000ec000000| Untracked 
| 705|0x00000000ec100000, 0x00000000ec100000, 0x00000000ec200000|  0%| F|  |TAMS 0x00000000ec100000| PB 0x00000000ec100000| Untracked 
| 706|0x00000000ec200000, 0x00000000ec200000, 0x00000000ec300000|  0%| F|  |TAMS 0x00000000ec200000| PB 0x00000000ec200000| Untracked 
| 707|0x00000000ec300000, 0x00000000ec300000, 0x00000000ec400000|  0%| F|  |TAMS 0x00000000ec300000| PB 0x00000000ec300000| Untracked 
| 708|0x00000000ec400000, 0x00000000ec400000, 0x00000000ec500000|  0%| F|  |TAMS 0x00000000ec400000| PB 0x00000000ec400000| Untracked 
| 709|0x00000000ec500000, 0x00000000ec500000, 0x00000000ec600000|  0%| F|  |TAMS 0x00000000ec500000| PB 0x00000000ec500000| Untracked 
| 710|0x00000000ec600000, 0x00000000ec600000, 0x00000000ec700000|  0%| F|  |TAMS 0x00000000ec600000| PB 0x00000000ec600000| Untracked 
| 711|0x00000000ec700000, 0x00000000ec700000, 0x00000000ec800000|  0%| F|  |TAMS 0x00000000ec700000| PB 0x00000000ec700000| Untracked 
| 712|0x00000000ec800000, 0x00000000ec800000, 0x00000000ec900000|  0%| F|  |TAMS 0x00000000ec800000| PB 0x00000000ec800000| Untracked 
| 713|0x00000000ec900000, 0x00000000ec900000, 0x00000000eca00000|  0%| F|  |TAMS 0x00000000ec900000| PB 0x00000000ec900000| Untracked 
| 714|0x00000000eca00000, 0x00000000eca00000, 0x00000000ecb00000|  0%| F|  |TAMS 0x00000000eca00000| PB 0x00000000eca00000| Untracked 
| 715|0x00000000ecb00000, 0x00000000ecb00000, 0x00000000ecc00000|  0%| F|  |TAMS 0x00000000ecb00000| PB 0x00000000ecb00000| Untracked 
| 716|0x00000000ecc00000, 0x00000000ecc00000, 0x00000000ecd00000|  0%| F|  |TAMS 0x00000000ecc00000| PB 0x00000000ecc00000| Untracked 
| 717|0x00000000ecd00000, 0x00000000ecd00000, 0x00000000ece00000|  0%| F|  |TAMS 0x00000000ecd00000| PB 0x00000000ecd00000| Untracked 
| 718|0x00000000ece00000, 0x00000000ece00000, 0x00000000ecf00000|  0%| F|  |TAMS 0x00000000ece00000| PB 0x00000000ece00000| Untracked 
| 719|0x00000000ecf00000, 0x00000000ecf00000, 0x00000000ed000000|  0%| F|  |TAMS 0x00000000ecf00000| PB 0x00000000ecf00000| Untracked 
| 720|0x00000000ed000000, 0x00000000ed000000, 0x00000000ed100000|  0%| F|  |TAMS 0x00000000ed000000| PB 0x00000000ed000000| Untracked 
| 721|0x00000000ed100000, 0x00000000ed100000, 0x00000000ed200000|  0%| F|  |TAMS 0x00000000ed100000| PB 0x00000000ed100000| Untracked 
| 722|0x00000000ed200000, 0x00000000ed200000, 0x00000000ed300000|  0%| F|  |TAMS 0x00000000ed200000| PB 0x00000000ed200000| Untracked 
| 723|0x00000000ed300000, 0x00000000ed300000, 0x00000000ed400000|  0%| F|  |TAMS 0x00000000ed300000| PB 0x00000000ed300000| Untracked 
| 724|0x00000000ed400000, 0x00000000ed400000, 0x00000000ed500000|  0%| F|  |TAMS 0x00000000ed400000| PB 0x00000000ed400000| Untracked 
| 725|0x00000000ed500000, 0x00000000ed500000, 0x00000000ed600000|  0%| F|  |TAMS 0x00000000ed500000| PB 0x00000000ed500000| Untracked 
| 726|0x00000000ed600000, 0x00000000ed600000, 0x00000000ed700000|  0%| F|  |TAMS 0x00000000ed600000| PB 0x00000000ed600000| Untracked 
| 727|0x00000000ed700000, 0x00000000ed700000, 0x00000000ed800000|  0%| F|  |TAMS 0x00000000ed700000| PB 0x00000000ed700000| Untracked 
| 728|0x00000000ed800000, 0x00000000ed800000, 0x00000000ed900000|  0%| F|  |TAMS 0x00000000ed800000| PB 0x00000000ed800000| Untracked 
| 729|0x00000000ed900000, 0x00000000ed900000, 0x00000000eda00000|  0%| F|  |TAMS 0x00000000ed900000| PB 0x00000000ed900000| Untracked 
| 730|0x00000000eda00000, 0x00000000eda00000, 0x00000000edb00000|  0%| F|  |TAMS 0x00000000eda00000| PB 0x00000000eda00000| Untracked 
| 731|0x00000000edb00000, 0x00000000edb00000, 0x00000000edc00000|  0%| F|  |TAMS 0x00000000edb00000| PB 0x00000000edb00000| Untracked 
| 732|0x00000000edc00000, 0x00000000edc00000, 0x00000000edd00000|  0%| F|  |TAMS 0x00000000edc00000| PB 0x00000000edc00000| Untracked 
| 733|0x00000000edd00000, 0x00000000edd00000, 0x00000000ede00000|  0%| F|  |TAMS 0x00000000edd00000| PB 0x00000000edd00000| Untracked 
| 734|0x00000000ede00000, 0x00000000ede00000, 0x00000000edf00000|  0%| F|  |TAMS 0x00000000ede00000| PB 0x00000000ede00000| Untracked 
| 735|0x00000000edf00000, 0x00000000edf00000, 0x00000000ee000000|  0%| F|  |TAMS 0x00000000edf00000| PB 0x00000000edf00000| Untracked 
| 736|0x00000000ee000000, 0x00000000ee000000, 0x00000000ee100000|  0%| F|  |TAMS 0x00000000ee000000| PB 0x00000000ee000000| Untracked 
| 737|0x00000000ee100000, 0x00000000ee100000, 0x00000000ee200000|  0%| F|  |TAMS 0x00000000ee100000| PB 0x00000000ee100000| Untracked 
| 738|0x00000000ee200000, 0x00000000ee200000, 0x00000000ee300000|  0%| F|  |TAMS 0x00000000ee200000| PB 0x00000000ee200000| Untracked 
| 739|0x00000000ee300000, 0x00000000ee300000, 0x00000000ee400000|  0%| F|  |TAMS 0x00000000ee300000| PB 0x00000000ee300000| Untracked 
| 740|0x00000000ee400000, 0x00000000ee400000, 0x00000000ee500000|  0%| F|  |TAMS 0x00000000ee400000| PB 0x00000000ee400000| Untracked 
| 741|0x00000000ee500000, 0x00000000ee500000, 0x00000000ee600000|  0%| F|  |TAMS 0x00000000ee500000| PB 0x00000000ee500000| Untracked 
| 742|0x00000000ee600000, 0x00000000ee600000, 0x00000000ee700000|  0%| F|  |TAMS 0x00000000ee600000| PB 0x00000000ee600000| Untracked 
| 743|0x00000000ee700000, 0x00000000ee700000, 0x00000000ee800000|  0%| F|  |TAMS 0x00000000ee700000| PB 0x00000000ee700000| Untracked 
| 744|0x00000000ee800000, 0x00000000ee800000, 0x00000000ee900000|  0%| F|  |TAMS 0x00000000ee800000| PB 0x00000000ee800000| Untracked 
| 745|0x00000000ee900000, 0x00000000ee900000, 0x00000000eea00000|  0%| F|  |TAMS 0x00000000ee900000| PB 0x00000000ee900000| Untracked 
| 746|0x00000000eea00000, 0x00000000eea00000, 0x00000000eeb00000|  0%| F|  |TAMS 0x00000000eea00000| PB 0x00000000eea00000| Untracked 
| 747|0x00000000eeb00000, 0x00000000eeb48bf8, 0x00000000eec00000| 28%| E|  |TAMS 0x00000000eeb00000| PB 0x00000000eeb00000| Complete 
| 748|0x00000000eec00000, 0x00000000eed00000, 0x00000000eed00000|100%| E|CS|TAMS 0x00000000eec00000| PB 0x00000000eec00000| Complete 
| 749|0x00000000eed00000, 0x00000000eee00000, 0x00000000eee00000|100%| E|CS|TAMS 0x00000000eed00000| PB 0x00000000eed00000| Complete 
| 750|0x00000000eee00000, 0x00000000eef00000, 0x00000000eef00000|100%| E|CS|TAMS 0x00000000eee00000| PB 0x00000000eee00000| Complete 
| 751|0x00000000eef00000, 0x00000000ef000000, 0x00000000ef000000|100%| E|CS|TAMS 0x00000000eef00000| PB 0x00000000eef00000| Complete 
| 752|0x00000000ef000000, 0x00000000ef100000, 0x00000000ef100000|100%| E|CS|TAMS 0x00000000ef000000| PB 0x00000000ef000000| Complete 
| 753|0x00000000ef100000, 0x00000000ef200000, 0x00000000ef200000|100%| E|CS|TAMS 0x00000000ef100000| PB 0x00000000ef100000| Complete 
| 754|0x00000000ef200000, 0x00000000ef300000, 0x00000000ef300000|100%| E|CS|TAMS 0x00000000ef200000| PB 0x00000000ef200000| Complete 
| 755|0x00000000ef300000, 0x00000000ef400000, 0x00000000ef400000|100%| E|CS|TAMS 0x00000000ef300000| PB 0x00000000ef300000| Complete 
| 756|0x00000000ef400000, 0x00000000ef500000, 0x00000000ef500000|100%| E|CS|TAMS 0x00000000ef400000| PB 0x00000000ef400000| Complete 
| 757|0x00000000ef500000, 0x00000000ef600000, 0x00000000ef600000|100%| E|CS|TAMS 0x00000000ef500000| PB 0x00000000ef500000| Complete 
| 758|0x00000000ef600000, 0x00000000ef700000, 0x00000000ef700000|100%| E|CS|TAMS 0x00000000ef600000| PB 0x00000000ef600000| Complete 
| 759|0x00000000ef700000, 0x00000000ef800000, 0x00000000ef800000|100%| E|CS|TAMS 0x00000000ef700000| PB 0x00000000ef700000| Complete 
| 760|0x00000000ef800000, 0x00000000ef900000, 0x00000000ef900000|100%| E|CS|TAMS 0x00000000ef800000| PB 0x00000000ef800000| Complete 
| 761|0x00000000ef900000, 0x00000000efa00000, 0x00000000efa00000|100%| E|CS|TAMS 0x00000000ef900000| PB 0x00000000ef900000| Complete 
| 762|0x00000000efa00000, 0x00000000efb00000, 0x00000000efb00000|100%| E|CS|TAMS 0x00000000efa00000| PB 0x00000000efa00000| Complete 
| 763|0x00000000efb00000, 0x00000000efc00000, 0x00000000efc00000|100%| E|CS|TAMS 0x00000000efb00000| PB 0x00000000efb00000| Complete 
| 764|0x00000000efc00000, 0x00000000efd00000, 0x00000000efd00000|100%| E|CS|TAMS 0x00000000efc00000| PB 0x00000000efc00000| Complete 
| 765|0x00000000efd00000, 0x00000000efe00000, 0x00000000efe00000|100%| E|CS|TAMS 0x00000000efd00000| PB 0x00000000efd00000| Complete 
| 766|0x00000000efe00000, 0x00000000eff00000, 0x00000000eff00000|100%| E|CS|TAMS 0x00000000efe00000| PB 0x00000000efe00000| Complete 
| 767|0x00000000eff00000, 0x00000000f0000000, 0x00000000f0000000|100%| E|CS|TAMS 0x00000000eff00000| PB 0x00000000eff00000| Complete 
| 768|0x00000000f0000000, 0x00000000f0100000, 0x00000000f0100000|100%| E|CS|TAMS 0x00000000f0000000| PB 0x00000000f0000000| Complete 
| 769|0x00000000f0100000, 0x00000000f0200000, 0x00000000f0200000|100%| E|CS|TAMS 0x00000000f0100000| PB 0x00000000f0100000| Complete 
| 770|0x00000000f0200000, 0x00000000f0300000, 0x00000000f0300000|100%| E|CS|TAMS 0x00000000f0200000| PB 0x00000000f0200000| Complete 
| 771|0x00000000f0300000, 0x00000000f0400000, 0x00000000f0400000|100%| E|CS|TAMS 0x00000000f0300000| PB 0x00000000f0300000| Complete 
| 772|0x00000000f0400000, 0x00000000f0500000, 0x00000000f0500000|100%| E|CS|TAMS 0x00000000f0400000| PB 0x00000000f0400000| Complete 
| 773|0x00000000f0500000, 0x00000000f0600000, 0x00000000f0600000|100%| E|CS|TAMS 0x00000000f0500000| PB 0x00000000f0500000| Complete 
| 774|0x00000000f0600000, 0x00000000f0700000, 0x00000000f0700000|100%| E|CS|TAMS 0x00000000f0600000| PB 0x00000000f0600000| Complete 
| 775|0x00000000f0700000, 0x00000000f0800000, 0x00000000f0800000|100%| E|CS|TAMS 0x00000000f0700000| PB 0x00000000f0700000| Complete 
| 776|0x00000000f0800000, 0x00000000f0900000, 0x00000000f0900000|100%| E|CS|TAMS 0x00000000f0800000| PB 0x00000000f0800000| Complete 
| 777|0x00000000f0900000, 0x00000000f0a00000, 0x00000000f0a00000|100%| E|CS|TAMS 0x00000000f0900000| PB 0x00000000f0900000| Complete 
| 778|0x00000000f0a00000, 0x00000000f0b00000, 0x00000000f0b00000|100%| E|CS|TAMS 0x00000000f0a00000| PB 0x00000000f0a00000| Complete 
| 779|0x00000000f0b00000, 0x00000000f0c00000, 0x00000000f0c00000|100%| E|CS|TAMS 0x00000000f0b00000| PB 0x00000000f0b00000| Complete 
| 780|0x00000000f0c00000, 0x00000000f0d00000, 0x00000000f0d00000|100%| E|CS|TAMS 0x00000000f0c00000| PB 0x00000000f0c00000| Complete 
| 781|0x00000000f0d00000, 0x00000000f0e00000, 0x00000000f0e00000|100%| E|CS|TAMS 0x00000000f0d00000| PB 0x00000000f0d00000| Complete 
| 782|0x00000000f0e00000, 0x00000000f0f00000, 0x00000000f0f00000|100%| E|CS|TAMS 0x00000000f0e00000| PB 0x00000000f0e00000| Complete 
| 783|0x00000000f0f00000, 0x00000000f1000000, 0x00000000f1000000|100%| E|CS|TAMS 0x00000000f0f00000| PB 0x00000000f0f00000| Complete 
| 784|0x00000000f1000000, 0x00000000f1100000, 0x00000000f1100000|100%| E|CS|TAMS 0x00000000f1000000| PB 0x00000000f1000000| Complete 
| 785|0x00000000f1100000, 0x00000000f1200000, 0x00000000f1200000|100%| E|CS|TAMS 0x00000000f1100000| PB 0x00000000f1100000| Complete 
| 786|0x00000000f1200000, 0x00000000f1300000, 0x00000000f1300000|100%| E|CS|TAMS 0x00000000f1200000| PB 0x00000000f1200000| Complete 
| 787|0x00000000f1300000, 0x00000000f1400000, 0x00000000f1400000|100%| E|CS|TAMS 0x00000000f1300000| PB 0x00000000f1300000| Complete 
| 788|0x00000000f1400000, 0x00000000f1500000, 0x00000000f1500000|100%| E|CS|TAMS 0x00000000f1400000| PB 0x00000000f1400000| Complete 
| 789|0x00000000f1500000, 0x00000000f1600000, 0x00000000f1600000|100%| E|CS|TAMS 0x00000000f1500000| PB 0x00000000f1500000| Complete 
| 790|0x00000000f1600000, 0x00000000f1700000, 0x00000000f1700000|100%| E|CS|TAMS 0x00000000f1600000| PB 0x00000000f1600000| Complete 
| 791|0x00000000f1700000, 0x00000000f1800000, 0x00000000f1800000|100%| E|CS|TAMS 0x00000000f1700000| PB 0x00000000f1700000| Complete 
| 792|0x00000000f1800000, 0x00000000f1900000, 0x00000000f1900000|100%| E|CS|TAMS 0x00000000f1800000| PB 0x00000000f1800000| Complete 
| 793|0x00000000f1900000, 0x00000000f1a00000, 0x00000000f1a00000|100%| E|CS|TAMS 0x00000000f1900000| PB 0x00000000f1900000| Complete 
| 794|0x00000000f1a00000, 0x00000000f1b00000, 0x00000000f1b00000|100%| E|CS|TAMS 0x00000000f1a00000| PB 0x00000000f1a00000| Complete 
|1022|0x00000000ffe00000, 0x00000000fff00000, 0x00000000fff00000|100%| E|CS|TAMS 0x00000000ffe00000| PB 0x00000000ffe00000| Complete 
|1023|0x00000000fff00000, 0x0000000100000000, 0x0000000100000000|100%| E|CS|TAMS 0x00000000fff00000| PB 0x00000000fff00000| Complete 

Card table byte_map: [0x000001684a9e0000,0x000001684abe0000] _byte_map_base: 0x000001684a3e0000

Marking Bits: (CMBitMap*) 0x0000016825a37540
 Bits: [0x000001684abe0000, 0x000001684bbe0000)

Polling page: 0x00000168235b0000

Metaspace:

Usage:
  Non-class:    286.05 MB used.
      Class:     39.63 MB used.
       Both:    325.69 MB used.

Virtual space:
  Non-class space:      320.00 MB reserved,     288.69 MB ( 90%) committed,  5 nodes.
      Class space:        1.00 GB reserved,      41.69 MB (  4%) committed,  1 nodes.
             Both:        1.31 GB reserved,     330.38 MB ( 25%) committed. 

Chunk freelists:
   Non-Class:  15.35 MB
       Class:  6.44 MB
        Both:  21.79 MB

MaxMetaspaceSize: unlimited
CompressedClassSpaceSize: 1.00 GB
Initial GC threshold: 21.00 MB
Current GC threshold: 549.62 MB
CDS: on
 - commit_granule_bytes: 65536.
 - commit_granule_words: 8192.
 - virtual_space_node_default_size: 8388608.
 - enlarge_chunks_in_place: 1.
 - use_allocation_guard: 0.


Internal statistics:

num_allocs_failed_limit: 107.
num_arena_births: 7534.
num_arena_deaths: 2184.
num_vsnodes_births: 6.
num_vsnodes_deaths: 0.
num_space_committed: 5280.
num_space_uncommitted: 0.
num_chunks_returned_to_freelist: 2822.
num_chunks_taken_from_freelist: 25857.
num_chunk_merges: 896.
num_chunk_splits: 14370.
num_chunks_enlarged: 7450.
num_inconsistent_stats: 0.

CodeHeap 'non-profiled nmethods': size=259328Kb used=16068Kb max_used=16068Kb free=243259Kb
 bounds [0x0000016839cc0000, 0x000001683ac80000, 0x0000016849a00000]
CodeHeap 'profiled nmethods': size=259264Kb used=61738Kb max_used=66639Kb free=197525Kb
 bounds [0x0000016829a00000, 0x000001682db20000, 0x0000016839730000]
CodeHeap 'non-nmethods': size=5696Kb used=3480Kb max_used=3506Kb free=2215Kb
 bounds [0x0000016839730000, 0x0000016839ab0000, 0x0000016839cc0000]
 total_blobs=34337 nmethods=32228 adapters=2006
 compilation: enabled
              stopped_count=0, restarted_count=0
 full_count=0

Compilation events (20 events):
Event: 246.795 Thread 0x000001684ecc7020 nmethod 44904 0x000001682b0e8210 code [0x000001682b0e83c0, 0x000001682b0e8580]
Event: 246.795 Thread 0x000001684ecc7020 44900       2       fleet.kernel.rete.QueriesKt$$Lambda/0x00000168507c73a0::<init> (15 bytes)
Event: 246.795 Thread 0x000001684ecc7020 nmethod 44900 0x000001682b0f9790 code [0x000001682b0f9940, 0x000001682b0f9af0]
Event: 246.795 Thread 0x000001684ecc7020 44905       2       java.lang.Boolean::compare (19 bytes)
Event: 246.795 Thread 0x000001684ecc7020 nmethod 44905 0x000001682a465c10 code [0x000001682a465da0, 0x000001682a465ec8]
Event: 246.797 Thread 0x000001684ecc7020 44906       2       com.intellij.openapi.fileEditor.impl.EditorComposite::isPreview (16 bytes)
Event: 246.797 Thread 0x000001684ecc7020 nmethod 44906 0x000001682b006510 code [0x000001682b0066c0, 0x000001682b006870]
Event: 246.797 Thread 0x000001684ecc6180 nmethod 44868 0x000001683ac6de10 code [0x000001683ac6e160, 0x000001683ac6f570]
Event: 246.797 Thread 0x000001684ecc6180 44829       4       kotlin.collections.ArraysKt___ArraysJvmKt::asList (17 bytes)
Event: 246.798 Thread 0x000001684ecc7020 44908       2       com.intellij.openapi.fileEditor.impl.FileEditorManagerImplKt::updateFileNames (705 bytes)
Event: 246.798 Thread 0x000001684ecc6180 nmethod 44829 0x000001683ac70390 code [0x000001683ac70520, 0x000001683ac70610]
Event: 246.798 Thread 0x000001684ecc6180 44839       4       java.lang.invoke.LambdaForm$MH/0x0000016850670000::invoke (38 bytes)
Event: 246.799 Thread 0x000001684ecc6180 nmethod 44839 0x000001683ac70790 code [0x000001683ac70960, 0x000001683ac70b18]
Event: 246.799 Thread 0x000001684ecc6180 44859       4       com.intellij.openapi.editor.impl.view.LineLayout$BidiRun::isRtl (9 bytes)
Event: 246.799 Thread 0x000001684ecc6180 nmethod 44859 0x000001683ac70d10 code [0x000001683ac70ea0, 0x000001683ac70f30]
Event: 246.799 Thread 0x000001684ecc6180 44869       4       com.intellij.util.ReflectionUtil::isPublic (24 bytes)
Event: 246.799 Thread 0x000001684ecc7020 nmethod 44908 0x000001682be08590 code [0x000001682be08a60, 0x000001682be0b2c8]
Event: 246.799 Thread 0x000001684ecc7020 44907       2       com.intellij.openapi.fileEditor.impl.FileEditorManagerImplKt::access$updateFileNames (7 bytes)
Event: 246.799 Thread 0x000001684ecc7020 nmethod 44907 0x000001682a484a90 code [0x000001682a484c40, 0x000001682a484d40]
Event: 246.799 Thread 0x000001684ecc7020 44909       2       com.intellij.ui.EditorNotificationsImpl::updateEditors (78 bytes)

GC Heap History (20 events):
Event: 10.839 GC heap before
{Heap before GC invocations=63 (full 0):
 garbage-first heap   total 816128K, used 554853K [0x00000000c0000000, 0x0000000100000000)
  region size 1024K, 153 young (156672K), 23 survivors (23552K)
 Metaspace       used 315132K, committed 320064K, reserved 1376256K
  class space    used 38643K, committed 40768K, reserved 1048576K
}
Event: 10.845 GC heap after
{Heap after GC invocations=64 (full 0):
 garbage-first heap   total 816128K, used 434933K [0x00000000c0000000, 0x0000000100000000)
  region size 1024K, 25 young (25600K), 25 survivors (25600K)
 Metaspace       used 315132K, committed 320064K, reserved 1376256K
  class space    used 38643K, committed 40768K, reserved 1048576K
}
Event: 11.443 GC heap before
{Heap before GC invocations=65 (full 0):
 garbage-first heap   total 816128K, used 682741K [0x00000000c0000000, 0x0000000100000000)
  region size 1024K, 319 young (326656K), 25 survivors (25600K)
 Metaspace       used 322484K, committed 327488K, reserved 1376256K
  class space    used 39594K, committed 41728K, reserved 1048576K
}
Event: 11.451 GC heap after
{Heap after GC invocations=66 (full 0):
 garbage-first heap   total 816128K, used 409728K [0x00000000c0000000, 0x0000000100000000)
  region size 1024K, 40 young (40960K), 40 survivors (40960K)
 Metaspace       used 322484K, committed 327488K, reserved 1376256K
  class space    used 39594K, committed 41728K, reserved 1048576K
}
Event: 13.869 GC heap before
{Heap before GC invocations=66 (full 0):
 garbage-first heap   total 816128K, used 730240K [0x00000000c0000000, 0x0000000100000000)
  region size 1024K, 344 young (352256K), 40 survivors (40960K)
 Metaspace       used 326933K, committed 331968K, reserved 1376256K
  class space    used 40103K, committed 42240K, reserved 1048576K
}
Event: 13.879 GC heap after
{Heap after GC invocations=67 (full 0):
 garbage-first heap   total 816128K, used 373337K [0x00000000c0000000, 0x0000000100000000)
  region size 1024K, 32 young (32768K), 32 survivors (32768K)
 Metaspace       used 326933K, committed 331968K, reserved 1376256K
  class space    used 40103K, committed 42240K, reserved 1048576K
}
Event: 16.208 GC heap before
{Heap before GC invocations=67 (full 0):
 garbage-first heap   total 816128K, used 402009K [0x00000000c0000000, 0x0000000100000000)
  region size 1024K, 62 young (63488K), 32 survivors (32768K)
 Metaspace       used 327237K, committed 332288K, reserved 1376256K
  class space    used 40118K, committed 42240K, reserved 1048576K
}
Event: 16.212 GC heap after
{Heap after GC invocations=68 (full 0):
 garbage-first heap   total 816128K, used 367381K [0x00000000c0000000, 0x0000000100000000)
  region size 1024K, 6 young (6144K), 6 survivors (6144K)
 Metaspace       used 327237K, committed 332288K, reserved 1376256K
  class space    used 40118K, committed 42240K, reserved 1048576K
}
Event: 26.220 GC heap before
{Heap before GC invocations=69 (full 0):
 garbage-first heap   total 816128K, used 714517K [0x00000000c0000000, 0x0000000100000000)
  region size 1024K, 341 young (349184K), 6 survivors (6144K)
 Metaspace       used 331433K, committed 336512K, reserved 1376256K
  class space    used 40535K, committed 42688K, reserved 1048576K
}
Event: 26.339 GC heap after
{Heap after GC invocations=70 (full 1):
 garbage-first heap   total 816128K, used 315263K [0x00000000c0000000, 0x0000000100000000)
  region size 1024K, 0 young (0K), 0 survivors (0K)
 Metaspace       used 331433K, committed 336512K, reserved 1376256K
  class space    used 40535K, committed 42688K, reserved 1048576K
}
Event: 47.887 GC heap before
{Heap before GC invocations=70 (full 1):
 garbage-first heap   total 816128K, used 719743K [0x00000000c0000000, 0x0000000100000000)
  region size 1024K, 396 young (405504K), 0 survivors (0K)
 Metaspace       used 331920K, committed 336960K, reserved 1376256K
  class space    used 40569K, committed 42688K, reserved 1048576K
}
Event: 47.899 GC heap after
{Heap after GC invocations=71 (full 1):
 garbage-first heap   total 816128K, used 374655K [0x00000000c0000000, 0x0000000100000000)
  region size 1024K, 50 young (51200K), 50 survivors (51200K)
 Metaspace       used 331920K, committed 336960K, reserved 1376256K
  class space    used 40569K, committed 42688K, reserved 1048576K
}
Event: 71.082 GC heap before
{Heap before GC invocations=72 (full 1):
 garbage-first heap   total 816128K, used 696191K [0x00000000c0000000, 0x0000000100000000)
  region size 1024K, 371 young (379904K), 50 survivors (51200K)
 Metaspace       used 332160K, committed 337472K, reserved 1376256K
  class space    used 40396K, committed 42688K, reserved 1048576K
}
Event: 71.094 GC heap after
{Heap after GC invocations=73 (full 1):
 garbage-first heap   total 816128K, used 374652K [0x00000000c0000000, 0x0000000100000000)
  region size 1024K, 47 young (48128K), 47 survivors (48128K)
 Metaspace       used 332160K, committed 337472K, reserved 1376256K
  class space    used 40396K, committed 42688K, reserved 1048576K
}
Event: 96.825 GC heap before
{Heap before GC invocations=73 (full 1):
 garbage-first heap   total 816128K, used 702332K [0x00000000c0000000, 0x0000000100000000)
  region size 1024K, 359 young (367616K), 47 survivors (48128K)
 Metaspace       used 332503K, committed 337600K, reserved 1376256K
  class space    used 40445K, committed 42688K, reserved 1048576K
}
Event: 96.841 GC heap after
{Heap after GC invocations=74 (full 1):
 garbage-first heap   total 816128K, used 381691K [0x00000000c0000000, 0x0000000100000000)
  region size 1024K, 45 young (46080K), 45 survivors (46080K)
 Metaspace       used 332503K, committed 337600K, reserved 1376256K
  class space    used 40445K, committed 42688K, reserved 1048576K
}
Event: 125.555 GC heap before
{Heap before GC invocations=74 (full 1):
 garbage-first heap   total 816128K, used 694011K [0x00000000c0000000, 0x0000000100000000)
  region size 1024K, 350 young (358400K), 45 survivors (46080K)
 Metaspace       used 332708K, committed 337664K, reserved 1376256K
  class space    used 40470K, committed 42688K, reserved 1048576K
}
Event: 125.569 GC heap after
{Heap after GC invocations=75 (full 1):
 garbage-first heap   total 816128K, used 391095K [0x00000000c0000000, 0x0000000100000000)
  region size 1024K, 44 young (45056K), 44 survivors (45056K)
 Metaspace       used 332708K, committed 337664K, reserved 1376256K
  class space    used 40470K, committed 42688K, reserved 1048576K
}
Event: 232.133 GC heap before
{Heap before GC invocations=76 (full 1):
 garbage-first heap   total 816128K, used 669623K [0x00000000c0000000, 0x0000000100000000)
  region size 1024K, 339 young (347136K), 44 survivors (45056K)
 Metaspace       used 332540K, committed 337792K, reserved 1376256K
  class space    used 40373K, committed 42688K, reserved 1048576K
}
Event: 232.143 GC heap after
{Heap after GC invocations=77 (full 1):
 garbage-first heap   total 816128K, used 368701K [0x00000000c0000000, 0x0000000100000000)
  region size 1024K, 43 young (44032K), 43 survivors (44032K)
 Metaspace       used 332540K, committed 337792K, reserved 1376256K
  class space    used 40373K, committed 42688K, reserved 1048576K
}

Dll operation events (3 events):
Event: 0.003 Loaded shared library E:\Rider\JetBrains Rider 2025.1.4\jbr\bin\java.dll
Event: 0.004 Loaded shared library E:\Rider\JetBrains Rider 2025.1.4\jbr\bin\zip.dll
Event: 0.193 Loaded shared library E:\Rider\JetBrains Rider 2025.1.4\jbr\bin\verify.dll

Deoptimization events (20 events):
Event: 246.762 Thread 0x0000016938b7e490 DEOPT UNPACKING pc=0x00000168397846a2 sp=0x0000005e382feb10 mode 2
Event: 246.762 Thread 0x00000169383c10f0 DEOPT UNPACKING pc=0x00000168397846a2 sp=0x0000005e389fee10 mode 2
Event: 246.773 Thread 0x00000168c3c03f30 Uncommon trap: trap_request=0xffffff45 fr.pc=0x000001683a13c968 relative=0x00000000000000c8
Event: 246.773 Thread 0x00000168c3c03f30 Uncommon trap: reason=unstable_if action=reinterpret pc=0x000001683a13c968 method=com.intellij.util.concurrency.SchedulingWrapper$MyScheduledFutureTask.compareTo(Ljava/util/concurrent/Delayed;)I @ 48 c2
Event: 246.773 Thread 0x00000168c3c03f30 DEOPT PACKING pc=0x000001683a13c968 sp=0x0000005e307fd360
Event: 246.773 Thread 0x00000168c3c03f30 DEOPT UNPACKING pc=0x00000168397846a2 sp=0x0000005e307fd280 mode 2
Event: 246.773 Thread 0x00000169109289e0 Uncommon trap: trap_request=0xffffff45 fr.pc=0x000001683aabcf28 relative=0x00000000000001e8
Event: 246.773 Thread 0x00000169109289e0 Uncommon trap: reason=unstable_if action=reinterpret pc=0x000001683aabcf28 method=com.intellij.core.rwmutex.ReadWriteMutexWithWriteIntentImpl.tryAcquireReadPermit()Z @ 24 c2
Event: 246.773 Thread 0x00000169109289e0 DEOPT PACKING pc=0x000001683aabcf28 sp=0x0000005e34dfedc0
Event: 246.773 Thread 0x00000169109289e0 DEOPT UNPACKING pc=0x00000168397846a2 sp=0x0000005e34dfec70 mode 2
Event: 246.782 Thread 0x0000016935f18980 DEOPT PACKING pc=0x000001682ad6a751 sp=0x0000005e374fe270
Event: 246.782 Thread 0x0000016935f18980 DEOPT UNPACKING pc=0x0000016839784e42 sp=0x0000005e374fd778 mode 0
Event: 246.785 Thread 0x00000168c3c03f30 Uncommon trap: trap_request=0xfffffff4 fr.pc=0x000001683a3e958c relative=0x0000000000000f4c
Event: 246.785 Thread 0x00000168c3c03f30 Uncommon trap: reason=null_check action=make_not_entrant pc=0x000001683a3e958c method=kotlinx.coroutines.JobSupport.invokeOnCompletion(ZZLkotlin/jvm/functions/Function1;)Lkotlinx/coroutines/DisposableHandle; @ 31 c2
Event: 246.785 Thread 0x00000168c3c03f30 DEOPT PACKING pc=0x000001683a3e958c sp=0x0000005e307fed20
Event: 246.785 Thread 0x00000168c3c03f30 DEOPT UNPACKING pc=0x00000168397846a2 sp=0x0000005e307fec88 mode 2
Event: 246.790 Thread 0x00000168c42b8cd0 Uncommon trap: trap_request=0xffffff45 fr.pc=0x000001683a63682c relative=0x0000000000001f2c
Event: 246.790 Thread 0x00000168c42b8cd0 Uncommon trap: reason=unstable_if action=reinterpret pc=0x000001683a63682c method=com.jetbrains.rd.util.reactive.SourceExKt$adviseNotNull$1.invoke(Ljava/lang/Object;)V @ 1 c2
Event: 246.790 Thread 0x00000168c42b8cd0 DEOPT PACKING pc=0x000001683a63682c sp=0x0000005e314fd9b0
Event: 246.790 Thread 0x00000168c42b8cd0 DEOPT UNPACKING pc=0x00000168397846a2 sp=0x0000005e314fd958 mode 2

Classes loaded (20 events):
Event: 120.888 Loading class com/intellij/util/messages/impl/Message
Event: 120.888 Loading class com/intellij/util/messages/impl/Message done
Event: 120.888 Loading class kotlin/jvm/functions/Function1
Event: 120.888 Loading class kotlin/jvm/functions/Function1 done
Event: 120.888 Loading class kotlin/jvm/functions/Function1
Event: 120.888 Loading class kotlin/jvm/functions/Function1 done
Event: 180.606 Loading class javax/annotation/Nullable
Event: 180.606 Loading class javax/annotation/Nullable done
Event: 181.039 Loading class com/intellij/internal/statistic/eventLog/uploader/EventLogExternalUploader
Event: 181.039 Loading class com/intellij/internal/statistic/eventLog/uploader/EventLogExternalUploader done
Event: 181.039 Loading class com/intellij/internal/statistic/updater/StatisticsValidationUpdatedService
Event: 181.039 Loading class com/intellij/internal/statistic/updater/StatisticsValidationUpdatedService done
Event: 181.041 Loading class com/intellij/internal/statistic/eventLog/uploader/EventLogUploadException
Event: 181.041 Loading class com/intellij/internal/statistic/eventLog/uploader/EventLogUploadException done
Event: 221.480 Loading class com/intellij/platform/diagnostic/telemetry/exporters/BatchSpanProcessor$flushExporters$1
Event: 221.480 Loading class com/intellij/platform/diagnostic/telemetry/exporters/BatchSpanProcessor$flushExporters$1 done
Event: 221.480 Loading class com/intellij/platform/diagnostic/telemetry/exporters/BatchSpanProcessor$flushExporters$2
Event: 221.480 Loading class com/intellij/platform/diagnostic/telemetry/exporters/BatchSpanProcessor$flushExporters$2 done
Event: 240.619 Loading class javax/annotation/Nullable
Event: 240.619 Loading class javax/annotation/Nullable done

Classes unloaded (20 events):
Event: 125.646 Thread 0x000001684ec9d550 Unloading class 0x000001685011d800 'java/lang/invoke/LambdaForm$MH+0x000001685011d800'
Event: 125.646 Thread 0x000001684ec9d550 Unloading class 0x000001685011d000 'java/lang/invoke/LambdaForm$MH+0x000001685011d000'
Event: 125.646 Thread 0x000001684ec9d550 Unloading class 0x000001685011c800 'java/lang/invoke/LambdaForm$MH+0x000001685011c800'
Event: 125.646 Thread 0x000001684ec9d550 Unloading class 0x000001685011c000 'java/lang/invoke/LambdaForm$MH+0x000001685011c000'
Event: 125.646 Thread 0x000001684ec9d550 Unloading class 0x0000016850109000 'java/lang/invoke/LambdaForm$MH+0x0000016850109000'
Event: 125.646 Thread 0x000001684ec9d550 Unloading class 0x0000016850108800 'java/lang/invoke/LambdaForm$MH+0x0000016850108800'
Event: 125.646 Thread 0x000001684ec9d550 Unloading class 0x0000016850108400 'java/lang/invoke/LambdaForm$MH+0x0000016850108400'
Event: 125.646 Thread 0x000001684ec9d550 Unloading class 0x0000016850108000 'java/lang/invoke/LambdaForm$MH+0x0000016850108000'
Event: 125.646 Thread 0x000001684ec9d550 Unloading class 0x0000016850105c00 'java/lang/invoke/LambdaForm$MH+0x0000016850105c00'
Event: 125.647 Thread 0x000001684ec9d550 Unloading class 0x0000016850105400 'java/lang/invoke/LambdaForm$MH+0x0000016850105400'
Event: 125.647 Thread 0x000001684ec9d550 Unloading class 0x0000016850105000 'java/lang/invoke/LambdaForm$MH+0x0000016850105000'
Event: 125.647 Thread 0x000001684ec9d550 Unloading class 0x0000016850104c00 'java/lang/invoke/LambdaForm$MH+0x0000016850104c00'
Event: 125.647 Thread 0x000001684ec9d550 Unloading class 0x0000016850104400 'java/lang/invoke/LambdaForm$MH+0x0000016850104400'
Event: 125.647 Thread 0x000001684ec9d550 Unloading class 0x00000168500b8800 'java/lang/invoke/LambdaForm$MH+0x00000168500b8800'
Event: 125.647 Thread 0x000001684ec9d550 Unloading class 0x00000168500b8000 'java/lang/invoke/LambdaForm$MH+0x00000168500b8000'
Event: 125.647 Thread 0x000001684ec9d550 Unloading class 0x00000168500b4800 'java/lang/invoke/LambdaForm$MH+0x00000168500b4800'
Event: 125.647 Thread 0x000001684ec9d550 Unloading class 0x00000168500b4000 'java/lang/invoke/LambdaForm$MH+0x00000168500b4000'
Event: 125.647 Thread 0x000001684ec9d550 Unloading class 0x0000016850006c00 'java/lang/invoke/LambdaForm$MH+0x0000016850006c00'
Event: 125.647 Thread 0x000001684ec9d550 Unloading class 0x0000016850006800 'java/lang/invoke/LambdaForm$MH+0x0000016850006800'
Event: 125.647 Thread 0x000001684ec9d550 Unloading class 0x0000016850006000 'java/lang/invoke/LambdaForm$MH+0x0000016850006000'

Classes redefined (4 events):
Event: 0.130 Thread 0x000001684ec9d550 redefined class name=java.math.BigInteger, count=1
Event: 0.136 Thread 0x000001684ec9d550 redefined class name=java.net.InetAddress, count=1
Event: 0.139 Thread 0x000001684ec9d550 redefined class name=sun.management.VMManagementImpl, count=1
Event: 0.152 Thread 0x000001684ec9d550 redefined class name=java.lang.Class, count=1

Internal exceptions (20 events):
Event: 241.419 Thread 0x00000169183b4bb0 Exception <a 'sun/nio/fs/WindowsException'{0x00000000f0f9dc58}> (0x00000000f0f9dc58) 
thrown [s\src\hotspot\share\prims\jni.cpp, line 535]
Event: 241.419 Thread 0x00000169183b4bb0 Exception <a 'sun/nio/fs/WindowsException'{0x00000000f0f9e770}> (0x00000000f0f9e770) 
thrown [s\src\hotspot\share\prims\jni.cpp, line 535]
Event: 241.419 Thread 0x00000169183b4bb0 Exception <a 'sun/nio/fs/WindowsException'{0x00000000f0fa2c98}> (0x00000000f0fa2c98) 
thrown [s\src\hotspot\share\prims\jni.cpp, line 535]
Event: 241.419 Thread 0x00000169183b4bb0 Exception <a 'sun/nio/fs/WindowsException'{0x00000000f0fa3610}> (0x00000000f0fa3610) 
thrown [s\src\hotspot\share\prims\jni.cpp, line 535]
Event: 241.419 Thread 0x00000169183b4bb0 Exception <a 'sun/nio/fs/WindowsException'{0x00000000f0fa4178}> (0x00000000f0fa4178) 
thrown [s\src\hotspot\share\prims\jni.cpp, line 535]
Event: 241.419 Thread 0x00000169183b4bb0 Exception <a 'sun/nio/fs/WindowsException'{0x00000000f0fa4b30}> (0x00000000f0fa4b30) 
thrown [s\src\hotspot\share\prims\jni.cpp, line 535]
Event: 241.419 Thread 0x00000169183b4bb0 Exception <a 'sun/nio/fs/WindowsException'{0x00000000f0fa68c8}> (0x00000000f0fa68c8) 
thrown [s\src\hotspot\share\prims\jni.cpp, line 535]
Event: 241.419 Thread 0x00000169183b4bb0 Exception <a 'sun/nio/fs/WindowsException'{0x00000000f0fa71e0}> (0x00000000f0fa71e0) 
thrown [s\src\hotspot\share\prims\jni.cpp, line 535]
Event: 241.419 Thread 0x00000169183b4bb0 Exception <a 'sun/nio/fs/WindowsException'{0x00000000f0fa7cd8}> (0x00000000f0fa7cd8) 
thrown [s\src\hotspot\share\prims\jni.cpp, line 535]
Event: 241.419 Thread 0x00000169183b4bb0 Exception <a 'sun/nio/fs/WindowsException'{0x00000000f0fa8630}> (0x00000000f0fa8630) 
thrown [s\src\hotspot\share\prims\jni.cpp, line 535]
Event: 241.419 Thread 0x00000169183b4bb0 Exception <a 'sun/nio/fs/WindowsException'{0x00000000f0faa1f8}> (0x00000000f0faa1f8) 
thrown [s\src\hotspot\share\prims\jni.cpp, line 535]
Event: 241.419 Thread 0x00000169183b4bb0 Exception <a 'sun/nio/fs/WindowsException'{0x00000000f0faad10}> (0x00000000f0faad10) 
thrown [s\src\hotspot\share\prims\jni.cpp, line 535]
Event: 241.419 Thread 0x00000169183b4bb0 Exception <a 'sun/nio/fs/WindowsException'{0x00000000f0fb2c88}> (0x00000000f0fb2c88) 
thrown [s\src\hotspot\share\prims\jni.cpp, line 535]
Event: 244.245 Thread 0x0000016938b7eb20 Exception <a 'sun/nio/fs/WindowsException'{0x00000000f0d30c90}> (0x00000000f0d30c90) 
thrown [s\src\hotspot\share\prims\jni.cpp, line 535]
Event: 244.248 Thread 0x000001692e63a6e0 Exception <a 'java/net/ConnectException'{0x00000000f0d4ae38}: Connection refused: connect> (0x00000000f0d4ae38) 
thrown [s\src\hotspot\share\prims\jni.cpp, line 567]
Event: 246.740 Thread 0x00000168c42b8cd0 Exception <a 'java/lang/NoSuchMethodError'{0x00000000f090cc10}: 'long java.lang.invoke.DelegatingMethodHandle$Holder.reinvoke_L(java.lang.Object, java.lang.Object)'> (0x00000000f090cc10) 
thrown [s\src\hotspot\share\interpreter\linkResolver.cpp, line 784]
Event: 246.741 Thread 0x00000168c42b8cd0 Exception <a 'java/lang/NoSuchMethodError'{0x00000000f0913820}: 'void java.lang.invoke.DelegatingMethodHandle$Holder.reinvoke_L(java.lang.Object, java.lang.Object, long)'> (0x00000000f0913820) 
thrown [s\src\hotspot\share\interpreter\linkResolver.cpp, line 784]
Event: 246.758 Thread 0x00000169183bd580 Exception <a 'sun/nio/fs/WindowsException'{0x00000000efefcc48}> (0x00000000efefcc48) 
thrown [s\src\hotspot\share\prims\jni.cpp, line 535]
Event: 246.785 Thread 0x00000168c3c03f30 Implicit null exception at 0x000001683a3e8717 to 0x000001683a3e9568
Event: 246.790 Thread 0x00000168c42b8cd0 Implicit null exception at 0x000001683a63493e to 0x000001683a636818

ZGC Phase Switch (0 events):
No events

VM Operations (20 events):
Event: 232.133 Executing VM operation: G1CollectForAllocation (G1 Evacuation Pause)
Event: 232.143 Executing VM operation: G1CollectForAllocation (G1 Evacuation Pause) done
Event: 233.145 Executing VM operation: Cleanup
Event: 233.145 Executing VM operation: Cleanup done
Event: 234.149 Executing VM operation: Cleanup
Event: 234.149 Executing VM operation: Cleanup done
Event: 235.162 Executing VM operation: Cleanup
Event: 235.162 Executing VM operation: Cleanup done
Event: 240.210 Executing VM operation: Cleanup
Event: 240.210 Executing VM operation: Cleanup done
Event: 240.679 Executing VM operation: HandshakeAllThreads (HandshakeForDeflation)
Event: 240.680 Executing VM operation: HandshakeAllThreads (HandshakeForDeflation) done
Event: 240.680 Executing VM operation: RendezvousGCThreads
Event: 240.680 Executing VM operation: RendezvousGCThreads done
Event: 241.686 Executing VM operation: Cleanup
Event: 241.686 Executing VM operation: Cleanup done
Event: 245.724 Executing VM operation: Cleanup
Event: 245.724 Executing VM operation: Cleanup done
Event: 246.727 Executing VM operation: Cleanup
Event: 246.727 Executing VM operation: Cleanup done

Memory protections (0 events):
No events

Nmethod flushes (20 events):
Event: 125.665 Thread 0x000001684ec9d550 flushing  nmethod 0x000001682ba99990
Event: 125.665 Thread 0x000001684ec9d550 flushing  nmethod 0x000001682ba9c410
Event: 125.665 Thread 0x000001684ec9d550 flushing  nmethod 0x000001682bb8c910
Event: 125.665 Thread 0x000001684ec9d550 flushing  nmethod 0x000001682bb8e310
Event: 125.665 Thread 0x000001684ec9d550 flushing  nmethod 0x000001682bcde990
Event: 125.665 Thread 0x000001684ec9d550 flushing  nmethod 0x000001682bce2190
Event: 125.665 Thread 0x000001684ec9d550 flushing osr nmethod 0x000001682bfb3810
Event: 125.665 Thread 0x000001684ec9d550 flushing  nmethod 0x000001682c439890
Event: 125.665 Thread 0x000001684ec9d550 flushing  nmethod 0x000001682c504a10
Event: 125.665 Thread 0x000001684ec9d550 flushing  nmethod 0x000001682c645b10
Event: 125.665 Thread 0x000001684ec9d550 flushing  nmethod 0x000001682c8be690
Event: 125.665 Thread 0x000001684ec9d550 flushing  nmethod 0x000001682c9f4e90
Event: 125.665 Thread 0x000001684ec9d550 flushing  nmethod 0x000001682c9f6510
Event: 125.665 Thread 0x000001684ec9d550 flushing  nmethod 0x000001682c9f7510
Event: 125.665 Thread 0x000001684ec9d550 flushing  nmethod 0x000001682ca01d90
Event: 125.665 Thread 0x000001684ec9d550 flushing  nmethod 0x000001682ca0b510
Event: 125.665 Thread 0x000001684ec9d550 flushing  nmethod 0x000001682ce30290
Event: 125.665 Thread 0x000001684ec9d550 flushing  nmethod 0x000001682d409c10
Event: 125.665 Thread 0x000001684ec9d550 flushing  nmethod 0x000001682d94cb10
Event: 125.665 Thread 0x000001684ec9d550 flushing  nmethod 0x000001682da71f10

Events (20 events):
Event: 217.016 Thread 0x0000016930a1cc10 Thread exited: 0x0000016930a1cc10
Event: 217.187 Thread 0x0000016910928350 Thread exited: 0x0000016910928350
Event: 217.187 Thread 0x00000169383c0a60 Thread exited: 0x00000169383c0a60
Event: 217.187 Thread 0x00000169303f4240 Thread exited: 0x00000169303f4240
Event: 217.188 Thread 0x00000169383c24a0 Thread exited: 0x00000169383c24a0
Event: 217.188 Thread 0x0000016910926910 Thread exited: 0x0000016910926910
Event: 217.188 Thread 0x00000168c3bfe9e0 Thread exited: 0x00000168c3bfe9e0
Event: 217.188 Thread 0x0000016910926fa0 Thread exited: 0x0000016910926fa0
Event: 217.188 Thread 0x00000168c3c024f0 Thread exited: 0x00000168c3c024f0
Event: 217.188 Thread 0x00000168c496b110 Thread exited: 0x00000168c496b110
Event: 220.086 Thread 0x000001693ab51f10 Thread exited: 0x000001693ab51f10
Event: 223.258 Thread 0x000001693a6ca2c0 Thread exited: 0x000001693a6ca2c0
Event: 226.420 Thread 0x0000016930b15280 Thread exited: 0x0000016930b15280
Event: 229.592 Thread 0x0000016930b15910 Thread exited: 0x0000016930b15910
Event: 232.754 Thread 0x000001691e49e2a0 Thread exited: 0x000001691e49e2a0
Event: 235.923 Thread 0x0000016935d59e70 Thread exited: 0x0000016935d59e70
Event: 239.088 Thread 0x000001693a6cafe0 Thread exited: 0x000001693a6cafe0
Event: 242.248 Thread 0x0000016935c6db60 Thread exited: 0x0000016935c6db60
Event: 245.413 Thread 0x000001693794f0f0 Thread exited: 0x000001693794f0f0
Event: 246.749 Thread 0x00000168c42b8cd0 Thread added: 0x0000016938987880


Dynamic libraries:
0x00007ff7e9910000 - 0x00007ff7e9a7f000 	E:\Rider\JetBrains Rider 2025.1.4\bin\rider64.exe
0x00007ffd4b810000 - 0x00007ffd4ba27000 	C:\Windows\SYSTEM32\ntdll.dll
0x00007ffd4a030000 - 0x00007ffd4a0f4000 	C:\Windows\System32\KERNEL32.DLL
0x00007ffd48e10000 - 0x00007ffd491e2000 	C:\Windows\System32\KERNELBASE.dll
0x00007ffd492b0000 - 0x00007ffd4932b000 	C:\Windows\System32\bcryptprimitives.dll
0x00007ffd4b3c0000 - 0x00007ffd4b471000 	C:\Windows\System32\ADVAPI32.dll
0x00007ffd4ae00000 - 0x00007ffd4aea7000 	C:\Windows\System32\msvcrt.dll
0x00007ffd49ce0000 - 0x00007ffd49d88000 	C:\Windows\System32\sechost.dll
0x00007ffd48a30000 - 0x00007ffd48a58000 	C:\Windows\System32\bcrypt.dll
0x00007ffd4b6b0000 - 0x00007ffd4b7c7000 	C:\Windows\System32\RPCRT4.dll
0x00007ffd49ec0000 - 0x00007ffd49f98000 	C:\Windows\System32\OLEAUT32.dll
0x00007ffd48ba0000 - 0x00007ffd48c3a000 	C:\Windows\System32\msvcp_win.dll
0x00007ffd48cc0000 - 0x00007ffd48dd1000 	C:\Windows\System32\ucrtbase.dll
0x00007ffd4aeb0000 - 0x00007ffd4b242000 	C:\Windows\System32\combase.dll
0x00007ffd3dbf0000 - 0x00007ffd3de23000 	C:\Windows\SYSTEM32\dbghelp.dll
0x00007ffd4a280000 - 0x00007ffd4ab21000 	C:\Windows\System32\SHELL32.dll
0x00007ffd4ab30000 - 0x00007ffd4ace1000 	C:\Windows\System32\USER32.dll
0x00007ffd48de0000 - 0x00007ffd48e06000 	C:\Windows\System32\win32u.dll
0x00007ffd49e10000 - 0x00007ffd49e39000 	C:\Windows\System32\GDI32.dll
0x00007ffd48900000 - 0x00007ffd48a23000 	C:\Windows\System32\gdi32full.dll
0x00007ffd48a60000 - 0x00007ffd48b9f000 	C:\Windows\System32\wintypes.dll
0x00007ffd47f90000 - 0x00007ffd47fb8000 	C:\Windows\SYSTEM32\USERENV.dll
0x00007ffd3e760000 - 0x00007ffd3e794000 	C:\Windows\SYSTEM32\WINMM.dll
0x00007ffd4b480000 - 0x00007ffd4b4b1000 	C:\Windows\System32\IMM32.DLL
0x00007ffd467e0000 - 0x00007ffd470fa000 	C:\Windows\SYSTEM32\windows.storage.dll
0x00007ffd4a170000 - 0x00007ffd4a27b000 	C:\Windows\System32\SHCORE.dll
0x00007ffd49e40000 - 0x00007ffd49ea9000 	C:\Windows\System32\shlwapi.dll
0x00007ffd48830000 - 0x00007ffd4885b000 	C:\Windows\SYSTEM32\profapi.dll
0x00007ffd47a60000 - 0x00007ffd47a94000 	C:\Windows\SYSTEM32\ntmarta.dll
0x00007ffc83e70000 - 0x00007ffc84c31000 	E:\Rider\JetBrains Rider 2025.1.4\jbr\bin\server\jvm.dll
0x00007ffd49730000 - 0x00007ffd497a1000 	C:\Windows\System32\WS2_32.dll
0x00007ffd47cb0000 - 0x00007ffd47cfd000 	C:\Windows\SYSTEM32\POWRPROF.dll
0x00007ffce2990000 - 0x00007ffce29ab000 	E:\Rider\JetBrains Rider 2025.1.4\jbr\bin\VCRUNTIME140.dll
0x00007ffd42e40000 - 0x00007ffd42e4a000 	C:\Windows\SYSTEM32\VERSION.dll
0x00007ffce3090000 - 0x00007ffce309c000 	E:\Rider\JetBrains Rider 2025.1.4\jbr\bin\VCRUNTIME140_1.dll
0x00007ffd47c40000 - 0x00007ffd47c53000 	C:\Windows\SYSTEM32\UMPDC.dll
0x00007ffce2980000 - 0x00007ffce298a000 	E:\Rider\JetBrains Rider 2025.1.4\jbr\bin\jimage.dll
0x00007ffd35cb0000 - 0x00007ffd35ce2000 	C:\Windows\SYSTEM32\dbgcore.DLL
0x00007ffce2970000 - 0x00007ffce297e000 	E:\Rider\JetBrains Rider 2025.1.4\jbr\bin\instrument.dll
0x00007ffce2930000 - 0x00007ffce2948000 	E:\Rider\JetBrains Rider 2025.1.4\jbr\bin\jli.dll
0x00007ffce2950000 - 0x00007ffce2970000 	E:\Rider\JetBrains Rider 2025.1.4\jbr\bin\java.dll
0x00007ffd31dc0000 - 0x00007ffd31e73000 	C:\Windows\WinSxS\amd64_microsoft.windows.common-controls_6595b64144ccf1df_5.82.22621.5413_none_b43a8de9638d9f5d\COMCTL32.dll
0x00007ffce2910000 - 0x00007ffce2928000 	E:\Rider\JetBrains Rider 2025.1.4\jbr\bin\zip.dll
0x00007ffd478e0000 - 0x00007ffd478f8000 	C:\Windows\SYSTEM32\kernel.appcore.dll
0x00007ffce2900000 - 0x00007ffce2910000 	E:\Rider\JetBrains Rider 2025.1.4\jbr\bin\net.dll
0x00007ffd428e0000 - 0x00007ffd42a0c000 	C:\Windows\SYSTEM32\WINHTTP.dll
0x00007ffd47ea0000 - 0x00007ffd47f09000 	C:\Windows\system32\mswsock.dll
0x00007ffce28e0000 - 0x00007ffce28f6000 	E:\Rider\JetBrains Rider 2025.1.4\jbr\bin\nio.dll
0x00007ffce28d0000 - 0x00007ffce28d9000 	E:\Rider\JetBrains Rider 2025.1.4\jbr\bin\management.dll
0x00007ffce28c0000 - 0x00007ffce28cb000 	E:\Rider\JetBrains Rider 2025.1.4\jbr\bin\management_ext.dll
0x00007ffd4a100000 - 0x00007ffd4a108000 	C:\Windows\System32\PSAPI.DLL
0x00007ffd23610000 - 0x00007ffd23627000 	C:\Windows\system32\napinsp.dll
0x00007ffd235f0000 - 0x00007ffd2360b000 	C:\Windows\system32\pnrpnsp.dll
0x00007ffd473d0000 - 0x00007ffd474c8000 	C:\Windows\SYSTEM32\DNSAPI.dll
0x00007ffd47360000 - 0x00007ffd4738d000 	C:\Windows\SYSTEM32\IPHLPAPI.DLL
0x00007ffd494f0000 - 0x00007ffd494f9000 	C:\Windows\System32\NSI.dll
0x00007ffd235d0000 - 0x00007ffd235e1000 	C:\Windows\System32\winrnr.dll
0x00007ffd41b00000 - 0x00007ffd41b1f000 	C:\Windows\system32\wshbth.dll
0x00007ffd235a0000 - 0x00007ffd235c1000 	C:\Windows\system32\nlansp_c.dll
0x00007ffd374f0000 - 0x00007ffd374fa000 	C:\Windows\System32\rasadhlp.dll
0x00007ffd41d40000 - 0x00007ffd41dc4000 	C:\Windows\System32\fwpuclnt.dll
0x00007ffce28b0000 - 0x00007ffce28c0000 	E:\Rider\JetBrains Rider 2025.1.4\jbr\bin\verify.dll
0x00007ffc8ffe0000 - 0x00007ffc90178000 	E:\Rider\JetBrains Rider 2025.1.4\jbr\bin\awt.dll
0x00007ffd46170000 - 0x00007ffd4619b000 	C:\Windows\SYSTEM32\dwmapi.dll
0x00007ffce27d0000 - 0x00007ffce285d000 	E:\Rider\JetBrains Rider 2025.1.4\bin\MSVCP140.dll
0x00007ffce2860000 - 0x00007ffce28a4000 	E:\Rider\JetBrains Rider 2025.1.4\jbr\bin\nvdaControllerClient64.dll
0x00007ffd44f90000 - 0x00007ffd45027000 	C:\Windows\SYSTEM32\apphelp.dll
0x00007ffce1c50000 - 0x00007ffce1c59000 	E:\Rider\JetBrains Rider 2025.1.4\jbr\bin\prefs.dll
0x00007ffce1220000 - 0x00007ffce122e000 	E:\Rider\JetBrains Rider 2025.1.4\jbr\bin\sunmscapi.dll
0x00007ffd49330000 - 0x00007ffd49498000 	C:\Windows\System32\CRYPT32.dll
0x00007ffd482b0000 - 0x00007ffd482dd000 	C:\Windows\SYSTEM32\ncrypt.dll
0x00007ffd48270000 - 0x00007ffd482a7000 	C:\Windows\SYSTEM32\NTASN1.dll
0x00007ffd45f20000 - 0x00007ffd45fd4000 	C:\Windows\system32\uxtheme.dll
0x00007ffd4b250000 - 0x00007ffd4b3b0000 	C:\Windows\System32\MSCTF.dll
0x00007ffd49500000 - 0x00007ffd496a0000 	C:\Windows\System32\ole32.dll
0x00007ffce4f50000 - 0x00007ffce4f58000 	C:\Windows\system32\wshunix.dll
0x00007ffcdd5e0000 - 0x00007ffcdd5e9000 	E:\Rider\JetBrains Rider 2025.1.4\jbr\bin\extnet.dll
0x00007ffc91f20000 - 0x00007ffc91fa7000 	E:\Rider\JetBrains Rider 2025.1.4\jbr\bin\freetype.dll
0x00007ffc902c0000 - 0x00007ffc9039e000 	E:\Rider\JetBrains Rider 2025.1.4\jbr\bin\fontmanager.dll
0x00007ffc92f60000 - 0x00007ffc92fa5000 	E:\Rider\JetBrains Rider 2025.1.4\lib\jna\amd64\jnidispatch.dll
0x00007ffd47690000 - 0x00007ffd476a4000 	C:\Windows\system32\Wtsapi32.dll
0x00007ffd479f0000 - 0x00007ffd47a5c000 	C:\Windows\SYSTEM32\WINSTA.dll
0x00007ffce3d10000 - 0x00007ffce3e10000 	C:\Windows\system32\opengl32.dll
0x00007ffd35d30000 - 0x00007ffd35d5d000 	C:\Windows\SYSTEM32\GLU32.dll
0x00007ffd46010000 - 0x00007ffd46047000 	C:\Windows\SYSTEM32\dxcore.dll
0x00007ffd480f0000 - 0x00007ffd4810b000 	C:\Windows\SYSTEM32\CRYPTSP.dll
0x00007ffd47840000 - 0x00007ffd47877000 	C:\Windows\system32\rsaenh.dll
0x00007ffd48110000 - 0x00007ffd4811c000 	C:\Windows\SYSTEM32\CRYPTBASE.dll
0x00007ffd48150000 - 0x00007ffd48162000 	C:\Windows\SYSTEM32\MSASN1.dll
0x00007ffd47f30000 - 0x00007ffd47f56000 	C:\Windows\SYSTEM32\gpapi.dll
0x00007ffd41d00000 - 0x00007ffd41d32000 	C:\Windows\SYSTEM32\cryptnet.dll
0x00007ffd45eb0000 - 0x00007ffd45ebd000 	C:\Windows\SYSTEM32\WINNSI.DLL
0x00007ffd382c0000 - 0x00007ffd38481000 	C:\Windows\WinSxS\amd64_microsoft.windows.gdiplus_6595b64144ccf1df_1.1.22621.5766_none_57fd54f4ce15eaef\gdiplus.dll
0x00007ffd35890000 - 0x00007ffd359d5000 	C:\Windows\SYSTEM32\textinputframework.dll
0x00007ffd44380000 - 0x00007ffd444b3000 	C:\Windows\SYSTEM32\CoreMessaging.dll
0x00007ffd410b0000 - 0x00007ffd4141c000 	C:\Windows\SYSTEM32\CoreUIComponents.dll
0x00007ffd49c30000 - 0x00007ffd49ce0000 	C:\Windows\System32\clbcatq.dll
0x00007ffd37e00000 - 0x00007ffd37e10000 	C:\Windows\system32\wbem\wbemprox.dll
0x00007ffd37d80000 - 0x00007ffd37e00000 	C:\Windows\SYSTEM32\wbemcomn.dll
0x00007ffd32350000 - 0x00007ffd32364000 	C:\Windows\system32\wbem\wbemsvc.dll
0x00007ffd31bd0000 - 0x00007ffd31cc8000 	C:\Windows\system32\wbem\fastprox.dll
0x00007ffd31520000 - 0x00007ffd3153d000 	C:\Windows\SYSTEM32\amsi.dll
0x00007ffd38020000 - 0x00007ffd382bb000 	C:\Windows\WinSxS\amd64_microsoft.windows.common-controls_6595b64144ccf1df_6.0.22621.5697_none_27154c497380d676\comctl32.dll
0x00007ffd45cb0000 - 0x00007ffd45e61000 	C:\Windows\SYSTEM32\WindowsCodecs.dll
0x00007ffd337a0000 - 0x00007ffd337fe000 	C:\Windows\system32\dataexchange.dll
0x00007ffd3d750000 - 0x00007ffd3d9f6000 	C:\Windows\system32\twinapi.appcore.dll
0x00007ffd42720000 - 0x00007ffd42739000 	C:\Windows\SYSTEM32\dhcpcsvc6.DLL
0x00007ffd42700000 - 0x00007ffd4271f000 	C:\Windows\SYSTEM32\dhcpcsvc.DLL
0x00007ffce2790000 - 0x00007ffce27c8000 	E:\Rider\JetBrains Rider 2025.1.4\bin\WinShellIntegrationBridge.dll
0x00007ffd1b850000 - 0x00007ffd1b907000 	C:\Windows\System32\appresolver.dll
0x00007ffd45920000 - 0x00007ffd45a28000 	C:\Windows\system32\propsys.dll
0x00007ffd34b00000 - 0x00007ffd34b60000 	C:\Windows\System32\Bcp47Langs.dll
0x00007ffd49d90000 - 0x00007ffd49e0d000 	C:\Windows\System32\coml2.dll
0x00007ffd07cf0000 - 0x00007ffd07ea5000 	C:\Windows\System32\TaskFlowDataEngine.dll
0x00007ffd362a0000 - 0x00007ffd36352000 	C:\Windows\System32\OneCoreCommonProxyStub.dll
0x00007ffd48610000 - 0x00007ffd4865e000 	C:\Windows\SYSTEM32\CFGMGR32.dll
0x00007ffd324b0000 - 0x00007ffd3256c000 	C:\Windows\System32\Windows.FileExplorer.Common.dll
0x00007ffd35ca0000 - 0x00007ffd35cad000 	C:\Windows\SYSTEM32\LINKINFO.dll
0x00007ffd230a0000 - 0x00007ffd2314f000 	C:\Windows\SYSTEM32\ntshrui.dll
0x00007ffd47bc0000 - 0x00007ffd47c03000 	C:\Windows\SYSTEM32\SspiCli.dll
0x00007ffd32570000 - 0x00007ffd32598000 	C:\Windows\SYSTEM32\srvcli.dll
0x00007ffd2a250000 - 0x00007ffd2a262000 	C:\Windows\SYSTEM32\cscapi.dll
0x00007ffd45a30000 - 0x00007ffd45ad5000 	C:\Windows\SYSTEM32\policymanager.dll
0x00007ffd45880000 - 0x00007ffd45913000 	C:\Windows\SYSTEM32\msvcp110_win.dll
0x00007ffd48660000 - 0x00007ffd4866a000 	C:\Windows\SYSTEM32\DPAPI.dll
0x00007ffd2a3a0000 - 0x00007ffd2a3f0000 	C:\Windows\SYSTEM32\pdh.dll
0x00007ffd35450000 - 0x00007ffd35461000 	C:\Windows\System32\perfproc.dll
0x00007ffcb4250000 - 0x00007ffcb4260000 	C:\Windows\System32\perfos.dll

dbghelp: loaded successfully - version: 4.0.5 - missing functions: none
symbol engine: initialized successfully - sym options: 0x614 - pdb path: .;E:\Rider\JetBrains Rider 2025.1.4\bin;C:\Windows\SYSTEM32;E:\Rider\JetBrains Rider 2025.1.4\jbr\bin\server;E:\Rider\JetBrains Rider 2025.1.4\jbr\bin;C:\Windows\WinSxS\amd64_microsoft.windows.common-controls_6595b64144ccf1df_5.82.22621.5413_none_b43a8de9638d9f5d;E:\Rider\JetBrains Rider 2025.1.4\lib\jna\amd64;C:\Windows\WinSxS\amd64_microsoft.windows.gdiplus_6595b64144ccf1df_1.1.22621.5766_none_57fd54f4ce15eaef;C:\Windows\system32\wbem;C:\Windows\WinSxS\amd64_microsoft.windows.common-controls_6595b64144ccf1df_6.0.22621.5697_none_27154c497380d676

VM Arguments:
jvm_args: abort vfprintf -XX:ErrorFile=C:\Users\Administrator\java_error_in_rider_%p.log -XX:HeapDumpPath=C:\Users\Administrator\java_error_in_rider.hprof -Xms128m -Xmx2048m -XX:ReservedCodeCacheSize=512m -XX:+HeapDumpOnOutOfMemoryError -XX:-OmitStackTraceInFastThrow -XX:CICompilerCount=2 -XX:+IgnoreUnrecognizedVMOptions -XX:+UnlockDiagnosticVMOptions -XX:TieredOldPercentage=100000 -ea -Dsun.io.useCanonCaches=false -Dsun.java2d.metal=true -Djbr.catch.SIGABRT=true -Djdk.http.auth.tunneling.disabledSchemes="" -Djdk.attach.allowAttachSelf=true -Djdk.module.illegalAccess.silent=true -Djdk.nio.maxCachedBufferSize=2097152 -Djava.util.zip.use.nio.for.zip.file.access=true -Dkotlinx.coroutines.debug=off -Dllm.show.ai.promotion.window.on.start=false -Xms128m -Xmx1024m -XX:ReservedCodeCacheSize=512m -XX:+IgnoreUnrecognizedVMOptions -XX:+UseG1GC -XX:SoftRefLRUPolicyMSPerMB=50 -XX:CICompilerCount=2 -XX:+HeapDumpOnOutOfMemoryError -XX:-OmitStackTraceInFastThrow -ea -Dsun.io.useCanonCaches=false -Djdk.http.auth.tunneling.disabledSchemes="" -Djdk.attach.allowAttachSelf=true -Djdk.module.illegalAccess.silent=true -Dkotlinx.coroutines.debug=off -XX:ErrorFile=$USER_HOME/java_error_in_idea_%p.log -XX:HeapDumpPath=$USER_HOME/java_error_in_idea.hprof --add-opens=java.base/jdk.internal.org.objectweb.asm=ALL-UNNAMED --add-opens=java.base/jdk.internal.org.objectweb.asm.tree=ALL-UNNAMED -javaagent:E:\Rider\JetBrains Rider 2025.1.4\rd-windows\ja-netfilter.jar=jetbrains -Djb.vmOptionsFile=E:\Rider\JetBrains Rider 2025.1.4\rd-windows\vmoptions\rider.vmoptions -Xbootclasspath/a:E:\Rider\JetBrains Rider 2025.1.4/lib/nio-fs.jar -Djava.system.class.loader=com.intellij.util.lang.PathClassLoader -Didea.vendor.name=JetBrains -Didea.paths.selector=Rider2025.1 -Djna.boot.library.path=E:\Rider\JetBrains Rider 2025.1.4/lib/jna/amd64 -Djna.nosys=true -Djna.noclasspath=true -Dpty4j.preferred.native.folder=E:\Rider\JetBrains Rider 2025.1.4/lib/pty4j -Dio.netty.allocator.type=pooled -Dintellij.platform.runtime.repository.path=E:\Rider\JetBrains Rider 2025.1.4/modules/module-descriptors.jar -Didea.platform.prefix=Rider -Dwsl.use.remote.agent.for.nio.filesystem=true -Djava.nio.file.spi.DefaultFileSystemProvider=com.intellij.platform.core.nio.fs.MultiRoutingFileSystemProvider -Dide.native.launcher=true -Didea.class.before.app=com.jetbrains.rider.protocol.EarlyBackendStarter -Didea.show.customize.ide.wizard=true -DFilePageCache.THROW_ERROR_ON_DUPLICATE_STORAGE_REGISTRATION=false -Dsplash=true -Daether.connector.resumeDownloads=false -Dcompose.swing.render.on.graphics=true --add-opens=java.base/java.io=ALL-UNNAMED --add-opens=java.base/java.lang=ALL-UNNAMED --add-opens=java.base/java.lang.ref=ALL-UNNAMED --add-opens=java.base/java.lang.reflect=ALL-UNNAMED --add-opens=java.base/java.net=ALL-UNNAMED --add-opens=java.base/java.nio=ALL-UNNAMED --add-opens=java.base/java.nio.charset=ALL-UNNAMED --add-opens=java.base/java.text=ALL-UNNAMED --add-opens=java.base/java.time=ALL-UNNAMED --add-opens=java.base/java.util=ALL-UNNAMED --add-opens=java.base/java.util.concurrent=ALL-UNNAMED --add-opens=java.base/java.util.concurrent.atomic=ALL-UNNAMED --add-opens=java.base/java.util.concurrent.locks=ALL-UNNAMED --add-opens=java.base/jdk.internal.vm=ALL-UNNAMED --add-opens=java.base/sun.net.dns=ALL-UNNAMED --add-opens=java.base/sun.nio.ch=ALL-UNNAMED --add-opens=java.base/sun.nio.fs=ALL-UNNAMED --add-opens=java.base/sun.security.ssl=ALL-UNNAMED --add-opens=java.base/sun.security.util=ALL-UNNAMED --add-opens=java.desktop/com.sun.java.swing=ALL-UNNAMED --add-opens=java.desktop/java.awt=ALL-UNNAMED --add-opens=java.desktop/java.awt.dnd.peer=ALL-UNNAMED --add-opens=java.desktop/java.awt.event=ALL-UNNAMED --add-opens=java.desktop/java.awt.font=ALL-UNNAMED --add-opens=java.desktop/java.awt.image=ALL-UNNAMED --add-opens=java.desktop/java.awt.peer=ALL-UNNAMED --add-opens=java.desktop/javax.swing=ALL-UNNAMED --add-opens=java.desktop/javax.swing.plaf.basic=ALL-UNNAMED --add-opens=java.desktop/javax.swing.text=ALL-UNNAMED --add-opens=java.desktop/javax.swing.text.html=ALL-UNNAMED --add-opens=java.desktop/javax.swing.text.html.parser=ALL-UNNAMED --add-opens=java.desktop/sun.awt=ALL-UNNAMED --add-opens=java.desktop/sun.awt.datatransfer=ALL-UNNAMED --add-opens=java.desktop/sun.awt.image=ALL-UNNAMED --add-opens=java.desktop/sun.awt.windows=ALL-UNNAMED --add-opens=java.desktop/sun.font=ALL-UNNAMED --add-opens=java.desktop/sun.java2d=ALL-UNNAMED --add-opens=java.desktop/sun.swing=ALL-UNNAMED --add-opens=java.management/sun.management=ALL-UNNAMED --add-opens=jdk.attach/sun.tools.attach=ALL-UNNAMED --add-opens=jdk.compiler/com.sun.tools.javac.api=ALL-UNNAMED --add-opens=jdk.internal.jvmstat/sun.jvmstat.monitor=ALL-UNNAMED --add-opens=jdk.jdi/com.sun.tools.jdi=ALL-UNNAMED -Dide.native.launcher=true -Djcef.sandbox.ptr=000001682340EA00 -Djcef.sandbox.cefVersion=122.1.9+gd14e051+chromium-122.0.6261.94 
java_command: com.intellij.idea.Main D:\DALAB\Research\AdvancedMask\Project\AdvancedMask\AdvancedMask.sln --line -1 --column -1 D:\DALAB\Research\AdvancedMask\Project\AdvancedMask\Assets\Scripts\PhotoManager.cs
java_class_path (initial): E:\Rider\JetBrains Rider 2025.1.4\lib\platform-loader.jar;E:\Rider\JetBrains Rider 2025.1.4\lib\util-8.jar;E:\Rider\JetBrains Rider 2025.1.4\lib\util.jar;E:\Rider\JetBrains Rider 2025.1.4\lib\app-client.jar;E:\Rider\JetBrains Rider 2025.1.4\lib\util_rt.jar;E:\Rider\JetBrains Rider 2025.1.4\lib\product.jar;E:\Rider\JetBrains Rider 2025.1.4\lib\lib-client.jar;E:\Rider\JetBrains Rider 2025.1.4\lib\trove.jar;E:\Rider\JetBrains Rider 2025.1.4\lib\app.jar;E:\Rider\JetBrains Rider 2025.1.4\lib\opentelemetry.jar;E:\Rider\JetBrains Rider 2025.1.4\lib\jps-model.jar;E:\Rider\JetBrains Rider 2025.1.4\lib\stats.jar;E:\Rider\JetBrains Rider 2025.1.4\lib\rd.jar;E:\Rider\JetBrains Rider 2025.1.4\lib\external-system-rt.jar;E:\Rider\JetBrains Rider 2025.1.4\lib\protobuf.jar;E:\Rider\JetBrains Rider 2025.1.4\lib\bouncy-castle.jar;E:\Rider\JetBrains Rider 2025.1.4\lib\forms_rt.jar;E:\Rider\JetBrains Rider 2025.1.4\lib\lib.jar;E:\Rider\JetBrains Rider 2025.1.4\lib\externalProcess-rt.jar;E:\Rider\JetBrains Rider 2025.1.4\lib\groovy.jar;E:\Rider\JetBrains Rider 2025.1.4\lib\annotations.jar;E:\Rider\JetBrains Rider 2025.1.4\lib\jsch-agent.jar;E:\Rider\JetBrains Rider 2025.1.4\lib\kotlinx-coroutines-slf4j-1.8.0-intellij.jar;E:\Rider\JetBrains Rider 2025.1.4\lib\product-client.jar
Launcher Type: generic

[Global flags]
     intx CICompilerCount                          = 2                                         {product} {command line}
     uint ConcGCThreads                            = 4                                         {product} {ergonomic}
    ccstr ErrorFile                                = $USER_HOME/java_error_in_idea_%p.log            {product} {command line}
     uint G1ConcRefinementThreads                  = 15                                        {product} {ergonomic}
   size_t G1HeapRegionSize                         = 1048576                                   {product} {ergonomic}
    uintx GCDrainStackTargetSize                   = 64                                        {product} {ergonomic}
     bool HeapDumpOnOutOfMemoryError               = true                                   {manageable} {command line}
    ccstr HeapDumpPath                             = $USER_HOME/java_error_in_idea.hprof         {manageable} {command line}
     bool IgnoreUnrecognizedVMOptions              = true                                      {product} {command line}
   size_t InitialHeapSize                          = 134217728                                 {product} {command line}
   size_t MarkStackSize                            = 4194304                                   {product} {ergonomic}
   size_t MaxHeapSize                              = 1073741824                                {product} {command line}
   size_t MaxNewSize                               = 643825664                                 {product} {ergonomic}
   size_t MinHeapDeltaBytes                        = 1048576                                   {product} {ergonomic}
   size_t MinHeapSize                              = 134217728                                 {product} {command line}
    uintx NonNMethodCodeHeapSize                   = 5826188                                {pd product} {ergonomic}
    uintx NonProfiledCodeHeapSize                  = 265522362                              {pd product} {ergonomic}
     bool OmitStackTraceInFastThrow                = false                                     {product} {command line}
    uintx ProfiledCodeHeapSize                     = 265522362                              {pd product} {ergonomic}
    uintx ReservedCodeCacheSize                    = 536870912                              {pd product} {command line}
     bool SegmentedCodeCache                       = true                                      {product} {ergonomic}
   size_t SoftMaxHeapSize                          = 1073741824                             {manageable} {ergonomic}
     intx SoftRefLRUPolicyMSPerMB                  = 50                                        {product} {command line}
     intx TieredOldPercentage                      = 100000                                 {diagnostic} {command line}
     bool UnlockDiagnosticVMOptions                = true                                   {diagnostic} {command line}
     bool UseCompressedOops                        = true                           {product lp64_product} {ergonomic}
     bool UseG1GC                                  = true                                      {product} {command line}
     bool UseLargePagesIndividualAllocation        = false                                  {pd product} {ergonomic}

Logging:
Log output configuration:
 #0: stdout all=warning uptime,level,tags foldmultilines=false
 #1: stderr all=off uptime,level,tags foldmultilines=false

Environment Variables:
PATH=E:\Vulkan\VulkanSDK\Bin;C:\Windows\system32;C:\Windows;C:\Windows\System32\Wbem;C:\Windows\System32\WindowsPowerShell\v1.0\;C:\Windows\System32\OpenSSH\;C:\Program Files\NVIDIA Corporation\NVIDIA App\NvDLISR;C:\Program Files (x86)\NVIDIA Corporation\PhysX\Common;E:\Git\Git\cmd;E:\CMake\bin;C:\Program Files\dotnet\;C:\Program Files (x86)\Windows Kits\10\Windows Performance Toolkit\;C:\Users\Administrator\AppData\Local\Programs\Python\Launcher\;C:\Users\Administrator\AppData\Local\Microsoft\WindowsApps;C:\Users\Administrator\.dotnet\tools;E:\Clion\CLion 2025.1.3\bin;;E:\Rider\JetBrains Rider 2025.1.4\bin;;E:\PyCharm\PyCharm 2025.1.3.1\bin;;E:\VSCode\Microsoft VS Code\bin
USERNAME=Administrator
OS=Windows_NT
PROCESSOR_IDENTIFIER=Intel64 Family 6 Model 183 Stepping 1, GenuineIntel
TMP=C:\Users\ADMINI~1\AppData\Local\Temp
TEMP=C:\Users\ADMINI~1\AppData\Local\Temp




Periodic native trim disabled

JNI global refs:
JNI global refs: 137, weak refs: 111

JNI global refs memory usage: 2099, weak refs: 4817

Process memory usage:
Resident Set Size: 2120812K (6% of 33335084K total physical memory with 4118632K free physical memory)

OOME stack traces (most recent first):
Classloader memory used:
Loader com.intellij.util.lang.PathClassLoader                                          : 211M
Loader com.intellij.ide.plugins.cl.PluginClassLoader                                   : 68917K
Loader bootstrap                                                                       : 44824K
Loader jdk.internal.loader.ClassLoaders$PlatformClassLoader                            : 2267K
Loader jdk.internal.loader.ClassLoaders$AppClassLoader                                 : 516K
Loader sun.reflect.misc.MethodUtil                                                     : 4216B

Classes loaded by more than one classloader:
Class com.intellij.ultimate.PluginVerifier                                            : loaded 3 times (x 67B)
Class kotlin.collections.CollectionsKt__ReversedViewsKt                               : loaded 2 times (x 67B)
Class ai.grazie.text.TextRange$Companion                                              : loaded 2 times (x 67B)
Class ai.grazie.nlp.patterns.ext.AbbreviationPatterns$English$1$1                     : loaded 2 times (x 91B)
Class ai.grazie.nlp.patterns.standard.StrictPatterns$IsApostrophe$1                   : loaded 2 times (x 74B)
Class ai.grazie.nlp.langs.LanguageISO$Companion                                       : loaded 2 times (x 67B)
Class ai.grazie.nlp.patterns.standard.StrictPatterns$HasNoLetters$1                   : loaded 2 times (x 74B)
Class ai.grazie.nlp.langs.alphabet.NoneAlphabet                                       : loaded 2 times (x 72B)
Class [Lai.grazie.nlp.patterns.MatchPattern;                                          : loaded 2 times (x 65B)
Class [Lai.grazie.nlp.langs.alphabet.Alphabet;                                        : loaded 2 times (x 65B)
Class ai.grazie.nlp.tokenizer.word.HeuristicWordTokenizer                             : loaded 2 times (x 82B)
Class [Lai.grazie.nlp.langs.LanguageISO;                                              : loaded 2 times (x 65B)
Class ai.grazie.nlp.tokenizer.sequence.NonDestructiveCharSequenceTokenizer            : loaded 2 times (x 66B)
Class ai.grazie.nlp.patterns.Pattern                                                  : loaded 2 times (x 66B)
Class ai.grazie.utils.mpp.RootDataLoader                                              : loaded 2 times (x 66B)
Class ai.grazie.nlp.patterns.ext.AbbreviationPatterns$German$1$2                      : loaded 2 times (x 91B)
Class ai.grazie.nlp.patterns.MatchPattern                                             : loaded 2 times (x 66B)
Class kotlin.collections.CollectionsKt__CollectionsKt                                 : loaded 2 times (x 67B)
Class [Lai.grazie.nlp.langs.alphabet.Alphabet$Group;                                  : loaded 2 times (x 65B)
Class ai.grazie.nlp.langs.alphabet.Alphabet$Group                                     : loaded 2 times (x 75B)
Class ai.grazie.nlp.patterns.standard.LikelyPatterns$IsCompositeInflection$1$1        : loaded 2 times (x 91B)
Class ai.grazie.nlp.langs.Language$Companion                                          : loaded 2 times (x 67B)
Class kotlin.collections.CollectionsKt__IteratorsJVMKt                                : loaded 2 times (x 67B)
Class ai.grazie.nlp.patterns.Pattern$Exclusion                                        : loaded 2 times (x 89B)
Class ai.grazie.nlp.patterns.standard.LikelyPatterns$ChatTextEmoji$1                  : loaded 2 times (x 91B)
Class ai.grazie.nlp.patterns.standard.LikelyPatterns$IsMention$1$1                    : loaded 2 times (x 91B)
Class ai.grazie.nlp.tokenizer.Tokenizer$Keys                                          : loaded 2 times (x 67B)
Class kotlin.collections.CollectionsKt__MutableCollectionsKt                          : loaded 2 times (x 67B)
Class ai.grazie.DataHolder$Key                                                        : loaded 2 times (x 67B)
Class ai.grazie.text.Text                                                             : loaded 2 times (x 81B)
Class ai.grazie.DataHolder                                                            : loaded 2 times (x 68B)
Class ai.grazie.nlp.patterns.standard.LikelyPatterns$Chemical$1$1                     : loaded 2 times (x 91B)
Class ai.grazie.nlp.tokenizer.Tokenizer                                               : loaded 2 times (x 66B)
Class ai.grazie.nlp.patterns.ext.AbbreviationPatterns                                 : loaded 2 times (x 67B)
Class ai.grazie.utils.CollectionsKt                                                   : loaded 2 times (x 67B)
Class kotlin.collections.EmptyList                                                    : loaded 2 times (x 170B)
Class ai.grazie.nlp.utils.Symbols                                                     : loaded 2 times (x 67B)
Class ai.grazie.nlp.patterns.ext.AbbreviationPatterns$MatchingParameters              : loaded 2 times (x 67B)
Class ai.grazie.nlp.patterns.standard.LikelyPatterns$ChainedName$1$1                  : loaded 2 times (x 91B)
Class ai.grazie.nlp.patterns.standard.LikelyPatterns$CommandLineOption$1              : loaded 2 times (x 91B)
Class ai.grazie.nlp.patterns.standard.LikelyPatterns$IsURL$1                          : loaded 2 times (x 89B)
Class kotlin.ResultKt                                                                 : loaded 2 times (x 67B)
Class ai.grazie.utils.mpp.TextRegex                                                   : loaded 2 times (x 67B)
Class ai.grazie.utils.mpp.Platform                                                    : loaded 2 times (x 75B)
Class ai.grazie.nlp.patterns.Pattern$After                                            : loaded 2 times (x 89B)
Class ai.grazie.nlp.langs.alphabet.Alphabet$Companion                                 : loaded 2 times (x 67B)
Class ai.grazie.nlp.patterns.standard.LikelyPatterns$IsCommitHash$1                   : loaded 2 times (x 91B)
Class ai.grazie.nlp.patterns.ext.AbbreviationPatterns$All$1                           : loaded 2 times (x 91B)
Class ai.grazie.nlp.patterns.standard.LikelyPatterns                                  : loaded 2 times (x 67B)
Class ai.grazie.nlp.patterns.standard.StrictPatterns                                  : loaded 2 times (x 67B)
Class ai.grazie.nlp.patterns.AhoCorasickPattern$TrieNode                              : loaded 2 times (x 68B)
Class ai.grazie.nlp.tokenizer.NonDestructiveTokenizer                                 : loaded 2 times (x 66B)
Class ai.grazie.nlp.patterns.ext.AbbreviationPatterns$Ukrainian$1$1                   : loaded 2 times (x 91B)
Class ai.grazie.nlp.patterns.AhoCorasickPattern$AhoCorasickBuilder                    : loaded 2 times (x 68B)
Class ai.grazie.nlp.langs.alphabet.Alphabet$Group$1                                   : loaded 2 times (x 74B)
Class ai.grazie.nlp.patterns.Pattern$Before                                           : loaded 2 times (x 92B)
Class ai.grazie.nlp.langs.alphabet.Alphabet$Group$2                                   : loaded 2 times (x 74B)
Class ai.grazie.nlp.langs.alphabet.Alphabet$Group$3                                   : loaded 2 times (x 74B)
Class ai.grazie.nlp.langs.alphabet.Alphabet$Group$4                                   : loaded 2 times (x 74B)
Class kotlin.NotImplementedError                                                      : loaded 2 times (x 78B)
Class kotlin.UninitializedPropertyAccessException                                     : loaded 2 times (x 78B)
Class ai.grazie.nlp.patterns.standard.LikelyPatterns$IsIBAN$1$1                       : loaded 2 times (x 91B)
Class ai.grazie.nlp.patterns.LambdaMatchPattern                                       : loaded 2 times (x 71B)
Class [Lai.grazie.nlp.patterns.Pattern;                                               : loaded 2 times (x 65B)
Class ai.grazie.nlp.langs.alphabet.Alphabet$Group$5                                   : loaded 2 times (x 74B)
Class ai.grazie.nlp.langs.LanguageISO$Companion$1                                     : loaded 2 times (x 74B)
Class ai.grazie.nlp.langs.alphabet.Alphabet$Group$6                                   : loaded 2 times (x 74B)
Class ai.grazie.nlp.patterns.Pattern$beforeWordBoundary$1                             : loaded 2 times (x 92B)
Class ai.grazie.nlp.langs.alphabet.Alphabet$Group$7                                   : loaded 2 times (x 74B)
Class ai.grazie.nlp.langs.Language$Companion$all$2                                    : loaded 2 times (x 74B)
Class ai.grazie.nlp.langs.alphabet.Alphabet$Group$8                                   : loaded 2 times (x 74B)
Class kotlin.coroutines.intrinsics.IntrinsicsKt__IntrinsicsKt                         : loaded 2 times (x 67B)
Class ai.grazie.utils.mpp.Platform$Companion                                          : loaded 2 times (x 67B)
Class kotlin.collections.CollectionsKt__CollectionsJVMKt                              : loaded 2 times (x 67B)
Class kotlin.collections.CollectionsKt__IteratorsKt                                   : loaded 2 times (x 67B)
Class ai.grazie.nlp.langs.LanguageISO                                                 : loaded 2 times (x 75B)
Class ai.grazie.nlp.patterns.ext.AbbreviationPatterns$UpperCaseSequence$1             : loaded 2 times (x 91B)
Class [Lai.grazie.nlp.patterns.AhoCorasickPattern$AhoCorasickBuilder$AutomataBuilderNode;: loaded 2 times (x 65B)
Class ai.grazie.nlp.patterns.standard.LikelyPatterns$IsRebusAbbreviation$1            : loaded 2 times (x 91B)
Class ai.grazie.nlp.patterns.standard.LikelyPatterns$IsFilePath$1$1                   : loaded 2 times (x 91B)
Class ai.grazie.nlp.patterns.standard.LikelyPatterns$IsEncodedBinary$1                : loaded 2 times (x 74B)
Class ai.grazie.nlp.langs.alphabet.RegexAlphabet                                      : loaded 2 times (x 72B)
Class ai.grazie.nlp.patterns.ext.AbbreviationPatterns$AbbreviationPattern             : loaded 2 times (x 90B)
Class ai.grazie.nlp.patterns.AggregatedPattern                                        : loaded 2 times (x 91B)
Class ai.grazie.utils.mpp.PlatformKt$WhenMappings                                     : loaded 2 times (x 67B)
Class ai.grazie.nlp.patterns.standard.LikelyPatterns$IsEmail$1$1                      : loaded 2 times (x 91B)
Class kotlin.collections.EmptyIterator                                                : loaded 2 times (x 85B)
Class ai.grazie.nlp.patterns.Pattern$before$1                                         : loaded 2 times (x 92B)
Class ai.grazie.utils.CollectionFactory                                               : loaded 2 times (x 67B)
Class ai.grazie.utils.mpp.Resources                                                   : loaded 2 times (x 67B)
Class ai.grazie.utils.mpp.StreamDataLoader                                            : loaded 2 times (x 66B)
Class dk.brics.automaton.Transition                                                   : loaded 2 times (x 73B)
Class dk.brics.automaton.RunAutomaton                                                 : loaded 2 times (x 79B)
Class ai.grazie.nlp.patterns.standard.LikelyPatterns$GeneratedId$1                    : loaded 2 times (x 91B)
Class ai.grazie.nlp.langs.alphabet.Alphabet$Group$Companion                           : loaded 2 times (x 67B)
Class ai.grazie.nlp.patterns.Pattern$Companion                                        : loaded 2 times (x 67B)
Class ai.grazie.nlp.patterns.standard.StrictPatterns$IsNumber$1                       : loaded 2 times (x 74B)
Class ai.grazie.nlp.patterns.ext.AbbreviationPatterns$Russian$1$1                     : loaded 2 times (x 91B)
Class ai.grazie.nlp.patterns.ext.AbbreviationPatterns$latinGreekSIUnits$1             : loaded 2 times (x 91B)
Class kotlin.collections.CollectionsKt___CollectionsJvmKt                             : loaded 2 times (x 67B)
Class ai.grazie.nlp.patterns.standard.LikelyPatterns$IsExcelFormula$1                 : loaded 2 times (x 91B)
Class [Lai.grazie.nlp.langs.Language;                                                 : loaded 2 times (x 65B)
Class ai.grazie.nlp.langs.alphabet.Alphabet                                           : loaded 2 times (x 72B)
Class kotlin.TuplesKt                                                                 : loaded 2 times (x 67B)
Class [Ldk.brics.automaton.Transition;                                                : loaded 2 times (x 65B)
Class ai.grazie.nlp.patterns.Pattern$afterWordBoundary$1                              : loaded 2 times (x 89B)
Class ai.grazie.nlp.patterns.ext.AbbreviationPatterns$AbbreviationPattern$delegate$lambda$9$$inlined$sortedBy$1: loaded 2 times (x 85B)
Class dk.brics.automaton.BasicAutomata                                                : loaded 2 times (x 67B)
Class dk.brics.automaton.TransitionComparator                                         : loaded 2 times (x 87B)
Class dk.brics.automaton.Automaton                                                    : loaded 2 times (x 130B)
Class ai.grazie.text.TextRange                                                        : loaded 2 times (x 67B)
Class ai.grazie.utils.mpp.DataLoader                                                  : loaded 2 times (x 66B)
Class kotlin.collections.CollectionsKt___CollectionsKt                                : loaded 2 times (x 67B)
Class dk.brics.automaton.State                                                        : loaded 2 times (x 82B)
Class ai.grazie.utils.mpp.RootStreamDataLoader                                        : loaded 2 times (x 66B)
Class ai.grazie.nlp.patterns.standard.StrictPatterns$HasNumber$1                      : loaded 2 times (x 74B)
Class ai.grazie.nlp.patterns.standard.LikelyPatterns$IsGermanOrdinal$1                : loaded 2 times (x 91B)
Class kotlin.collections.CollectionsKt__MutableCollectionsJVMKt                       : loaded 2 times (x 67B)
Class dk.brics.automaton.BasicOperations                                              : loaded 2 times (x 67B)
Class kotlin.coroutines.intrinsics.IntrinsicsKt                                       : loaded 2 times (x 67B)
Class kotlin.jvm.internal.Intrinsics                                                  : loaded 2 times (x 67B)
Class ai.grazie.nlp.patterns.standard.LikelyPatterns$NameInitials$1                   : loaded 2 times (x 91B)
Class ai.grazie.utils.mpp.PlatformKt                                                  : loaded 2 times (x 67B)
Class ai.grazie.utils.mpp.DataLoader$Path                                             : loaded 2 times (x 68B)
Class kotlin.collections.CollectionsKt__IterablesKt                                   : loaded 2 times (x 67B)
Class ai.grazie.nlp.patterns.standard.LikelyPatterns$TicketName$1                     : loaded 2 times (x 91B)
Class kotlin.KotlinNullPointerException                                               : loaded 2 times (x 79B)
Class ai.grazie.nlp.patterns.standard.LikelyPatterns$PunctuationOperator$1$1          : loaded 2 times (x 91B)
Class ai.grazie.nlp.tokenizer.sequence.CharSequenceTokenizer                          : loaded 2 times (x 66B)
Class ai.grazie.utils.mpp.FromResourcesDataLoader                                     : loaded 2 times (x 91B)
Class ai.grazie.nlp.patterns.RegexPattern                                             : loaded 2 times (x 91B)
Class ai.grazie.nlp.patterns.ext.AbbreviationPatterns$AbbreviationPattern$delegate$1$2: loaded 2 times (x 75B)
Class ai.grazie.nlp.patterns.ext.AbbreviationPatterns$AbbreviationPattern$delegate$1$3: loaded 2 times (x 92B)
Class ai.grazie.nlp.patterns.ext.AbbreviationPatterns$tokenizerRelevantPattern$1      : loaded 2 times (x 91B)
Class ai.grazie.nlp.patterns.standard.LikelyPatterns$FunctionName$1$1                 : loaded 2 times (x 91B)
Class kotlin.jvm.internal.markers.KMappedMarker                                       : loaded 2 times (x 66B)
Class ai.grazie.nlp.tokenizer.Tokenizer$Token                                         : loaded 2 times (x 68B)
Class ai.grazie.nlp.patterns.AhoCorasickPattern$AhoCorasickBuilder$AutomataBuilderNode: loaded 2 times (x 68B)
Class ai.grazie.nlp.langs.alphabet.SetBasedAlphabet                                   : loaded 2 times (x 72B)
Class ai.grazie.nlp.patterns.standard.LikelyPatterns$IsIPv4$1                         : loaded 2 times (x 91B)
Class kotlin.coroutines.intrinsics.IntrinsicsKt__IntrinsicsJvmKt                      : loaded 2 times (x 67B)
Class kotlin.collections.CollectionsKt                                                : loaded 2 times (x 67B)
Class [Lai.grazie.utils.mpp.Platform;                                                 : loaded 2 times (x 65B)
Class ai.grazie.nlp.langs.Language                                                    : loaded 2 times (x 75B)
Class ai.grazie.DataHolder$data$2                                                     : loaded 2 times (x 74B)
Class ai.grazie.nlp.patterns.AhoCorasickPattern                                       : loaded 2 times (x 92B)

---------------  S Y S T E M  ---------------

OS:
 Windows 11 , 64 bit Build 22621 (10.0.22621.5415)
OS uptime: 0 days 8:51 hours

CPU: total 20 (initial active 20) (10 cores per cpu, 2 threads per core) family 6 model 183 stepping 1 microcode 0x12b, cx8, cmov, fxsr, ht, mmx, 3dnowpref, sse, sse2, sse3, ssse3, sse4.1, sse4.2, popcnt, lzcnt, tsc, tscinvbit, avx, avx2, aes, erms, clmul, bmi1, bmi2, adx, sha, fma, vzeroupper, clflush, clflushopt, clwb, serialize, rdtscp, rdpid, fsrm, f16c, pku, cet_ibt, cet_ss
Processor Information for the first 20 processors :
  Max Mhz: 3500, Current Mhz: 3500, Mhz Limit: 3500

Memory: 4k page, system-wide physical 32553M (4314M free)
TotalPageFile size 40745M (AvailPageFile size 606M)
current process WorkingSet (physical memory assigned to process): 2070M, peak: 2298M
current process commit charge ("private bytes"): 1816M, peak: 2091M

vm_info: OpenJDK 64-Bit Server VM (21.0.7+9-b895.130) for windows-amd64 JRE (21.0.7+9-b895.130), built on 2025-05-13 by "builduser" with MS VC++ 16.10 / 16.11 (VS2019)

END.
