Timestamp,Angle,PupilSize,ModelID,LightIntensity
2025-09-03 21:56:34.592,0.007533482,-0.03160752,0,0
2025-09-03 21:56:34.923,0.007533482,-0.03160752,0,0
2025-09-03 21:56:35.257,0.007533482,-0.03160752,0,0
2025-09-03 21:56:35.592,0.007533482,-0.03160752,0,0
2025-09-03 21:56:35.924,0.007533482,-0.03160752,0,0
2025-09-03 21:56:36.258,0.007533482,-0.03160752,0,0
2025-09-03 21:56:36.589,0.007533482,-0.03160752,0,0
2025-09-03 21:56:36.924,0.007533482,-0.03160752,0,0
2025-09-03 21:56:37.260,0.007533482,-0.03160752,0,0
2025-09-03 21:56:37.590,0.007533482,-0.03160752,0,0
2025-09-03 21:56:37.925,0.007533482,-0.03160752,0,0
2025-09-03 21:56:38.258,0.007533482,-0.03160752,0,0
2025-09-03 21:56:38.592,0.007533482,-0.03160752,0,0
2025-09-03 21:56:38.922,0.007533482,-0.03160752,0,0
2025-09-03 21:56:39.257,0.007533482,-0.03160752,0,0
2025-09-03 21:56:39.591,0.007533482,-0.03160752,0,0
2025-09-03 21:56:39.924,0.007533482,-0.03160752,0,0
2025-09-03 21:56:40.256,0.007533482,-0.03160752,0,0
2025-09-03 21:56:40.590,0.007533482,-0.03160752,0,0
2025-09-03 21:56:40.923,0.007533482,-0.03160752,0,0
2025-09-03 21:56:41.257,0.007533482,-0.03160752,0,0
2025-09-03 21:56:41.590,0.007533482,-0.03160752,0,0
2025-09-03 21:56:41.923,0.007533482,-0.03160752,0,0
2025-09-03 21:56:42.256,0.007533482,-0.03160752,0,0
2025-09-03 21:56:42.591,0.007533482,-0.03160752,0,0
2025-09-03 21:56:42.924,0.007533482,0.5647126,0,0
2025-09-03 21:56:43.257,0.007533482,0.7180409,0,0
2025-09-03 21:56:43.589,0.007533482,0.830591,0,0
2025-09-03 21:56:43.923,0.007533482,0.8270733,0,0
2025-09-03 21:56:44.256,0.007533482,0.724807,0,0
2025-09-03 21:56:44.590,0.007533482,1.144565,0,0
2025-09-03 21:56:44.925,0.007533482,0.8536896,0,0
2025-09-03 21:56:45.258,0.007533482,0.6413255,0,0
2025-09-03 21:56:45.590,0.007533482,0.8222302,0,0
2025-09-03 21:56:45.922,0.007533482,0.8862771,0,0
2025-09-03 21:56:46.257,0.007533482,1.07454,0,0
2025-09-03 21:56:46.590,0.007533482,0.417799,0,0
2025-09-03 21:56:46.923,0.007533482,0.7387806,0,0
2025-09-03 21:56:47.258,0.007533482,1.020748,0,0
2025-09-03 21:56:47.591,0.007533482,0.7056973,0,0
2025-09-03 21:56:47.925,0.007533482,0.7662707,0,0
2025-09-03 21:56:48.259,0.007533482,1.015954,0,0
2025-09-03 21:56:48.590,0.007533482,0.8993902,0,0
2025-09-03 21:56:48.925,0.007533482,0.8778659,0,0
2025-09-03 21:56:49.258,0.007533482,0.8343755,0,0
2025-09-03 21:56:49.591,0.007533482,0.7214004,0,0
2025-09-03 21:56:49.924,0.007533482,0.7848107,0,0
2025-09-03 21:56:50.257,0.007533482,1.003998,0,0
2025-09-03 21:56:50.589,0.007533482,-0.03370554,0,0
2025-09-03 21:56:50.924,0.007533482,0.4203442,0,0
2025-09-03 21:56:51.257,0.007533482,-0.03370554,0,0
2025-09-03 21:56:51.589,0.007533482,1.04162,0,0
2025-09-03 21:56:51.923,0.007533482,-0.03370554,0,0
2025-09-03 21:56:52.258,0.007533482,1.277621,0,0
2025-09-03 21:56:52.590,0.007533482,-0.03370554,0,0
2025-09-03 21:56:52.924,0.007533482,-0.03370554,0,0
2025-09-03 21:56:53.257,0.007533482,-0.03370554,0,0
2025-09-03 21:56:53.590,0.007533482,-0.03370554,0,0
2025-09-03 21:56:53.923,0.007533482,-0.03370554,0,0
2025-09-03 21:56:54.256,0.007533482,-0.03370554,0,0
2025-09-03 21:56:54.589,0.007533482,-0.03370554,0,0
2025-09-03 21:56:54.924,0.007533482,-0.03370554,0,0
2025-09-03 21:56:55.257,0.007533482,-0.03370554,0,0
2025-09-03 21:56:55.591,0.007533482,-0.03370554,0,0
2025-09-03 21:56:55.923,0.007533482,-0.03370554,0,0
2025-09-03 21:56:56.257,0.007533482,-0.03370554,0,0
2025-09-03 21:56:56.590,0.007533482,-0.03370554,0,0
2025-09-03 21:56:56.925,0.007533482,-0.03370554,0,0
2025-09-03 21:56:57.258,0.007533482,-0.03370554,0,0
2025-09-03 21:56:57.591,0.007533482,-0.03370554,0,0
2025-09-03 21:56:57.923,0.007533482,-0.03370554,0,0
2025-09-03 21:56:58.258,0.007533482,-0.03370554,0,0
2025-09-03 21:56:58.591,0.007533482,-0.03370554,0,0
2025-09-03 21:56:58.924,0.007533482,-0.03370554,0,0
2025-09-03 21:56:59.258,0.007533482,-0.03370554,0,0
2025-09-03 21:56:59.590,0.007533482,-0.03370554,0,0
2025-09-03 21:56:59.922,0.007533482,0.6736469,0,0
2025-09-03 21:57:00.256,0.007533482,0.8010233,0,0
2025-09-03 21:57:00.591,0.007533482,1.12624,0,0
2025-09-03 21:57:00.924,0.007533482,0.6238336,0,0
2025-09-03 21:57:01.257,0.007533482,0.9227348,0,0
2025-09-03 21:57:01.590,0.007533482,0.9305443,0,0
2025-09-03 21:57:01.921,0.007533482,0.6720574,0,0
2025-09-03 21:57:02.257,0.007533482,0.6983358,0,0
2025-09-03 21:57:02.591,0.007533482,0.8057621,0,0
2025-09-03 21:57:02.922,0.007533482,0.9236954,0,0
2025-09-03 21:57:03.257,0.007533482,1.029744,0,0
2025-09-03 21:57:03.590,0.007533482,1.079503,0,0
2025-09-03 21:57:03.924,0.007533482,0.8176203,0,0
2025-09-03 21:57:04.257,0.007533482,1.012746,0,0
2025-09-03 21:57:04.591,0.007533482,1.167998,0,0
2025-09-03 21:57:04.925,0.007533482,1.090588,0,0
2025-09-03 21:57:05.256,0.007533482,1.074611,0,0
2025-09-03 21:57:05.591,0.007533482,1.349029,0,0
2025-09-03 21:57:05.922,0.007533482,1.156958,0,0
2025-09-03 21:57:06.257,0.007533482,1.127412,0,0
2025-09-03 21:57:06.591,0.007533482,1.030474,0,0
2025-09-03 21:57:06.924,0.007533482,1.55512,0,0
2025-09-03 21:57:07.259,0.007533482,1.595556,0,0
2025-09-03 21:57:07.592,0.007533482,1.111112,0,0
2025-09-03 21:57:07.923,0.007533482,1.421926,0,0
2025-09-03 21:57:09.075,5.004743,1.320873,0,0
2025-09-03 21:57:09.085,5.004743,0.9764199,0,0
2025-09-03 21:57:09.334,5.004743,1.171888,0,0
2025-09-03 21:57:09.669,5.004743,1.291327,0,0
2025-09-03 21:57:10.000,5.004743,1.139645,0,0
2025-09-03 21:57:10.335,5.004743,1.230485,0,0
2025-09-03 21:57:10.669,5.004743,1.171117,0,0
2025-09-03 21:57:11.001,5.004743,1.094954,0,0
2025-09-03 21:57:11.362,10.00195,0.5642164,0,0
2025-09-03 21:57:11.910,15.00921,1.219891,0,0
2025-09-03 21:57:12.081,15.00921,1.218125,0,0
2025-09-03 21:57:12.412,15.00921,1.277836,0,0
2025-09-03 21:57:13.275,25.01367,1.520808,0,0
2025-09-03 21:57:13.586,30.00837,1.452734,0,0
2025-09-03 21:57:13.594,30.00837,1.656158,0,0
2025-09-03 21:57:13.959,35.01563,0.8994718,0,0
2025-09-03 21:57:14.154,35.01563,1.416461,0,0
2025-09-03 21:57:14.671,40.02539,1.393152,0,0
2025-09-03 21:57:14.820,40.02539,0.8617724,0,0
2025-09-03 21:57:15.154,40.02539,1.400573,0,0
2025-09-03 21:57:15.488,40.02539,1.196561,0,0
2025-09-03 21:57:15.926,45.03265,-0.03373543,0,0
2025-09-03 21:57:16.154,45.03265,-0.03370795,0,0
2025-09-03 21:57:16.488,45.03265,1.273497,0,0
2025-09-03 21:57:16.820,45.03265,1.209655,0,0
2025-09-03 21:57:17.154,45.03265,1.542471,0,0
2025-09-03 21:57:17.487,45.03265,0.836718,0,0
2025-09-03 21:57:17.822,45.03265,0.856053,0,0
2025-09-03 21:57:18.350,0.002511161,1.407245,0,0
2025-09-03 21:57:18.562,0.002511161,1.308818,0,0
2025-09-03 21:57:18.895,0.002511161,1.277247,0,0
2025-09-03 21:57:19.229,0.002511161,1.23349,0,0
2025-09-03 21:57:19.562,0.002511161,1.202544,0,0
2025-09-03 21:57:19.895,0.002511161,1.045721,0,0
2025-09-03 21:57:20.228,0.002511161,1.251159,0,0
2025-09-03 21:57:20.561,0.002511161,2.315568,0,0
2025-09-03 21:57:20.898,0.002511161,1.009427,0,0
2025-09-03 21:57:21.229,0.002511161,1.207394,0,0
2025-09-03 21:57:21.561,0.002511161,1.069858,0,0
2025-09-03 21:57:21.897,0.002511161,1.105092,0,0
2025-09-03 21:57:22.231,0.002511161,0.7272807,0,0
2025-09-03 21:57:22.563,0.002511161,0.8470327,0,0
2025-09-03 21:57:22.897,0.002511161,0.8857925,0,0
2025-09-03 21:57:23.227,0.002511161,1.020027,0,0
2025-09-03 21:57:23.563,0.002511161,0.942778,0,0
2025-09-03 21:57:23.895,0.002511161,1.01637,0,0
2025-09-03 21:57:24.230,0.002511161,1.228869,0,0
2025-09-03 21:57:24.564,0.002511161,0.7091204,0,0
2025-09-03 21:57:24.895,0.002511161,0.9670529,0,0
2025-09-03 21:57:25.231,0.002511161,0.7917299,0,0
2025-09-03 21:57:25.562,0.002511161,0.8560466,0,0
2025-09-03 21:57:25.897,0.002511161,0.833589,0,0
2025-09-03 21:57:26.230,0.002511161,0.6020591,0,0
2025-09-03 21:57:26.563,0.002511161,1.366878,0,0
2025-09-03 21:57:26.896,0.002511161,0.8596253,0,0
2025-09-03 21:57:27.229,0.002511161,0.9674522,0,0
2025-09-03 21:57:27.563,0.002511161,0.8275974,0,0
2025-09-03 21:57:28.470,9.99442,0.8097369,0,0
2025-09-03 21:57:28.882,14.99665,0.9900317,0,0
2025-09-03 21:57:29.192,19.99888,0.9978289,0,0
2025-09-03 21:57:29.201,19.99888,1.015724,0,0
2025-09-03 21:57:29.915,29.99582,0.9856851,0,0
2025-09-03 21:57:29.924,29.99582,0.8821678,0,0
2025-09-03 21:57:30.049,29.99582,0.9112828,0,0
2025-09-03 21:57:30.510,0,1.045961,0,0
2025-09-03 21:57:30.953,4.992188,0.884743,0,0
2025-09-03 21:57:31.593,15.0067,1.138978,0,0
2025-09-03 21:57:31.601,15.0067,0.773621,0,0
2025-09-03 21:57:31.718,15.0067,0.8445348,0,0
2025-09-03 21:57:32.051,15.0067,0.6612836,0,0
2025-09-03 21:57:32.384,15.0067,0.8388317,0,0
2025-09-03 21:57:32.716,15.0067,0.9025544,0,0
2025-09-03 21:57:33.050,15.0067,0.88968,0,0
2025-09-03 21:57:33.385,15.0067,0.8498881,0,0
2025-09-03 21:57:33.716,15.0067,0.7782021,0,0
2025-09-03 21:57:34.051,15.0067,0.8286877,0,0
2025-09-03 21:57:34.385,15.0067,0.811409,0,0
2025-09-03 21:57:34.716,15.0067,0.8881677,0,0
2025-09-03 21:57:35.050,15.0067,0.9784318,0,0
2025-09-03 21:57:35.384,15.0067,0.8347189,0,0
2025-09-03 21:57:35.718,15.0067,0.9103603,0,0
2025-09-03 21:57:36.051,15.0067,0.929516,0,0
2025-09-03 21:57:36.384,15.0067,0.8921515,0,0
2025-09-03 21:57:36.718,15.0067,0.7691798,0,0
2025-09-03 21:57:37.474,24.99358,0.6544998,0,0
2025-09-03 21:57:37.784,29.99833,0.8655569,0,0
2025-09-03 21:57:38.405,5.007255,0.5384839,0,0
2025-09-03 21:57:38.815,10.012,0.9148237,0,0
2025-09-03 21:57:39.126,15.00419,0.8693122,0,0
2025-09-03 21:57:39.437,20.00893,0.9920076,0,0
2025-09-03 21:57:39.446,20.00893,0.9920076,0,0
2025-09-03 21:57:39.539,20.00893,1.034236,0,0
2025-09-03 21:57:39.889,0.005022321,0.7314786,0,0
2025-09-03 21:57:40.205,0.005022321,1.001244,0,0
2025-09-03 21:57:40.539,0.005022321,0.8862954,0,0
2025-09-03 21:57:40.871,0.005022321,1.007314,0,0
2025-09-03 21:57:41.207,0.005022321,0.9898388,0,0
2025-09-03 21:57:41.725,5.007255,0.9952893,0,0
2025-09-03 21:57:41.872,5.007255,0.9899784,0,0
2025-09-03 21:57:42.205,5.007255,1.010233,0,0
2025-09-03 21:57:42.540,5.007255,1.079618,0,0
2025-09-03 21:57:42.873,5.007255,0.7850022,0,0
2025-09-03 21:57:43.204,5.007255,0.9657789,0,0
2025-09-03 21:57:43.538,5.007255,0.9170716,0,0
2025-09-03 21:57:43.872,5.007255,0.7624584,0,0
2025-09-03 21:57:44.206,5.007255,0.7811076,0,0
2025-09-03 21:57:44.540,5.007255,0.8227919,0,0
2025-09-03 21:57:44.873,5.007255,0.7526771,0,0
2025-09-03 21:57:45.840,14.99665,0.8453354,0,0
2025-09-03 21:57:46.150,19.99386,0.8350095,0,0
2025-09-03 21:57:46.460,24.98605,1.093204,0,0
2025-09-03 21:57:46.770,29.99079,0.6809048,0,0
2025-09-03 21:57:46.777,29.99079,0.8015655,0,0
2025-09-03 21:57:47.228,34.98298,0.7262768,0,0
2025-09-03 21:57:47.282,34.98298,0.8265449,0,0
2025-09-03 21:57:47.615,34.98298,0.9020935,0,0
2025-09-03 21:57:47.949,34.98298,0.737973,0,0
2025-09-03 21:57:48.282,34.98298,0.8136662,0,0
2025-09-03 21:57:48.614,34.98298,0.9231191,0,0
2025-09-03 21:57:48.948,34.98298,0.7263584,0,0
2025-09-03 21:57:49.281,34.98298,0.8797824,0,0
2025-09-03 21:57:49.614,34.98298,0.8312976,0,0
2025-09-03 21:57:49.949,34.98298,0.7632811,0,0
2025-09-03 21:57:50.281,34.98298,0.9706999,0,0
2025-09-03 21:57:50.616,34.98298,1.413822,0,0
2025-09-03 21:57:51.386,39.98521,0.8211123,1,210
2025-09-03 21:57:51.395,0.002511161,0.8171666,1,210
2025-09-03 21:57:51.688,0.002511161,0.7821887,1,210
2025-09-03 21:57:52.024,0.002511161,0.9553649,1,210
2025-09-03 21:57:52.581,4.999721,0.8367422,1,210
2025-09-03 21:57:52.976,9.99442,0.8936095,1,210
2025-09-03 21:57:53.023,9.99442,0.8170595,1,210
2025-09-03 21:57:53.375,14.99163,0.9072061,1,210
2025-09-03 21:57:54.244,4.982143,0.9032106,1,210
2025-09-03 21:57:54.249,4.982143,1.25714,1,210
2025-09-03 21:57:54.356,4.982143,0.9326959,1,210
2025-09-03 21:57:54.929,-0.007533482,0.9505532,1,210
2025-09-03 21:57:55.543,9.99442,0.9521611,1,210
2025-09-03 21:57:55.853,14.99163,0.9998422,1,210
2025-09-03 21:57:56.164,20.00139,1.007805,1,210
2025-09-03 21:57:56.172,20.00139,0.9227824,1,210
2025-09-03 21:57:56.430,20.00139,0.9479094,1,210
2025-09-03 21:57:57.039,25.00363,0.8961732,1,210
2025-09-03 21:57:57.097,25.00363,0.9530523,1,210
2025-09-03 21:57:57.541,30.00335,1.188202,1,210
2025-09-03 21:57:57.763,30.00335,0.8797394,1,210
2025-09-03 21:57:58.098,30.00335,0.7733403,1,210
2025-09-03 21:57:58.461,0.007533482,0.8293773,3,105
2025-09-03 21:57:58.766,0.007533482,0.8477679,3,105
2025-09-03 21:57:59.120,4.999721,1.710477,3,105
2025-09-03 21:57:59.966,15.0067,0.9699692,3,105
2025-09-03 21:58:00.279,20.00642,0.8182591,3,105
2025-09-03 21:58:00.591,25.01618,0.8167049,3,105
2025-09-03 21:58:00.901,30.01088,0.8502608,3,105
2025-09-03 21:58:01.522,40.00781,0.7869482,3,105
2025-09-03 21:58:01.832,45.00753,0.8527513,3,105
2025-09-03 21:58:02.144,50.00223,0.6424794,3,105
2025-09-03 21:58:02.456,54.99442,0.9194968,3,105
2025-09-03 21:58:02.464,54.99442,0.9105993,3,105
2025-09-03 21:58:02.601,54.99442,0.9683993,3,105
2025-09-03 21:58:03.268,0,0.8303004,6,18
2025-09-03 21:58:03.326,0,0.7772399,6,18
2025-09-03 21:58:03.766,4.994699,0.8986456,6,18
2025-09-03 21:58:04.470,9.991908,0.8088647,6,18
2025-09-03 21:58:04.476,9.991908,0.8335376,6,18
2025-09-03 21:58:04.811,9.991908,0.8244233,6,18
2025-09-03 21:58:05.142,9.991908,1.033672,6,18
2025-09-03 21:58:05.478,9.991908,0.6999574,6,18
2025-09-03 21:58:05.810,9.991908,1.188172,6,18
2025-09-03 21:58:06.142,9.991908,0.8664144,6,18
2025-09-03 21:58:06.477,9.991908,0.8038277,6,18
2025-09-03 21:58:06.809,9.991908,0.7890555,6,18
2025-09-03 21:58:07.144,9.991908,1.098501,6,18
2025-09-03 21:58:07.792,19.99135,0.961072,6,18
2025-09-03 21:58:08.516,24.98605,0.963949,6,46
2025-09-03 21:58:08.524,-0.002511161,0.9333777,6,46
2025-09-03 21:58:08.554,-0.002511161,1.021132,6,46
2025-09-03 21:58:09.215,9.991908,1.120869,6,46
2025-09-03 21:58:09.526,14.99414,1.05827,6,46
2025-09-03 21:58:10.146,24.98856,0.9137768,6,46
2025-09-03 21:58:10.457,29.99079,1.079626,6,46
2025-09-03 21:58:10.769,34.98298,0.8017011,6,46
2025-09-03 21:58:11.079,39.98521,1.253631,6,46
2025-09-03 21:58:11.491,44.99247,0.999976,6,46
2025-09-03 21:58:11.803,49.99219,1.166913,6,46
2025-09-03 21:58:12.218,49.99219,1.008034,2,18
2025-09-03 21:58:12.234,0.005022321,1.003019,2,18
2025-09-03 21:58:12.390,0.005022321,1.187387,2,18
2025-09-03 21:58:12.721,0.005022321,1.248208,2,18
2025-09-03 21:58:13.056,0.005022321,0.8674006,2,18
2025-09-03 21:58:13.389,0.005022321,1.020206,2,18
2025-09-03 21:58:14.058,9.996931,0.9745588,2,18
2025-09-03 21:58:14.071,9.996931,0.9765884,2,18
2025-09-03 21:58:14.388,9.996931,0.9387754,2,18
2025-09-03 21:58:14.721,9.996931,0.9373022,2,18
2025-09-03 21:58:15.053,4.999721,0.8849519,2,18
2025-09-03 21:58:15.387,4.999721,0.7324958,2,18
2025-09-03 21:58:16.153,14.99916,1.076614,2,18
2025-09-03 21:58:16.163,14.99916,0.9985703,2,18
2025-09-03 21:58:16.465,14.99916,0.9570984,2,18
2025-09-03 21:58:16.932,20.00642,0.9275758,2,18
2025-09-03 21:58:17.270,25.00363,0.9622052,2,18
2025-09-03 21:58:17.588,30.01339,1.039381,2,18
2025-09-03 21:58:17.797,30.01339,1.004183,2,18
2025-09-03 21:58:18.542,40.01535,0.9845299,2,18
2025-09-03 21:58:18.549,40.01535,1.021811,2,18
2025-09-03 21:58:18.905,0.007533482,1.02584,4,46
2025-09-03 21:58:19.210,0.007533482,0.9267823,4,46
2025-09-03 21:58:20.252,10.00949,0.8931167,4,46
2025-09-03 21:58:20.260,10.00949,0.8142965,4,46
2025-09-03 21:58:20.286,10.00949,0.9214956,4,46
2025-09-03 21:58:21.039,19.99637,0.9310166,4,46
2025-09-03 21:58:21.046,19.99637,0.8736102,4,46
2025-09-03 21:58:21.712,29.98828,0.9238275,4,46
2025-09-03 21:58:22.022,34.98298,0.898801,4,46
2025-09-03 21:58:22.332,39.9827,0.9791001,4,46
2025-09-03 21:58:22.952,49.96959,0.9100345,4,46
2025-09-03 21:58:23.262,54.97433,0.8759679,4,46
2025-09-03 21:58:23.675,59.96903,1.004956,4,46
2025-09-03 21:58:23.683,59.96903,1.028572,4,46
2025-09-03 21:58:23.777,59.96903,0.8724566,4,46
2025-09-03 21:58:24.103,59.96903,0.8903601,4,46
2025-09-03 21:58:24.438,59.96903,0.9304428,4,46
2025-09-03 21:58:24.772,59.96903,0.8653583,4,46
2025-09-03 21:58:25.104,59.96903,0.9212569,4,46
2025-09-03 21:58:25.439,59.96903,1.057765,4,46
2025-09-03 21:58:25.772,59.96903,0.7692167,4,46
2025-09-03 21:58:26.105,59.96903,0.7561982,4,46
2025-09-03 21:58:26.553,0.01757813,0.9642686,2,18
2025-09-03 21:58:26.851,0.01757813,0.6527615,2,18
2025-09-03 21:58:27.184,0.01757813,1.019473,2,18
2025-09-03 21:58:27.518,0.01757813,1.025642,2,18
2025-09-03 21:58:27.851,0.01757813,1.010945,2,18
2025-09-03 21:58:28.183,0.01757813,1.046805,2,18
2025-09-03 21:58:28.516,0.01757813,0.9502232,2,18
2025-09-03 21:58:28.851,0.01757813,0.77061,2,18
2025-09-03 21:58:29.185,0.01757813,0.9949053,2,18
2025-09-03 21:58:29.516,0.01757813,0.8640794,2,18
2025-09-03 21:58:29.850,0.01757813,0.8190742,2,18
2025-09-03 21:58:30.185,0.01757813,0.7167062,2,18
2025-09-03 21:58:30.517,0.01757813,0.6078233,2,18
2025-09-03 21:58:30.851,0.01757813,0.8230248,2,18
2025-09-03 21:58:31.185,0.01757813,0.7200785,2,18
2025-09-03 21:58:31.520,0.01757813,0.7425103,2,18
2025-09-03 21:58:31.849,0.01757813,0.7199123,2,18
2025-09-03 21:58:32.183,0.01757813,0.747926,2,18
2025-09-03 21:58:32.517,0.01757813,0.8331965,2,18
2025-09-03 21:58:32.851,0.01757813,0.8597643,2,18
2025-09-03 21:58:33.184,0.01757813,0.7297683,2,18
2025-09-03 21:58:33.516,0.01757813,0.8056781,2,18
2025-09-03 21:58:33.851,0.01757813,0.7235517,2,18
2025-09-03 21:58:34.182,0.01757813,0.752267,2,18
2025-09-03 21:58:34.518,0.01757813,0.7573985,2,18
2025-09-03 21:58:34.849,0.01757813,0.7205827,2,18
2025-09-03 21:58:35.183,0.01757813,0.677093,2,18
2025-09-03 21:58:35.518,0.01757813,0.7156692,2,18
2025-09-03 21:58:35.850,0.01757813,0.7170163,2,18
2025-09-03 21:58:36.183,0.01757813,0.7681125,2,18
2025-09-03 21:58:36.517,0.01757813,0.8105221,2,18
2025-09-03 21:58:36.849,0.01757813,0.7686868,2,18
2025-09-03 21:58:37.184,0.01757813,0.6716074,2,18
2025-09-03 21:58:37.517,0.01757813,0.8903651,2,18
2025-09-03 21:58:37.851,0.01757813,0.753969,2,18
2025-09-03 21:58:38.184,0.01757813,0.7471978,2,18
2025-09-03 21:58:38.515,0.01757813,0.879809,2,18
2025-09-03 21:58:38.850,0.01757813,0.7948816,2,18
2025-09-03 21:58:39.184,0.01757813,0.9678095,2,18
2025-09-03 21:58:39.519,0.01757813,1.078754,2,18
2025-09-03 21:58:39.852,0.01757813,0.6872668,2,18
2025-09-03 21:58:40.183,0.01757813,0.7842825,2,18
2025-09-03 21:58:40.517,0.01757813,0.9701636,2,18
2025-09-03 21:58:40.852,0.01757813,0.7810771,2,18
2025-09-03 21:58:41.184,0.01757813,0.7950681,2,18
2025-09-03 21:58:41.517,0.01757813,0.7541715,2,18
2025-09-03 21:58:41.850,0.01757813,0.9558756,2,18
2025-09-03 21:58:42.182,0.01757813,0.8357749,2,18
2025-09-03 21:58:42.516,0.01757813,0.8909979,2,18
2025-09-03 21:58:42.850,0.01757813,0.8800889,2,18
2025-09-03 21:58:43.184,0.01757813,0.8952899,2,18
2025-09-03 21:58:43.517,0.01757813,0.8791887,2,18
2025-09-03 21:58:43.854,0.01757813,0.9031773,2,18
2025-09-03 21:58:44.184,0.01757813,0.7312461,2,18
2025-09-03 21:58:44.516,0.01757813,0.6503002,2,18
2025-09-03 21:58:44.851,0.01757813,0.8258894,2,18
2025-09-03 21:58:45.185,0.01757813,0.9215983,2,18
2025-09-03 21:58:45.517,0.01757813,0.5907537,2,18
2025-09-03 21:58:45.850,0.01757813,0.8686064,2,18
2025-09-03 21:58:46.185,0.01757813,0.6970786,2,18
2025-09-03 21:58:46.516,0.01757813,0.6948459,2,18
2025-09-03 21:58:46.849,0.01757813,0.6746061,2,18
2025-09-03 21:58:47.185,0.01757813,0.6814011,2,18
2025-09-03 21:58:47.517,0.01757813,0.7978043,2,18
2025-09-03 21:58:47.850,0.01757813,1.287063,2,18
2025-09-03 21:58:48.183,0.01757813,0.7136121,2,18
2025-09-03 21:58:48.516,0.01757813,0.7415279,2,18
2025-09-03 21:58:48.852,0.01757813,0.915533,2,18
2025-09-03 21:58:49.182,0.01757813,1.042687,2,18
2025-09-03 21:58:49.518,0.01757813,0.7727099,2,18
2025-09-03 21:58:49.850,0.01757813,1.165531,2,18
2025-09-03 21:58:50.183,0.01757813,0.94645,2,18
2025-09-03 21:58:50.517,0.01757813,0.8322467,2,18
2025-09-03 21:58:50.851,0.01757813,1.000555,2,18
2025-09-03 21:58:51.185,0.01757813,1.09812,2,18
2025-09-03 21:58:51.518,0.01757813,0.7920629,2,18
2025-09-03 21:58:51.849,0.01757813,1.112053,2,18
2025-09-03 21:58:52.182,0.01757813,1.199892,2,18
2025-09-03 21:58:52.517,0.01757813,0.9736156,2,18
2025-09-03 21:58:52.850,0.01757813,0.8694057,2,18
2025-09-03 21:58:53.183,0.01757813,1.113876,2,18
2025-09-03 21:58:53.516,0.01757813,1.099553,2,18
2025-09-03 21:58:53.850,0.01757813,0.9687991,2,18
2025-09-03 21:58:54.183,0.01757813,1.05583,2,18
2025-09-03 21:58:54.517,0.01757813,0.875526,2,18
2025-09-03 21:58:54.850,0.01757813,1.044022,2,18
2025-09-03 21:58:55.182,0.01757813,1.12784,2,18
2025-09-03 21:58:55.518,0.01757813,0.9029562,2,18
2025-09-03 21:58:55.851,0.01757813,0.9258686,2,18
2025-09-03 21:58:56.183,0.01757813,0.9959816,2,18
2025-09-03 21:58:56.517,0.01757813,0.9597718,2,18
2025-09-03 21:58:56.851,0.01757813,1.011903,2,18
2025-09-03 21:58:57.184,0.01757813,1.087179,2,18
2025-09-03 21:58:57.516,0.01757813,0.9703573,2,18
2025-09-03 21:58:57.851,0.01757813,0.8256921,2,18
2025-09-03 21:58:58.190,0.01757813,1.012071,2,18
2025-09-03 21:58:58.519,0.01757813,0.9718164,2,18
2025-09-03 21:58:58.851,0.01757813,1.133165,2,18
2025-09-03 21:58:59.182,0.01757813,0.9177085,2,18
2025-09-03 21:58:59.518,0.01757813,1.031905,2,18
2025-09-03 21:58:59.850,0.01757813,0.9177874,2,18
2025-09-03 21:59:00.183,0.01757813,1.064711,2,18
2025-09-03 21:59:00.518,0.01757813,1.012566,2,18
2025-09-03 21:59:00.850,0.01757813,0.9152888,2,18
2025-09-03 21:59:01.183,0.01757813,0.9124501,2,18
2025-09-03 21:59:01.519,0.01757813,1.01573,2,18
2025-09-03 21:59:01.851,0.01757813,0.9487239,2,18
2025-09-03 21:59:02.184,0.01757813,0.9054327,2,18
2025-09-03 21:59:02.516,0.01757813,0.9053905,2,18
2025-09-03 21:59:02.849,0.01757813,0.9412884,2,18
2025-09-03 21:59:03.183,0.01757813,1.00016,2,18
2025-09-03 21:59:03.518,0.01757813,0.9659113,2,18
2025-09-03 21:59:03.852,0.01757813,1.0595,2,18
2025-09-03 21:59:04.183,0.01757813,0.9935239,2,18
2025-09-03 21:59:04.517,0.01757813,0.9395958,2,18
2025-09-03 21:59:04.849,0.01757813,0.9789432,2,18
2025-09-03 21:59:05.187,0.01757813,0.9051337,2,18
2025-09-03 21:59:05.518,0.01757813,0.9903796,2,18
2025-09-03 21:59:05.852,0.01757813,0.9420457,2,18
2025-09-03 21:59:06.183,0.01757813,0.8109903,2,18
2025-09-03 21:59:06.517,0.01757813,0.9816361,2,18
2025-09-03 21:59:06.851,0.01757813,0.9166203,2,18
2025-09-03 21:59:07.183,0.01757813,0.9616199,2,18
2025-09-03 21:59:07.517,0.01757813,1.030254,2,18
2025-09-03 21:59:07.850,0.01757813,0.9607594,2,18
2025-09-03 21:59:08.183,0.01757813,0.8160095,2,18
2025-09-03 21:59:08.517,0.01757813,0.8643728,2,18
2025-09-03 21:59:08.851,0.01757813,0.8846802,2,18
2025-09-03 21:59:09.183,0.01757813,0.8573598,2,18
2025-09-03 21:59:09.518,0.01757813,1.102847,2,18
2025-09-03 21:59:09.851,0.01757813,0.7549918,2,18
2025-09-03 21:59:10.183,0.01757813,0.9952974,2,18
2025-09-03 21:59:10.516,0.01757813,0.8331739,2,18
2025-09-03 21:59:10.850,0.01757813,0.7352442,2,18
2025-09-03 21:59:11.184,0.01757813,0.7176704,2,18
2025-09-03 21:59:11.520,0.01757813,0.7885917,2,18
2025-09-03 21:59:11.851,0.01757813,1.036807,2,18
2025-09-03 21:59:12.182,0.01757813,0.9203742,2,18
2025-09-03 21:59:12.517,0.01757813,0.9766822,2,18
2025-09-03 21:59:12.854,0.01757813,0.9881599,2,18
2025-09-03 21:59:13.185,0.01757813,0.8841513,2,18
2025-09-03 21:59:13.517,0.01757813,0.9571245,2,18
2025-09-03 21:59:13.851,0.01757813,0.604317,2,18
2025-09-03 21:59:14.183,0.01757813,0.7253959,2,18
2025-09-03 21:59:14.516,0.01757813,0.8829278,2,18
2025-09-03 21:59:14.850,0.01757813,0.7304481,2,18
2025-09-03 21:59:15.183,0.01757813,0.836719,2,18
2025-09-03 21:59:15.518,0.01757813,1.007096,2,18
2025-09-03 21:59:15.851,0.01757813,1.021289,2,18
2025-09-03 21:59:16.182,0.01757813,0.9650927,2,18
2025-09-03 21:59:16.519,0.01757813,1.349408,2,18
2025-09-03 21:59:16.849,0.01757813,0.8098763,2,18
2025-09-03 21:59:17.182,0.01757813,0.9824665,2,18
2025-09-03 21:59:17.517,0.01757813,0.8911436,2,18
2025-09-03 21:59:17.850,0.01757813,1.08192,2,18
2025-09-03 21:59:18.183,0.01757813,0.8034418,2,18
2025-09-03 21:59:18.517,0.01757813,1.172205,2,18
2025-09-03 21:59:18.849,0.01757813,1.101902,2,18
2025-09-03 21:59:19.185,0.01757813,0.7284561,2,18
2025-09-03 21:59:19.519,0.01757813,0.9906916,2,18
2025-09-03 21:59:19.851,0.01757813,0.7897334,2,18
2025-09-03 21:59:20.183,0.01757813,0.9180937,2,18
2025-09-03 21:59:20.518,0.01757813,0.8127692,2,18
2025-09-03 21:59:20.850,0.01757813,0.8986331,2,18
2025-09-03 21:59:21.183,0.01757813,0.5168359,2,18
2025-09-03 21:59:21.518,0.01757813,0.7862228,2,18
2025-09-03 21:59:21.850,0.01757813,0.6721498,2,18
2025-09-03 21:59:22.182,0.01757813,1.090956,2,18
2025-09-03 21:59:22.518,0.01757813,0.8702214,2,18
2025-09-03 21:59:22.852,0.01757813,0.9141794,2,18
2025-09-03 21:59:23.183,0.01757813,0.954935,2,18
2025-09-03 21:59:23.517,0.01757813,1.341472,2,18
2025-09-03 21:59:23.850,0.01757813,0.7865728,2,18
2025-09-03 21:59:24.183,0.01757813,0.7837545,2,18
2025-09-03 21:59:24.517,0.01757813,0.7865031,2,18
2025-09-03 21:59:24.851,0.01757813,0.7699018,2,18
2025-09-03 21:59:25.184,0.01757813,0.6794249,2,18
2025-09-03 21:59:25.516,0.01757813,0.6377874,2,18
2025-09-03 21:59:25.851,0.01757813,0.6966669,2,18
2025-09-03 21:59:26.182,0.01757813,0.5621231,2,18
2025-09-03 21:59:26.517,0.01757813,0.5524451,2,18
2025-09-03 21:59:26.851,0.01757813,0.6605598,2,18
2025-09-03 21:59:27.184,0.01757813,0.5560354,2,18
2025-09-03 21:59:27.519,0.01757813,0.633649,2,18
2025-09-03 21:59:27.851,0.01757813,0.7060879,2,18
2025-09-03 21:59:28.183,0.01757813,0.7949841,2,18
2025-09-03 21:59:28.518,0.01757813,0.6648628,2,18
2025-09-03 21:59:28.849,0.01757813,0.8606015,2,18
2025-09-03 21:59:29.183,0.01757813,0.7288128,2,18
2025-09-03 21:59:29.515,0.01757813,0.7357346,2,18
2025-09-03 21:59:29.850,0.01757813,0.6748244,2,18
2025-09-03 21:59:30.183,0.01757813,0.7660463,2,18
2025-09-03 21:59:30.516,0.01757813,0.7955199,2,18
2025-09-03 21:59:30.850,0.01757813,0.8321008,2,18
2025-09-03 21:59:31.185,0.01757813,0.751356,2,18
2025-09-03 21:59:31.519,0.01757813,0.8220378,2,18
2025-09-03 21:59:31.850,0.01757813,0.9011615,2,18
2025-09-03 21:59:32.183,0.01757813,0.835806,2,18
2025-09-03 21:59:32.516,0.01757813,0.7397377,2,18
2025-09-03 21:59:32.851,0.01757813,0.6491509,2,18
2025-09-03 21:59:33.183,0.01757813,0.5994778,2,18
2025-09-03 21:59:33.517,0.01757813,0.5740535,2,18
2025-09-03 21:59:33.850,0.01757813,0.4515962,2,18
2025-09-03 21:59:34.183,0.01757813,1.013778,2,18
2025-09-03 21:59:34.519,0.01757813,0.6588297,2,18
2025-09-03 21:59:34.851,0.01757813,0.5300673,2,18
2025-09-03 21:59:35.185,0.01757813,0.6100107,2,18
2025-09-03 21:59:35.516,0.01757813,0.808184,2,18
2025-09-03 21:59:35.850,0.01757813,0.6938546,2,18
2025-09-03 21:59:36.183,0.01757813,1.003688,2,18
2025-09-03 21:59:36.518,0.01757813,0.6696533,2,18
2025-09-03 21:59:36.850,0.01757813,0.6191925,2,18
2025-09-03 21:59:37.184,0.01757813,0.5633005,2,18
2025-09-03 21:59:37.517,0.01757813,0.6820205,2,18
2025-09-03 21:59:37.849,0.01757813,0.6575626,2,18
2025-09-03 21:59:38.182,0.01757813,0.5851621,2,18
2025-09-03 21:59:38.518,0.01757813,0.5918367,2,18
2025-09-03 21:59:38.851,0.01757813,1.05784,2,18
2025-09-03 21:59:39.184,0.01757813,0.6810016,2,18
2025-09-03 21:59:39.517,0.01757813,0.6680616,2,18
2025-09-03 21:59:39.852,0.01757813,0.5781981,2,18
2025-09-03 21:59:40.182,0.01757813,0.7442311,2,18
2025-09-03 21:59:40.520,0.01757813,0.67974,2,18
2025-09-03 21:59:40.849,0.01757813,0.6350839,2,18
2025-09-03 21:59:41.183,0.01757813,0.6096864,2,18
2025-09-03 21:59:41.516,0.01757813,0.6324373,2,18
2025-09-03 21:59:41.851,0.01757813,0.6866218,2,18
2025-09-03 21:59:42.184,0.01757813,0.6590512,2,18
2025-09-03 21:59:42.516,0.01757813,0.5657926,2,18
2025-09-03 21:59:42.851,0.01757813,0.6869631,2,18
2025-09-03 21:59:43.184,0.01757813,0.7725624,2,18
2025-09-03 21:59:43.517,0.01757813,0.6541878,2,18
2025-09-03 21:59:43.851,0.01757813,2.094647,2,18
2025-09-03 21:59:44.184,0.01757813,0.7483732,2,18
2025-09-03 21:59:44.516,0.01757813,0.7460677,2,18
2025-09-03 21:59:44.851,0.01757813,0.6864707,2,18
2025-09-03 21:59:45.184,0.01757813,0.6618036,2,18
2025-09-03 21:59:45.516,0.01757813,0.891115,2,18
2025-09-03 21:59:45.851,0.01757813,0.6857767,2,18
2025-09-03 21:59:46.182,0.01757813,0.8171898,2,18
2025-09-03 21:59:46.517,0.01757813,0.7264939,2,18
2025-09-03 21:59:46.851,0.01757813,0.6943514,2,18
2025-09-03 21:59:47.184,0.01757813,0.9171869,2,18
2025-09-03 21:59:47.518,0.01757813,1.143441,2,18
2025-09-03 21:59:47.850,0.01757813,0.8818229,2,18
2025-09-03 21:59:48.184,0.01757813,1.468508,2,18
2025-09-03 21:59:48.518,0.01757813,-0.03203371,2,18
2025-09-03 21:59:48.850,0.01757813,-0.03203371,2,18
2025-09-03 21:59:49.183,0.01757813,-0.03203371,2,18
2025-09-03 21:59:49.517,0.01757813,-0.03203371,2,18
2025-09-03 21:59:49.849,0.01757813,-0.03203371,2,18
2025-09-03 21:59:50.184,0.01757813,-0.03203371,2,18
2025-09-03 21:59:50.517,0.01757813,-0.03203371,2,18
2025-09-03 21:59:50.850,0.01757813,-0.03203371,2,18
2025-09-03 21:59:51.185,0.01757813,-0.03203371,2,18
2025-09-03 21:59:51.518,0.01757813,-0.03203371,2,18
2025-09-03 21:59:51.849,0.01757813,-0.03203371,2,18
2025-09-03 21:59:52.184,0.01757813,-0.03203371,2,18
2025-09-03 21:59:52.517,0.01757813,-0.03203371,2,18
2025-09-03 21:59:52.850,0.01757813,-0.03203371,2,18
2025-09-03 21:59:53.185,0.01757813,-0.03203371,2,18
2025-09-03 21:59:53.516,0.01757813,-0.03203371,2,18
2025-09-03 21:59:53.850,0.01757813,-0.03203371,2,18
2025-09-03 21:59:54.184,0.01757813,-0.03203371,2,18
2025-09-03 21:59:54.516,0.01757813,-0.03203371,2,18
2025-09-03 21:59:54.850,0.01757813,-0.03203371,2,18
2025-09-03 21:59:55.182,0.01757813,0.576075,2,18
2025-09-03 21:59:55.517,0.01757813,0.8174587,2,18
2025-09-03 21:59:55.850,0.01757813,0.8463351,2,18
2025-09-03 21:59:56.185,0.01757813,1.1437,2,18
2025-09-03 21:59:56.519,0.01757813,0.8100421,2,18
2025-09-03 21:59:56.849,0.01757813,0.6995115,2,18
2025-09-03 21:59:57.184,0.01757813,0.6166292,2,18
2025-09-03 21:59:57.518,0.01757813,0.9274302,2,18
2025-09-03 21:59:57.850,0.01757813,0.7876508,2,18
2025-09-03 21:59:58.184,0.01757813,0.8964626,2,18
2025-09-03 21:59:58.518,0.01757813,1.058115,2,18
2025-09-03 21:59:58.849,0.01757813,0.769586,2,18
2025-09-03 21:59:59.182,0.01757813,0.7356458,2,18
2025-09-03 21:59:59.519,0.01757813,0.8641182,2,18
2025-09-03 21:59:59.851,0.01757813,0.8676666,2,18
2025-09-03 22:00:00.184,0.01757813,0.9579487,2,18
2025-09-03 22:00:00.517,0.01757813,0.8434794,2,18
2025-09-03 22:00:00.850,0.01757813,0.5884672,2,18
2025-09-03 22:00:01.184,0.01757813,0.6736038,2,18
2025-09-03 22:00:01.519,0.01757813,0.8692909,2,18
2025-09-03 22:00:01.850,0.01757813,0.9378135,2,18
2025-09-03 22:00:02.182,0.01757813,0.6872904,2,18
2025-09-03 22:00:02.517,0.01757813,0.7457619,2,18
2025-09-03 22:00:02.849,0.01757813,0.8308024,2,18
2025-09-03 22:00:03.183,0.01757813,0.8897444,2,18
2025-09-03 22:00:03.517,0.01757813,0.9821656,2,18
2025-09-03 22:00:03.849,0.01757813,0.9075579,2,18
2025-09-03 22:00:04.182,0.01757813,0.7621697,2,18
2025-09-03 22:00:04.518,0.01757813,0.7930594,2,18
2025-09-03 22:00:04.849,0.01757813,0.8079257,2,18
2025-09-03 22:00:05.184,0.01757813,0.7280278,2,18
2025-09-03 22:00:05.516,0.01757813,0.7476137,2,18
2025-09-03 22:00:05.850,0.01757813,0.8826816,2,18
2025-09-03 22:00:06.184,0.01757813,0.7714907,2,18
2025-09-03 22:00:06.519,0.01757813,0.8318136,2,18
2025-09-03 22:00:06.850,0.01757813,0.8143909,2,18
2025-09-03 22:00:07.185,0.01757813,0.7900392,2,18
2025-09-03 22:00:07.516,0.01757813,0.7718002,2,18
2025-09-03 22:00:07.851,0.01757813,0.8039324,2,18
2025-09-03 22:00:08.184,0.01757813,0.7629558,2,18
2025-09-03 22:00:08.518,0.01757813,0.8298971,2,18
2025-09-03 22:00:08.849,0.01757813,0.6167422,2,18
2025-09-03 22:00:09.185,0.01757813,0.8290876,2,18
2025-09-03 22:00:09.515,0.01757813,0.7894365,2,18
2025-09-03 22:00:09.850,0.01757813,0.6386946,2,18
2025-09-03 22:00:10.184,0.01757813,0.6375907,2,18
2025-09-03 22:00:10.515,0.01757813,0.6019571,2,18
2025-09-03 22:00:11.389,10.02204,0.6380652,2,18
2025-09-03 22:00:11.703,15.01925,0.593172,2,18
2025-09-03 22:00:12.012,20.02148,0.7201854,2,18
2025-09-03 22:00:12.322,25.02623,0.6939428,2,18
2025-09-03 22:00:12.340,25.02623,0.7640886,2,18
2025-09-03 22:00:12.675,25.02623,0.7286699,2,18
2025-09-03 22:00:13.450,15.0293,0.7765818,2,18
2025-09-03 22:00:13.758,10.03711,0.7043057,2,18
2025-09-03 22:00:13.765,10.03711,0.7329114,2,18
2025-09-03 22:00:14.083,10.03711,0.6982135,2,18
2025-09-03 22:00:14.417,10.03711,0.5769337,2,18
2025-09-03 22:00:14.750,10.03711,0.6729115,2,18
2025-09-03 22:00:15.082,10.03711,0.707603,2,18
2025-09-03 22:00:15.416,10.03711,0.4920952,2,18
2025-09-03 22:00:15.751,10.03711,0.6825054,2,18
2025-09-03 22:00:16.085,10.03711,0.6232967,2,18
2025-09-03 22:00:16.416,10.03711,0.6756687,2,18
2025-09-03 22:00:16.750,10.03711,0.6712782,2,18
2025-09-03 22:00:17.083,10.03711,0.7007244,2,18
2025-09-03 22:00:17.417,10.03711,0.5081092,2,18
2025-09-03 22:00:17.749,10.03711,0.6186073,2,18
2025-09-03 22:00:18.084,10.03711,0.600892,2,18
2025-09-03 22:00:18.415,10.03711,0.7227878,2,18
2025-09-03 22:00:18.751,10.03711,0.6306253,2,18
2025-09-03 22:00:19.084,10.03711,0.7945991,2,18
2025-09-03 22:00:19.416,10.03711,0.4439851,2,18
2025-09-03 22:00:19.752,10.03711,0.558398,2,18
2025-09-03 22:00:20.083,10.03711,0.5568647,2,18
2025-09-03 22:00:20.415,10.03711,0.6534216,2,18
2025-09-03 22:00:20.751,10.03711,0.571368,2,18
2025-09-03 22:00:21.084,10.03711,0.6416501,2,18
2025-09-03 22:00:21.418,10.03711,0.4732557,2,18
2025-09-03 22:00:21.749,10.03711,0.7146068,2,18
2025-09-03 22:00:22.084,10.03711,0.704327,2,18
2025-09-03 22:00:22.417,10.03711,0.4894392,2,18
2025-09-03 22:00:22.749,10.03711,0.868937,2,18
2025-09-03 22:00:23.083,10.03711,0.5929533,2,18
2025-09-03 22:00:23.416,10.03711,0.5997444,2,18
2025-09-03 22:00:23.749,10.03711,0.5895773,2,18
2025-09-03 22:00:24.082,10.03711,0.5496611,2,18
2025-09-03 22:00:24.418,10.03711,0.7730117,2,18
2025-09-03 22:00:24.751,10.03711,0.5540223,2,18
2025-09-03 22:00:25.083,10.03711,0.6090175,2,18
2025-09-03 22:00:25.417,10.03711,0.7520492,2,18
2025-09-03 22:00:25.752,10.03711,0.810939,2,18
2025-09-03 22:00:26.081,10.03711,0.8723901,2,18
2025-09-03 22:00:26.415,10.03711,0.8652859,2,18
2025-09-03 22:00:26.751,10.03711,0.8521052,2,18
2025-09-03 22:00:27.084,10.03711,0.8169526,2,18
2025-09-03 22:00:27.416,10.03711,0.6672511,2,18
2025-09-03 22:00:27.750,10.03711,0.8121364,2,18
2025-09-03 22:00:28.083,10.03711,0.7137851,2,18
2025-09-03 22:00:28.417,10.03711,0.7153458,2,18
2025-09-03 22:00:28.750,10.03711,0.8242583,2,18
2025-09-03 22:00:29.082,10.03711,0.7050855,2,18
2025-09-03 22:00:29.416,10.03711,0.8527707,2,18
2025-09-03 22:00:29.749,10.03711,0.6370276,2,18
2025-09-03 22:00:30.084,10.03711,0.6313246,2,18
2025-09-03 22:00:30.418,10.03711,0.6486906,2,18
2025-09-03 22:00:30.751,10.03711,0.6807325,2,18
2025-09-03 22:00:31.081,10.03711,0.6898152,2,18
2025-09-03 22:00:31.418,10.03711,0.5611156,2,18
2025-09-03 22:00:31.750,10.03711,0.5560008,2,18
2025-09-03 22:00:32.083,10.03711,0.6240631,2,18
2025-09-03 22:00:32.415,10.03711,0.5460325,2,18
2025-09-03 22:00:32.749,10.03711,0.638733,2,18
2025-09-03 22:00:33.083,10.03711,0.5254751,2,18
2025-09-03 22:00:33.416,10.03711,0.6043792,2,18
2025-09-03 22:00:33.749,10.03711,0.622025,2,18
2025-09-03 22:00:34.082,10.03711,0.6498333,2,18
2025-09-03 22:00:34.417,10.03711,0.5446327,2,18
2025-09-03 22:00:34.751,10.03711,-0.02917751,2,18
2025-09-03 22:00:35.084,10.03711,0.8290132,2,18
2025-09-03 22:00:35.416,10.03711,0.6083804,2,18
2025-09-03 22:00:35.749,10.03711,0.8368683,2,18
2025-09-03 22:00:36.084,10.03711,-0.02917751,2,18
2025-09-03 22:00:36.417,10.03711,0.6430354,2,18
2025-09-03 22:00:36.750,10.03711,0.4829137,2,18
2025-09-03 22:00:37.082,10.03711,0.6994969,2,18
2025-09-03 22:00:37.417,10.03711,0.7126213,2,18
2025-09-03 22:00:37.750,10.03711,0.6004515,2,18
2025-09-03 22:00:38.083,10.03711,0.58798,2,18
2025-09-03 22:00:38.415,10.03711,0.519737,2,18
2025-09-03 22:00:38.751,10.03711,0.4871555,2,18
2025-09-03 22:00:39.082,10.03711,0.5764509,2,18
2025-09-03 22:00:39.416,10.03711,0.5096658,2,18
2025-09-03 22:00:39.752,10.03711,0.673306,2,18
2025-09-03 22:00:40.084,10.03711,0.6429569,2,18
2025-09-03 22:00:40.416,10.03711,0.5275335,2,18
2025-09-03 22:00:40.751,10.03711,0.6036881,2,18
2025-09-03 22:00:41.083,10.03711,0.5365711,2,18
2025-09-03 22:00:41.418,10.03711,0.7030943,2,18
2025-09-03 22:00:41.749,10.03711,0.6558909,2,18
2025-09-03 22:00:42.082,10.03711,0.5671226,2,18
2025-09-03 22:00:42.417,10.03711,0.9823877,2,18
2025-09-03 22:00:42.750,10.03711,0.9699979,2,18
2025-09-03 22:00:43.084,10.03711,0.8147495,2,18
2025-09-03 22:00:43.416,10.03711,0.817351,2,18
2025-09-03 22:00:43.748,10.03711,0.7388613,2,18
2025-09-03 22:00:44.082,10.03711,0.6896723,2,18
2025-09-03 22:00:44.416,10.03711,0.6152541,2,18
2025-09-03 22:00:44.750,10.03711,0.7239398,2,18
2025-09-03 22:00:45.084,10.03711,0.7496274,2,18
2025-09-03 22:00:45.417,10.03711,0.6600575,2,18
2025-09-03 22:00:45.750,10.03711,0.7075177,2,18
2025-09-03 22:00:46.082,10.03711,0.7466444,2,18
2025-09-03 22:00:46.417,10.03711,0.8176436,2,18
2025-09-03 22:00:46.749,10.03711,0.5980949,2,18
2025-09-03 22:00:47.085,10.03711,0.7699799,2,18
2025-09-03 22:00:47.417,10.03711,0.6353847,2,18
2025-09-03 22:00:47.751,10.03711,0.8446715,2,18
2025-09-03 22:00:48.084,10.03711,0.7353594,2,18
2025-09-03 22:00:48.416,10.03711,0.7769489,2,18
2025-09-03 22:00:48.750,10.03711,0.7951137,2,18
2025-09-03 22:00:49.081,10.03711,0.6927727,2,18
2025-09-03 22:00:49.418,10.03711,0.8524169,2,18
2025-09-03 22:00:49.750,10.03711,0.6445854,2,18
2025-09-03 22:00:50.081,10.03711,0.8077229,2,18
2025-09-03 22:00:50.669,5.042411,0.8673045,2,18
2025-09-03 22:00:50.750,5.042411,0.9301968,2,18
2025-09-03 22:00:51.108,0.03766741,0.8905176,2,18
2025-09-03 22:00:51.416,0.03766741,0.9865958,2,18
2025-09-03 22:00:51.749,0.03766741,0.9131898,2,18
2025-09-03 22:00:52.185,0.002511161,0.9795197,5,18
2025-09-03 22:00:52.417,0.002511161,0.9387006,5,18
2025-09-03 22:00:52.751,0.002511161,1.051752,5,18
2025-09-03 22:00:53.083,0.002511161,0.9808623,5,18
2025-09-03 22:00:53.416,0.002511161,0.732734,5,18
2025-09-03 22:00:53.749,0.002511161,0.6064264,5,18
2025-09-03 22:00:54.083,0.002511161,1.005061,5,18
2025-09-03 22:00:54.415,0.002511161,0.8667137,5,18
2025-09-03 22:00:54.749,0.002511161,1.125135,5,18
2025-09-03 22:00:55.084,0.002511161,0.9983045,5,18
2025-09-03 22:00:55.417,0.002511161,0.9506381,5,18
2025-09-03 22:00:55.751,0.002511161,0.764425,5,18
2025-09-03 22:00:56.083,0.002511161,0.9886386,5,18
2025-09-03 22:00:56.417,0.002511161,0.8333158,5,18
2025-09-03 22:00:56.749,0.002511161,0.6816939,5,18
2025-09-03 22:00:57.083,0.002511161,0.9596367,5,18
2025-09-03 22:00:57.416,0.002511161,1.165162,5,18
2025-09-03 22:00:57.749,0.002511161,-0.02843926,5,18
2025-09-03 22:00:58.083,0.002511161,0.7919397,5,18
2025-09-03 22:00:58.416,0.002511161,1.017563,5,18
2025-09-03 22:00:58.751,0.002511161,0.6866258,5,18
2025-09-03 22:00:59.084,0.002511161,0.8707364,5,18
2025-09-03 22:00:59.416,0.002511161,0.9132949,5,18
2025-09-03 22:00:59.749,0.002511161,0.5945557,5,18
2025-09-03 22:01:00.082,0.002511161,0.9132158,5,18
2025-09-03 22:01:00.415,0.002511161,0.8821106,5,18
2025-09-03 22:01:00.749,0.002511161,0.8195629,5,18
2025-09-03 22:01:01.082,0.002511161,0.896732,5,18
2025-09-03 22:01:01.418,0.002511161,0.546832,5,18
2025-09-03 22:01:01.747,0.002511161,0.7943313,5,18
2025-09-03 22:01:02.082,0.002511161,0.7706167,5,18
2025-09-03 22:01:02.416,0.002511161,0.8451041,5,18
2025-09-03 22:01:02.750,0.002511161,0.7602528,5,18
2025-09-03 22:01:03.082,0.002511161,0.784899,5,18
2025-09-03 22:01:03.417,0.002511161,1.045674,5,18
2025-09-03 22:01:03.749,0.002511161,1.018664,5,18
2025-09-03 22:01:04.084,0.002511161,0.8556614,5,18
2025-09-03 22:01:04.415,0.002511161,0.8331909,5,18
2025-09-03 22:01:04.752,0.002511161,0.7862362,5,18
2025-09-03 22:01:05.083,0.002511161,-0.02844947,5,18
2025-09-03 22:01:05.417,0.002511161,0.7072351,5,18
2025-09-03 22:01:05.750,0.002511161,1.048778,5,18
2025-09-03 22:01:06.084,0.002511161,1.069393,5,18
2025-09-03 22:01:06.417,0.002511161,0.6772786,5,18
2025-09-03 22:01:06.750,0.002511161,0.7828953,5,18
2025-09-03 22:01:07.083,0.002511161,0.930916,5,18
2025-09-03 22:01:07.417,0.002511161,0.8933842,5,18
2025-09-03 22:01:07.749,0.002511161,0.867494,5,18
2025-09-03 22:01:08.083,0.002511161,0.9146989,5,18
2025-09-03 22:01:08.416,0.002511161,0.7151476,5,18
2025-09-03 22:01:08.749,0.002511161,0.9276733,5,18
2025-09-03 22:01:09.085,0.002511161,0.7212145,5,18
2025-09-03 22:01:09.416,0.002511161,0.7587634,5,18
2025-09-03 22:01:09.748,0.002511161,-0.02844947,5,18
2025-09-03 22:01:10.082,0.002511161,-0.02844947,5,18
2025-09-03 22:01:10.418,0.002511161,-0.02844947,5,18
2025-09-03 22:01:10.751,0.002511161,-0.02844947,5,18
2025-09-03 22:01:11.083,0.002511161,-0.02844947,5,18
2025-09-03 22:01:11.417,0.002511161,-0.02844947,5,18
2025-09-03 22:01:11.750,0.002511161,-0.02844947,5,18
2025-09-03 22:01:12.084,0.002511161,-0.02844947,5,18
2025-09-03 22:01:12.416,0.002511161,-0.02844947,5,18
2025-09-03 22:01:12.749,0.002511161,0.4262788,5,18
2025-09-03 22:01:13.083,0.002511161,0.6834154,5,18
2025-09-03 22:01:13.416,0.002511161,0.5057197,5,18
2025-09-03 22:01:13.749,0.002511161,0.5393201,5,18
2025-09-03 22:01:14.081,0.002511161,0.514643,5,18
2025-09-03 22:01:14.415,0.002511161,-0.02684863,5,18
2025-09-03 22:01:14.750,0.002511161,-0.02684863,5,18
2025-09-03 22:01:15.082,0.002511161,-0.02664286,5,18
2025-09-03 22:01:15.416,0.002511161,1.078776,5,18
2025-09-03 22:01:15.749,0.002511161,1.096246,5,18
2025-09-03 22:01:16.082,0.002511161,0.5927572,5,18
2025-09-03 22:01:16.416,0.002511161,0.6180587,5,18
2025-09-03 22:01:16.752,0.002511161,0.6931581,5,18
2025-09-03 22:01:17.083,0.002511161,0.7193726,5,18
2025-09-03 22:01:17.417,0.002511161,0.7257084,5,18
2025-09-03 22:01:17.751,0.002511161,0.5178859,5,18
2025-09-03 22:01:18.084,0.002511161,0.8068323,5,18
2025-09-03 22:01:18.417,0.002511161,0.6860628,5,18
2025-09-03 22:01:18.749,0.002511161,0.5391684,5,18
2025-09-03 22:01:19.084,0.002511161,0.8392158,5,18
2025-09-03 22:01:19.418,0.002511161,0.7588979,5,18
2025-09-03 22:01:19.749,0.002511161,0.7600279,5,18
2025-09-03 22:01:20.085,0.002511161,0.66603,5,18
2025-09-03 22:01:20.416,0.002511161,0.3384017,5,18
2025-09-03 22:01:20.750,0.002511161,0.5886896,5,18
2025-09-03 22:01:21.083,0.002511161,0.590558,5,18
2025-09-03 22:01:21.416,0.002511161,0.5027629,5,18
2025-09-03 22:01:21.751,0.002511161,0.5783355,5,18
2025-09-03 22:01:22.082,0.002511161,0.5244524,5,18
2025-09-03 22:01:22.416,0.002511161,0.5856718,5,18
2025-09-03 22:01:22.751,0.002511161,0.5842342,5,18
2025-09-03 22:01:23.084,0.002511161,0.6028317,5,18
2025-09-03 22:01:23.415,0.002511161,0.6091429,5,18
2025-09-03 22:01:23.751,0.002511161,0.5221654,5,18
2025-09-03 22:01:24.084,0.002511161,0.5510544,5,18
2025-09-03 22:01:24.415,0.002511161,0.5224157,5,18
2025-09-03 22:01:24.750,0.002511161,0.5098221,5,18
2025-09-03 22:01:25.084,0.002511161,0.5322558,5,18
2025-09-03 22:01:25.417,0.002511161,0.5321389,5,18
2025-09-03 22:01:25.750,0.002511161,0.5527185,5,18
2025-09-03 22:01:26.082,0.002511161,0.5447854,5,18
2025-09-03 22:01:26.416,0.002511161,0.5837392,5,18
2025-09-03 22:01:26.749,0.002511161,0.5296811,5,18
2025-09-03 22:01:27.084,0.002511161,0.5488011,5,18
2025-09-03 22:01:27.417,0.002511161,0.5691291,5,18
2025-09-03 22:01:27.749,0.002511161,0.4893293,5,18
2025-09-03 22:01:28.083,0.002511161,0.4885271,5,18
2025-09-03 22:01:28.417,0.002511161,0.4719674,5,18
2025-09-03 22:01:28.751,0.002511161,0.5146806,5,18
2025-09-03 22:01:29.084,0.002511161,0.4809966,5,18
2025-09-03 22:01:29.416,0.002511161,0.3127731,5,18
2025-09-03 22:01:29.750,0.002511161,0.5634769,5,18
2025-09-03 22:01:30.082,0.002511161,0.5980604,5,18
2025-09-03 22:01:30.417,0.002511161,0.2209994,5,18
2025-09-03 22:01:30.750,0.002511161,0.569522,5,18
2025-09-03 22:01:31.082,0.002511161,0.5247655,5,18
2025-09-03 22:01:31.418,0.002511161,0.4884214,5,18
2025-09-03 22:01:31.752,0.002511161,0.5742184,5,18
2025-09-03 22:01:32.082,0.002511161,0.557625,5,18
2025-09-03 22:01:32.416,0.002511161,0.5538411,5,18
2025-09-03 22:01:32.749,0.002511161,0.6532796,5,18
2025-09-03 22:01:33.084,0.002511161,0.579187,5,18
2025-09-03 22:01:33.416,0.002511161,0.5640115,5,18
2025-09-03 22:01:33.750,0.002511161,0.5344351,5,18
2025-09-03 22:01:34.084,0.002511161,0.6424064,5,18
2025-09-03 22:01:34.415,0.002511161,0.5385755,5,18
2025-09-03 22:01:34.751,0.002511161,0.5461422,5,18
2025-09-03 22:01:35.083,0.002511161,0.5284031,5,18
2025-09-03 22:01:35.416,0.002511161,0.5530387,5,18
2025-09-03 22:01:35.750,0.002511161,0.5362976,5,18
2025-09-03 22:01:36.084,0.002511161,0.4954559,5,18
2025-09-03 22:01:36.415,0.002511161,0.6497915,5,18
2025-09-03 22:01:36.750,0.002511161,0.5245436,5,18
2025-09-03 22:01:37.083,0.002511161,0.5233438,5,18
2025-09-03 22:01:37.417,0.002511161,0.5304977,5,18
2025-09-03 22:01:37.749,0.002511161,0.535044,5,18
2025-09-03 22:01:38.082,0.002511161,0.6485084,5,18
2025-09-03 22:01:38.416,0.002511161,0.5497944,5,18
2025-09-03 22:01:38.750,0.002511161,0.5540313,5,18
2025-09-03 22:01:39.084,0.002511161,0.6223219,5,18
2025-09-03 22:01:39.416,0.002511161,0.7618668,5,18
2025-09-03 22:01:39.750,0.002511161,0.6202679,5,18
2025-09-03 22:01:40.083,0.002511161,0.7342157,5,18
2025-09-03 22:01:40.417,0.002511161,0.8206192,5,18
2025-09-03 22:01:40.749,0.002511161,-0.005582446,5,18
2025-09-03 22:01:41.082,0.002511161,0.5251073,5,18
2025-09-03 22:01:41.416,0.002511161,0.5529882,5,18
2025-09-03 22:01:41.751,0.002511161,0.5757097,5,18
2025-09-03 22:01:42.083,0.002511161,0.5075608,5,18
2025-09-03 22:01:42.418,0.002511161,0.5007016,5,18
2025-09-03 22:01:42.750,0.002511161,0.4585236,5,18
2025-09-03 22:01:43.082,0.002511161,0.5160689,5,18
2025-09-03 22:01:43.416,0.002511161,-0.004471363,5,18
2025-09-03 22:01:43.751,0.002511161,0.4470434,5,18
2025-09-03 22:01:44.084,0.002511161,0.2804513,5,18
2025-09-03 22:01:44.416,0.002511161,0.004684363,5,18
2025-09-03 22:01:44.749,0.002511161,0.4824315,5,18
2025-09-03 22:01:45.081,0.002511161,0.6037678,5,18
2025-09-03 22:01:45.415,0.002511161,0.441183,5,18
2025-09-03 22:01:45.749,0.002511161,0.4707858,5,18
2025-09-03 22:01:46.081,0.002511161,0.7799955,5,18
2025-09-03 22:01:46.415,0.002511161,0.4696244,5,18
2025-09-03 22:01:46.750,0.002511161,0.438702,5,18
2025-09-03 22:01:47.084,0.002511161,0.4663171,5,18
2025-09-03 22:01:47.417,0.002511161,0.4959596,5,18
2025-09-03 22:01:47.750,0.002511161,0.4575013,5,18
2025-09-03 22:01:48.085,0.002511161,0.4614218,5,18
2025-09-03 22:01:48.416,0.002511161,0.4315172,5,18
2025-09-03 22:01:48.749,0.002511161,0.4601589,5,18
2025-09-03 22:01:49.083,0.002511161,0.4614189,5,18
2025-09-03 22:01:49.416,0.002511161,0.4699168,5,18
2025-09-03 22:01:49.750,0.002511161,0.5464869,5,18
2025-09-03 22:01:50.083,0.002511161,0.5169225,5,18
2025-09-03 22:01:50.416,0.002511161,0.6092629,5,18
2025-09-03 22:01:50.751,0.002511161,0.5220799,5,18
2025-09-03 22:01:51.084,0.002511161,0.4969775,5,18
2025-09-03 22:01:51.418,0.002511161,0.4975681,5,18
2025-09-03 22:01:51.749,0.002511161,0.5682008,5,18
2025-09-03 22:01:52.083,0.002511161,0.4131403,5,18
2025-09-03 22:01:52.416,0.002511161,0.5544196,5,18
2025-09-03 22:01:52.749,0.002511161,0.3864042,5,18
2025-09-03 22:01:53.083,0.002511161,0.4706198,5,18
2025-09-03 22:01:53.417,0.002511161,0.5870969,5,18
2025-09-03 22:01:53.753,0.002511161,0.4995732,5,18
2025-09-03 22:01:54.082,0.002511161,0.5584272,5,18
2025-09-03 22:01:54.417,0.002511161,0.5398236,5,18
2025-09-03 22:01:54.749,0.002511161,0.4529074,5,18
2025-09-03 22:01:55.085,0.002511161,0.4615564,5,18
2025-09-03 22:01:55.415,0.002511161,0.008861879,5,18
2025-09-03 22:01:55.750,0.002511161,0.008861879,5,18
2025-09-03 22:01:56.083,0.002511161,0.008861879,5,18
2025-09-03 22:01:56.415,0.002511161,0.005255221,5,18
2025-09-03 22:01:56.750,0.002511161,0.005255221,5,18
2025-09-03 22:01:57.084,0.002511161,0.005255221,5,18
2025-09-03 22:01:57.418,0.002511161,0.005255221,5,18
2025-09-03 22:01:57.751,0.002511161,0.005255221,5,18
2025-09-03 22:01:58.083,0.002511161,0.005255221,5,18
2025-09-03 22:01:58.416,0.002511161,0.2738572,5,18
2025-09-03 22:01:58.749,0.002511161,0.4209082,5,18
2025-09-03 22:01:59.084,0.002511161,0.2721911,5,18
2025-09-03 22:01:59.416,0.002511161,0.4986756,5,18
2025-09-03 22:01:59.749,0.002511161,0.4464045,5,18
2025-09-03 22:02:00.082,0.002511161,0.4839957,5,18
2025-09-03 22:02:00.417,0.002511161,0.4462328,5,18
2025-09-03 22:02:00.750,0.002511161,0.5878659,5,18
2025-09-03 22:02:01.082,0.002511161,0.405241,5,18
2025-09-03 22:02:01.417,0.002511161,0.4367127,5,18
2025-09-03 22:02:01.751,0.002511161,0.5952247,5,18
2025-09-03 22:02:02.082,0.002511161,0.3286057,5,18
2025-09-03 22:02:02.417,0.002511161,0.4695132,5,18
2025-09-03 22:02:02.749,0.002511161,0.5184051,5,18
2025-09-03 22:02:03.085,0.002511161,0.4176444,5,18
2025-09-03 22:02:03.416,0.002511161,0.3533557,5,18
2025-09-03 22:02:03.751,0.002511161,0.3661655,5,18
2025-09-03 22:02:04.082,0.002511161,0.4577219,5,18
2025-09-03 22:02:04.417,0.002511161,0.6366658,5,18
2025-09-03 22:02:04.752,0.002511161,0.6076974,5,18
2025-09-03 22:02:05.084,0.002511161,0.5777104,5,18
2025-09-03 22:02:05.417,0.002511161,0.5638492,5,18
2025-09-03 22:02:05.749,0.002511161,0.5884644,5,18
2025-09-03 22:02:06.082,0.002511161,0.6171628,5,18
2025-09-03 22:02:06.416,0.002511161,0.4426135,5,18
2025-09-03 22:02:06.750,0.002511161,0.01189929,5,18
2025-09-03 22:02:07.083,0.002511161,0.01189929,5,18
2025-09-03 22:02:07.416,0.002511161,0.003887072,5,18
2025-09-03 22:02:07.750,0.002511161,0.003887072,5,18
2025-09-03 22:02:08.082,0.002511161,0.003887072,5,18
2025-09-03 22:02:08.416,0.002511161,0.003887072,5,18
2025-09-03 22:02:08.750,0.002511161,0.003887072,5,18
2025-09-03 22:02:09.082,0.002511161,0.003887072,5,18
2025-09-03 22:02:09.417,0.002511161,0.003902186,5,18
2025-09-03 22:02:09.749,0.002511161,0.003902186,5,18
2025-09-03 22:02:10.082,0.002511161,0.5343091,5,18
2025-09-03 22:02:10.416,0.002511161,0.003902186,5,18
2025-09-03 22:02:10.751,0.002511161,0.003902186,5,18
2025-09-03 22:02:11.082,0.002511161,0.003902186,5,18
2025-09-03 22:02:11.418,0.002511161,0.003902186,5,18
2025-09-03 22:02:11.750,0.002511161,0.003902186,5,18
2025-09-03 22:02:12.084,0.002511161,0.003902186,5,18
2025-09-03 22:02:12.417,0.002511161,0.003902186,5,18
2025-09-03 22:02:12.750,0.002511161,0.003902186,5,18
2025-09-03 22:02:13.082,0.002511161,0.003902186,5,18
2025-09-03 22:02:13.418,0.002511161,0.003902186,5,18
2025-09-03 22:02:13.750,0.002511161,0.003902186,5,18
2025-09-03 22:02:14.083,0.002511161,0.003902186,5,18
2025-09-03 22:02:14.415,0.002511161,0.003902186,5,18
2025-09-03 22:02:14.752,0.002511161,0.003902186,5,18
2025-09-03 22:02:15.082,0.002511161,0.003902186,5,18
2025-09-03 22:02:15.416,0.002511161,0.003902186,5,18
2025-09-03 22:02:15.751,0.002511161,0.003902186,5,18
2025-09-03 22:02:16.082,0.002511161,0.003902186,5,18
2025-09-03 22:02:16.417,0.002511161,0.003902186,5,18
2025-09-03 22:02:16.749,0.002511161,0.003902186,5,18
2025-09-03 22:02:17.087,0.002511161,0.003902186,5,18
2025-09-03 22:02:17.416,0.002511161,0.003902186,5,18
2025-09-03 22:02:17.751,0.002511161,0.003902186,5,18
2025-09-03 22:02:18.082,0.002511161,0.003902186,5,18
2025-09-03 22:02:18.418,0.002511161,0.003902186,5,18
2025-09-03 22:02:18.749,0.002511161,0.003902186,5,18
2025-09-03 22:02:19.083,0.002511161,0.003902186,5,18
2025-09-03 22:02:19.417,0.002511161,0.003902186,5,18
2025-09-03 22:02:19.752,0.002511161,0.003902186,5,18
2025-09-03 22:02:20.084,0.002511161,0.003902186,5,18
2025-09-03 22:02:20.418,0.002511161,0.8119028,5,18
2025-09-03 22:02:20.751,0.002511161,0.4761525,5,18
2025-09-03 22:02:21.082,0.002511161,0.3910417,5,18
2025-09-03 22:02:21.417,0.002511161,0.5487828,5,18
2025-09-03 22:02:21.750,0.002511161,0.3832189,5,18
2025-09-03 22:02:22.084,0.002511161,0.4926057,5,18
2025-09-03 22:02:22.417,0.002511161,0.492466,5,18
2025-09-03 22:02:22.749,0.002511161,0.468118,5,18
2025-09-03 22:02:23.084,0.002511161,0.8531963,5,18
2025-09-03 22:02:23.416,0.002511161,0.4950684,5,18
2025-09-03 22:02:23.750,0.002511161,0.4136726,5,18
2025-09-03 22:02:24.082,0.002511161,0.4761677,5,18
2025-09-03 22:02:24.417,0.002511161,0.4744196,5,18
2025-09-03 22:02:24.750,0.002511161,0.5272664,5,18
2025-09-03 22:02:25.084,0.002511161,0.4702918,5,18
2025-09-03 22:02:25.416,0.002511161,0.4752235,5,18
2025-09-03 22:02:25.750,0.002511161,0.5148204,5,18
2025-09-03 22:02:26.085,0.002511161,0.5575373,5,18
2025-09-03 22:02:26.417,0.002511161,0.6396803,5,18
2025-09-03 22:02:26.752,0.002511161,0.5731385,5,18
2025-09-03 22:02:27.082,0.002511161,0.5601693,5,18
2025-09-03 22:02:27.416,0.002511161,0.5944863,5,18
2025-09-03 22:02:27.750,0.002511161,0.540738,5,18
2025-09-03 22:02:28.082,0.002511161,0.5545956,5,18
2025-09-03 22:02:28.418,0.002511161,0.4331017,5,18
2025-09-03 22:02:28.749,0.002511161,0.4943646,5,18
2025-09-03 22:02:29.083,0.002511161,0.001515888,5,18
2025-09-03 22:02:29.417,0.002511161,-0.002461733,5,18
2025-09-03 22:02:29.751,0.002511161,-0.002461733,5,18
2025-09-03 22:02:30.084,0.002511161,-0.002461733,5,18
2025-09-03 22:02:30.416,0.002511161,-0.002461733,5,18
2025-09-03 22:02:30.752,0.002511161,0.9174383,5,18
2025-09-03 22:02:31.083,0.002511161,0.3601474,5,18
2025-09-03 22:02:31.419,0.002511161,0.4176945,5,18
2025-09-03 22:02:31.751,0.002511161,0.6627306,5,18
2025-09-03 22:02:32.082,0.002511161,0.6474208,5,18
2025-09-03 22:02:32.415,0.002511161,0.6240419,5,18
2025-09-03 22:02:32.752,0.002511161,0.7378579,5,18
2025-09-03 22:02:33.082,0.002511161,0.5576531,5,18
2025-09-03 22:02:33.418,0.002511161,0.676766,5,18
2025-09-03 22:02:33.751,0.002511161,0.7731751,5,18
2025-09-03 22:02:34.083,0.002511161,0.5577747,5,18
2025-09-03 22:02:34.417,0.002511161,0.5542363,5,18
2025-09-03 22:02:34.752,0.002511161,-0.005511641,5,18
2025-09-03 22:02:35.084,0.002511161,-0.005511641,5,18
2025-09-03 22:02:35.415,0.002511161,-0.006018449,5,18
2025-09-03 22:02:35.751,0.002511161,-0.006018449,5,18
2025-09-03 22:02:36.084,0.002511161,-0.006018449,5,18
2025-09-03 22:02:36.415,0.002511161,-0.006018449,5,18
2025-09-03 22:02:36.750,0.002511161,-0.006018449,5,18
2025-09-03 22:02:37.084,0.002511161,-0.006018449,5,18
2025-09-03 22:02:37.417,0.002511161,-0.006018449,5,18
2025-09-03 22:02:37.749,0.002511161,-0.006018449,5,18
2025-09-03 22:02:38.084,0.002511161,-0.006018449,5,18
2025-09-03 22:02:38.415,0.002511161,-0.006018449,5,18
2025-09-03 22:02:38.751,0.002511161,0.6004793,5,18
2025-09-03 22:02:39.083,0.002511161,-0.006018449,5,18
2025-09-03 22:02:39.418,0.002511161,-0.006018449,5,18
2025-09-03 22:02:39.750,0.002511161,-0.006028833,5,18
2025-09-03 22:02:40.082,0.002511161,-0.006028833,5,18
2025-09-03 22:02:40.417,0.002511161,-0.006028833,5,18
2025-09-03 22:02:40.751,0.002511161,-0.006028833,5,18
2025-09-03 22:02:41.084,0.002511161,-0.006028833,5,18
2025-09-03 22:02:41.416,0.002511161,-0.006028833,5,18
2025-09-03 22:02:41.749,0.002511161,-0.006028833,5,18
2025-09-03 22:02:42.083,0.002511161,-0.006028833,5,18
2025-09-03 22:02:42.417,0.002511161,0.7415885,5,18
2025-09-03 22:02:42.749,0.002511161,-0.006028833,5,18
2025-09-03 22:02:43.083,0.002511161,-0.006028833,5,18
2025-09-03 22:02:43.418,0.002511161,-0.006028833,5,18
2025-09-03 22:02:43.751,0.002511161,-0.006028833,5,18
2025-09-03 22:02:44.084,0.002511161,-0.006028833,5,18
2025-09-03 22:02:44.415,0.002511161,0.9559643,5,18
2025-09-03 22:02:44.750,0.002511161,-0.006028833,5,18
2025-09-03 22:02:45.082,0.002511161,0.7628962,5,18
2025-09-03 22:02:45.416,0.002511161,-0.006028833,5,18
2025-09-03 22:02:45.752,0.002511161,-0.006028833,5,18
2025-09-03 22:02:46.084,0.002511161,-0.006028833,5,18
2025-09-03 22:02:46.417,0.002511161,-0.006028833,5,18
2025-09-03 22:02:46.749,0.002511161,-0.006028833,5,18
2025-09-03 22:02:47.084,0.002511161,-0.006028833,5,18
2025-09-03 22:02:47.416,0.002511161,-0.006028833,5,18
2025-09-03 22:02:47.749,0.002511161,-0.006028833,5,18
2025-09-03 22:02:48.084,0.002511161,-0.006028833,5,18
2025-09-03 22:02:48.416,0.002511161,-0.006028833,5,18
2025-09-03 22:02:48.749,0.002511161,-0.006028833,5,18
2025-09-03 22:02:49.083,0.002511161,-0.006028833,5,18
2025-09-03 22:02:49.416,0.002511161,-0.006028833,5,18
2025-09-03 22:02:49.749,0.002511161,-0.006028833,5,18
2025-09-03 22:02:50.084,0.002511161,-0.006028833,5,18
2025-09-03 22:02:50.416,0.002511161,-0.006028833,5,18
2025-09-03 22:02:50.749,0.002511161,0.5759808,5,18
2025-09-03 22:02:51.082,0.002511161,0.3893859,5,18
2025-09-03 22:02:51.417,0.002511161,0.5234241,5,18
2025-09-03 22:02:51.749,0.002511161,0.5543047,5,18
2025-09-03 22:02:52.082,0.002511161,0.588581,5,18
2025-09-03 22:02:52.417,0.002511161,0.4961603,5,18
2025-09-03 22:02:52.749,0.002511161,0.5822824,5,18
2025-09-03 22:02:53.083,0.002511161,0.5083084,5,18
2025-09-03 22:02:53.417,0.002511161,0.6548821,5,18
2025-09-03 22:02:53.750,0.002511161,0.5975392,5,18
2025-09-03 22:02:54.082,0.002511161,0.6375325,5,18
2025-09-03 22:02:54.415,0.002511161,0.5580063,5,18
2025-09-03 22:02:54.750,0.002511161,0.5709595,5,18
2025-09-03 22:02:55.084,0.002511161,0.582615,5,18
2025-09-03 22:02:55.418,0.002511161,0.5692292,5,18
2025-09-03 22:02:55.751,0.002511161,0.4920858,5,18
2025-09-03 22:02:56.083,0.002511161,0.008990199,5,18
2025-09-03 22:02:56.416,0.002511161,0.008990199,5,18
2025-09-03 22:02:56.751,0.002511161,0.01113266,5,18
2025-09-03 22:02:57.084,0.002511161,0.01113266,5,18
2025-09-03 22:02:57.417,0.002511161,0.01113266,5,18
2025-09-03 22:02:57.750,0.002511161,0.01113266,5,18
2025-09-03 22:02:58.081,0.002511161,0.01113266,5,18
2025-09-03 22:02:58.416,0.002511161,0.01113266,5,18
2025-09-03 22:02:58.751,0.002511161,0.01113266,5,18
2025-09-03 22:02:59.081,0.002511161,0.4872116,5,18
2025-09-03 22:02:59.418,0.002511161,0.3443781,5,18
2025-09-03 22:02:59.749,0.002511161,0.685994,5,18
2025-09-03 22:03:00.085,0.002511161,0.01137816,5,18
2025-09-03 22:03:00.592,4.994699,0.01137816,5,18
2025-09-03 22:03:00.749,4.994699,0.01137816,5,18
2025-09-03 22:03:01.287,10.00446,0.4270271,5,18
2025-09-03 22:03:01.416,10.00446,0.4309698,5,18
2025-09-03 22:03:01.749,10.00446,0.3001442,5,18
2025-09-03 22:03:02.082,10.00446,0.4506577,5,18
2025-09-03 22:03:02.415,10.00446,0.4772124,5,18
2025-09-03 22:03:02.749,10.00446,0.4098364,5,18
2025-09-03 22:03:03.082,10.00446,0.3823561,5,18
2025-09-03 22:03:03.417,10.00446,0.01250781,5,18
2025-09-03 22:03:03.752,10.00446,0.01325747,5,18
2025-09-03 22:03:04.084,10.00446,0.01325747,5,18
2025-09-03 22:03:04.418,10.00446,0.01325747,5,18
2025-09-03 22:03:04.750,10.00446,0.01325747,5,18
2025-09-03 22:03:05.084,10.00446,0.01325747,5,18
2025-09-03 22:03:05.416,10.00446,0.01325747,5,18
2025-09-03 22:03:05.749,10.00446,0.01325747,5,18
2025-09-03 22:03:06.084,10.00446,0.01325747,5,18
2025-09-03 22:03:06.418,10.00446,0.01325747,5,18
2025-09-03 22:03:06.750,10.00446,0.004492454,5,18
2025-09-03 22:03:07.083,10.00446,0.4292288,5,18
2025-09-03 22:03:07.417,10.00446,0.441208,5,18
2025-09-03 22:03:07.751,10.00446,0.4451393,5,18
2025-09-03 22:03:08.081,10.00446,0.3878696,5,18
2025-09-03 22:03:08.415,10.00446,0.4719046,5,18
2025-09-03 22:03:08.750,10.00446,0.4520394,5,18
2025-09-03 22:03:09.084,10.00446,0.4611067,5,18
2025-09-03 22:03:09.416,10.00446,0.3862198,5,18
2025-09-03 22:03:09.751,10.00446,0.4278264,5,18
2025-09-03 22:03:10.083,10.00446,0.3971423,5,18
2025-09-03 22:03:10.416,10.00446,0.3727344,5,18
2025-09-03 22:03:10.751,10.00446,0.3661558,5,18
2025-09-03 22:03:11.083,10.00446,0.395193,5,18
2025-09-03 22:03:11.415,10.00446,0.8110797,5,18
2025-09-03 22:03:11.750,10.00446,0.6171448,5,18
2025-09-03 22:03:12.083,10.00446,0.6109253,5,18
2025-09-03 22:03:12.415,10.00446,0.5889156,5,18
2025-09-03 22:03:12.751,10.00446,0.5824118,5,18
2025-09-03 22:03:13.083,10.00446,0.5833721,5,18
2025-09-03 22:03:13.418,10.00446,0.5580485,5,18
2025-09-03 22:03:13.751,10.00446,0.5493717,5,18
2025-09-03 22:03:14.082,10.00446,0.7371455,5,18
2025-09-03 22:03:14.416,10.00446,0.4341861,5,18
2025-09-03 22:03:14.751,10.00446,0.4985773,5,18
2025-09-03 22:03:15.084,10.00446,0.4290692,5,18
2025-09-03 22:03:15.415,10.00446,0.4893211,5,18
2025-09-03 22:03:15.751,10.00446,0.4800991,5,18
2025-09-03 22:03:16.083,10.00446,0.4802387,5,18
2025-09-03 22:03:16.417,10.00446,0.7923673,5,18
2025-09-03 22:03:16.752,10.00446,0.6650786,5,18
2025-09-03 22:03:17.085,10.00446,0.5786744,5,18
2025-09-03 22:03:17.415,10.00446,0.6140742,5,18
2025-09-03 22:03:17.749,10.00446,0.6825478,5,18
2025-09-03 22:03:18.084,10.00446,0.6216804,5,18
2025-09-03 22:03:18.417,10.00446,0.529418,5,18
2025-09-03 22:03:18.751,10.00446,0.691967,5,18
2025-09-03 22:03:19.083,10.00446,0.7296717,5,18
2025-09-03 22:03:19.416,10.00446,0.6719306,5,18
2025-09-03 22:03:19.751,10.00446,0.7252768,5,18
2025-09-03 22:03:20.083,10.00446,0.7184798,5,18
2025-09-03 22:03:20.416,10.00446,0.6681694,5,18
2025-09-03 22:03:20.749,10.00446,0.7175854,5,18
2025-09-03 22:03:21.083,10.00446,0.7088076,5,18
2025-09-03 22:03:21.416,10.00446,0.7150993,5,18
2025-09-03 22:03:21.750,10.00446,0.6349381,5,18
2025-09-03 22:03:22.083,10.00446,0.6731966,5,18
2025-09-03 22:03:22.416,10.00446,0.6117725,5,18
2025-09-03 22:03:22.750,10.00446,0.7116277,5,18
2025-09-03 22:03:23.081,10.00446,0.6815928,5,18
2025-09-03 22:03:23.424,10.00446,0.7062811,5,18
2025-09-03 22:03:23.751,10.00446,0.6795975,5,18
2025-09-03 22:03:24.084,10.00446,0.7010956,5,18
2025-09-03 22:03:24.417,10.00446,1.239072,5,18
2025-09-03 22:03:24.751,10.00446,0.6570972,5,18
2025-09-03 22:03:25.083,10.00446,0.7088548,5,18
2025-09-03 22:03:25.418,10.00446,0.687463,5,18
2025-09-03 22:03:25.750,10.00446,0.675972,5,18
2025-09-03 22:03:26.083,10.00446,0.7008813,5,18
2025-09-03 22:03:26.417,10.00446,0.9547228,5,18
2025-09-03 22:03:26.751,10.00446,0.5831754,5,18
2025-09-03 22:03:27.082,10.00446,0.6419125,5,18
2025-09-03 22:03:27.418,10.00446,0.4538612,5,18
2025-09-03 22:03:27.749,10.00446,0.6851135,5,18
2025-09-03 22:03:28.083,10.00446,0.5668678,5,18
2025-09-03 22:03:28.418,10.00446,0.5937468,5,18
2025-09-03 22:03:28.750,10.00446,0.5475445,5,18
2025-09-03 22:03:29.083,10.00446,0.5372492,5,18
2025-09-03 22:03:29.416,10.00446,0.561525,5,18
2025-09-03 22:03:29.750,10.00446,0.5568269,5,18
2025-09-03 22:03:30.083,10.00446,0.697887,5,18
2025-09-03 22:03:30.419,10.00446,0.6551171,5,18
2025-09-03 22:03:30.749,10.00446,0.6367013,5,18
2025-09-03 22:03:31.082,10.00446,0.6226095,5,18
2025-09-03 22:03:31.415,10.00446,0.6085076,5,18
2025-09-03 22:03:31.749,10.00446,0.5687013,5,18
2025-09-03 22:03:32.088,10.00446,0.6669062,5,18
2025-09-03 22:03:32.416,10.00446,0.5228828,5,18
2025-09-03 22:03:32.752,10.00446,0.5499313,5,18
2025-09-03 22:03:33.084,10.00446,0.5430834,5,18
2025-09-03 22:03:33.416,10.00446,0.563745,5,18
2025-09-03 22:03:33.751,10.00446,0.7166059,5,18
2025-09-03 22:03:34.082,10.00446,-0.02658824,5,18
2025-09-03 22:03:34.416,10.00446,0.5524302,5,18
2025-09-03 22:03:34.750,10.00446,0.5739942,5,18
2025-09-03 22:03:35.084,10.00446,-0.01928806,5,18
2025-09-03 22:03:35.417,10.00446,0.4037104,5,18
2025-09-03 22:03:35.752,10.00446,1.193758,5,18
2025-09-03 22:03:36.085,10.00446,-0.0273576,5,18
2025-09-03 22:03:36.417,10.00446,1.061296,5,18
2025-09-03 22:03:36.749,10.00446,-0.03513357,5,18
2025-09-03 22:03:37.083,10.00446,-0.03513357,5,18
2025-09-03 22:03:37.416,10.00446,-0.03513357,5,18
2025-09-03 22:03:37.750,10.00446,-0.03513357,5,18
2025-09-03 22:03:38.082,10.00446,-0.03513357,5,18
2025-09-03 22:03:38.415,10.00446,-0.03513357,5,18
2025-09-03 22:03:38.749,10.00446,-0.03509367,5,18
2025-09-03 22:03:39.084,10.00446,0.5036235,5,18
2025-09-03 22:03:39.416,10.00446,0.6498901,5,18
2025-09-03 22:03:39.749,10.00446,0.6274772,5,18
2025-09-03 22:03:40.083,10.00446,0.6141788,5,18
2025-09-03 22:03:40.417,10.00446,0.7029452,5,18
2025-09-03 22:03:40.753,10.00446,0.7585864,5,18
2025-09-03 22:03:41.082,10.00446,0.7020334,5,18
2025-09-03 22:03:41.415,10.00446,0.6653173,5,18
2025-09-03 22:03:41.749,10.00446,0.7104574,5,18
2025-09-03 22:03:42.081,10.00446,0.7754061,5,18
2025-09-03 22:03:42.415,10.00446,0.593644,5,18
2025-09-03 22:03:42.749,10.00446,-0.03838398,5,18
2025-09-03 22:03:43.083,10.00446,-0.03838398,5,18
2025-09-03 22:03:43.416,10.00446,-0.03838398,5,18
2025-09-03 22:03:43.750,10.00446,-0.03838398,5,18
2025-09-03 22:03:44.083,10.00446,-0.03838398,5,18
2025-09-03 22:03:44.417,10.00446,-0.03838398,5,18
2025-09-03 22:03:44.749,10.00446,-0.03838398,5,18
2025-09-03 22:03:45.082,10.00446,-0.03838398,5,18
2025-09-03 22:03:45.418,10.00446,-0.03838398,5,18
2025-09-03 22:03:45.749,10.00446,-0.03838398,5,18
2025-09-03 22:03:46.083,10.00446,-0.03838398,5,18
2025-09-03 22:03:46.416,10.00446,-0.03838398,5,18
2025-09-03 22:03:46.751,10.00446,0.7391106,5,18
2025-09-03 22:03:47.085,10.00446,0.9255209,5,18
2025-09-03 22:03:47.415,10.00446,0.5908605,5,18
2025-09-03 22:03:47.751,10.00446,0.9571307,5,18
2025-09-03 22:03:48.084,10.00446,0.6776425,5,18
2025-09-03 22:03:48.417,10.00446,0.7668074,5,18
2025-09-03 22:03:48.751,10.00446,0.8996845,5,18
2025-09-03 22:03:49.084,10.00446,0.796686,5,18
2025-09-03 22:03:49.416,10.00446,0.910049,5,18
2025-09-03 22:03:49.748,10.00446,0.6348389,5,18
2025-09-03 22:03:50.085,10.00446,0.8190961,5,18
2025-09-03 22:03:50.417,10.00446,0.8443937,5,18
2025-09-03 22:03:50.751,10.00446,0.8477495,5,18
2025-09-03 22:03:51.086,10.00446,0.7334833,5,18
2025-09-03 22:03:51.417,10.00446,0.7415647,5,18
2025-09-03 22:03:51.751,10.00446,0.9313325,5,18
2025-09-03 22:03:52.083,10.00446,0.8346586,5,18
2025-09-03 22:03:52.415,10.00446,0.5619673,5,18
2025-09-03 22:03:52.749,10.00446,0.8498117,5,18
2025-09-03 22:03:53.084,10.00446,0.9551542,5,18
2025-09-03 22:03:53.416,10.00446,0.9964705,5,18
2025-09-03 22:03:53.751,10.00446,0.8658222,5,18
2025-09-03 22:03:54.082,10.00446,0.8021679,5,18
2025-09-03 22:03:54.416,10.00446,0.8887353,5,18
2025-09-03 22:03:54.751,10.00446,0.4587897,5,18
2025-09-03 22:03:55.083,10.00446,0.7814549,5,18
2025-09-03 22:03:55.417,10.00446,0.8599628,5,18
2025-09-03 22:03:55.750,10.00446,0.7760409,5,18
2025-09-03 22:03:56.085,10.00446,0.8455206,5,18
2025-09-03 22:03:56.418,10.00446,0.8524972,5,18
2025-09-03 22:03:56.752,10.00446,0.8146525,5,18
2025-09-03 22:03:57.082,10.00446,0.8295534,5,18
2025-09-03 22:03:57.418,10.00446,0.8126892,5,18
2025-09-03 22:03:57.749,10.00446,0.9235975,5,18
2025-09-03 22:03:58.084,10.00446,0.7804227,5,18
2025-09-03 22:03:58.417,10.00446,0.8584453,5,18
2025-09-03 22:03:58.750,10.00446,0.9934789,5,18
2025-09-03 22:03:59.082,10.00446,0.8125004,5,18
2025-09-03 22:03:59.417,10.00446,1.059739,5,18
2025-09-03 22:03:59.749,10.00446,0.8358722,5,18
2025-09-03 22:04:00.084,10.00446,0.4163731,5,18
2025-09-03 22:04:00.417,10.00446,0.8461173,5,18
2025-09-03 22:04:00.750,10.00446,0.9493868,5,18
2025-09-03 22:04:01.083,10.00446,0.3963736,5,18
2025-09-03 22:04:01.418,10.00446,0.7821903,5,18
2025-09-03 22:04:01.751,10.00446,0.8270879,5,18
2025-09-03 22:04:02.081,10.00446,1.374102,5,18
2025-09-03 22:04:02.417,10.00446,0.4112787,5,18
2025-09-03 22:04:02.752,10.00446,0.7134382,5,18
2025-09-03 22:04:03.084,10.00446,0.699742,5,18
2025-09-03 22:04:03.416,10.00446,0.4849434,5,18
2025-09-03 22:04:03.749,10.00446,0.5320278,5,18
2025-09-03 22:04:04.085,10.00446,0.6600358,5,18
2025-09-03 22:04:04.417,10.00446,1.188287,5,18
2025-09-03 22:04:04.751,10.00446,0.3589361,5,18
2025-09-03 22:04:05.083,10.00446,0.3730841,5,18
2025-09-03 22:04:05.416,10.00446,0.7508506,5,18
2025-09-03 22:04:05.750,10.00446,0.3834747,5,18
2025-09-03 22:04:06.084,10.00446,0.7158309,5,18
2025-09-03 22:04:06.416,10.00446,0.781746,5,18
2025-09-03 22:04:06.751,10.00446,0.7836512,5,18
2025-09-03 22:04:07.082,10.00446,0.6192976,5,18
2025-09-03 22:04:07.417,10.00446,0.6193734,5,18
2025-09-03 22:04:07.750,10.00446,0.5468778,5,18
2025-09-03 22:04:08.084,10.00446,1.021747,5,18
2025-09-03 22:04:08.417,10.00446,0.5748153,5,18
2025-09-03 22:04:08.751,10.00446,0.4896827,5,18
2025-09-03 22:04:09.082,10.00446,0.4376549,5,18
2025-09-03 22:04:09.416,10.00446,0.5876918,5,18
2025-09-03 22:04:09.749,10.00446,0.5936367,5,18
2025-09-03 22:04:10.084,10.00446,0.5035772,5,18
2025-09-03 22:04:10.416,10.00446,0.427728,5,18
2025-09-03 22:04:10.749,10.00446,0.6912594,5,18
2025-09-03 22:04:11.082,10.00446,0.3097346,5,18
2025-09-03 22:04:11.417,10.00446,0.5301315,5,18
2025-09-03 22:04:11.750,10.00446,0.4961632,5,18
2025-09-03 22:04:12.082,10.00446,-0.006257532,5,18
2025-09-03 22:04:12.418,10.00446,-0.006257532,5,18
2025-09-03 22:04:12.749,10.00446,-0.006257532,5,18
2025-09-03 22:04:13.082,10.00446,-0.006864336,5,18
2025-09-03 22:04:13.417,10.00446,-0.006864336,5,18
2025-09-03 22:04:13.749,10.00446,0.550104,5,18
2025-09-03 22:04:14.082,10.00446,0.5154749,5,18
2025-09-03 22:04:14.415,10.00446,0.5395797,5,18
2025-09-03 22:04:14.751,10.00446,0.5242993,5,18
2025-09-03 22:04:15.083,10.00446,0.6329975,5,18
2025-09-03 22:04:15.416,10.00446,0.5985621,5,18
2025-09-03 22:04:15.752,10.00446,0.4183157,5,18
2025-09-03 22:04:16.082,10.00446,0.4771025,5,18
2025-09-03 22:04:16.418,10.00446,0.5639933,5,18
2025-09-03 22:04:16.751,10.00446,0.5140818,5,18
2025-09-03 22:04:17.084,10.00446,0.6735693,5,18
2025-09-03 22:04:17.418,10.00446,0.5185244,5,18
2025-09-03 22:04:17.749,10.00446,0.4378466,5,18
2025-09-03 22:04:18.082,10.00446,0.9011854,5,18
2025-09-03 22:04:18.416,10.00446,0.4682781,5,18
2025-09-03 22:04:18.750,10.00446,0.4239349,5,18
2025-09-03 22:04:19.083,10.00446,0.4886234,5,18
2025-09-03 22:04:19.415,10.00446,0.4920638,5,18
2025-09-03 22:04:19.751,10.00446,0.3787273,5,18
2025-09-03 22:04:20.084,10.00446,-0.004826357,5,18
2025-09-03 22:04:20.418,10.00446,0.2600738,5,18
2025-09-03 22:04:20.749,10.00446,0.5149168,5,18
2025-09-03 22:04:21.082,10.00446,-0.004901804,5,18
2025-09-03 22:04:21.415,10.00446,0.6909129,5,18
2025-09-03 22:04:21.749,10.00446,0.5541332,5,18
2025-09-03 22:04:22.085,10.00446,0.5681896,5,18
2025-09-03 22:04:22.417,10.00446,0.5881439,5,18
2025-09-03 22:04:22.751,10.00446,0.469276,5,18
2025-09-03 22:04:23.083,10.00446,0.4777243,5,18
2025-09-03 22:04:23.416,10.00446,0.4935372,5,18
2025-09-03 22:04:23.750,10.00446,0.5917177,5,18
2025-09-03 22:04:24.083,10.00446,0.5694118,5,18
2025-09-03 22:04:24.415,10.00446,0.6222214,5,18
2025-09-03 22:04:24.749,10.00446,-0.006066625,5,18
2025-09-03 22:04:25.085,10.00446,-0.01412843,5,18
2025-09-03 22:04:25.418,10.00446,-0.01412843,5,18
2025-09-03 22:04:25.749,10.00446,-0.01412843,5,18
2025-09-03 22:04:26.082,10.00446,-0.01412843,5,18
2025-09-03 22:04:26.416,10.00446,0.8593553,5,18
2025-09-03 22:04:26.749,10.00446,-0.01412843,5,18
2025-09-03 22:04:27.085,10.00446,-0.01412843,5,18
2025-09-03 22:04:27.416,10.00446,-0.01412843,5,18
2025-09-03 22:04:27.749,10.00446,-0.01412843,5,18
2025-09-03 22:04:28.082,10.00446,-0.01412843,5,18
2025-09-03 22:04:28.417,10.00446,-0.01412843,5,18
2025-09-03 22:04:28.750,10.00446,-0.01412843,5,18
2025-09-03 22:04:29.084,10.00446,0.4020432,5,18
2025-09-03 22:04:29.418,10.00446,0.6951097,5,18
2025-09-03 22:04:29.749,10.00446,0.4816544,5,18
2025-09-03 22:04:30.083,10.00446,0.69728,5,18
2025-09-03 22:04:30.418,10.00446,0.6793658,5,18
2025-09-03 22:04:30.750,10.00446,0.7092568,5,18
2025-09-03 22:04:31.083,10.00446,0.6603142,5,18
2025-09-03 22:04:31.415,10.00446,0.7022954,5,18
2025-09-03 22:04:31.751,10.00446,0.6088105,5,18
2025-09-03 22:04:32.084,10.00446,0.6343884,5,18
2025-09-03 22:04:32.415,10.00446,0.5666677,5,18
2025-09-03 22:04:32.751,10.00446,0.5721437,5,18
2025-09-03 22:04:33.083,10.00446,0.6222436,5,18
2025-09-03 22:04:33.417,10.00446,0.6804127,5,18
2025-09-03 22:04:33.752,10.00446,0.5780395,5,18
2025-09-03 22:04:34.084,10.00446,0.5968264,5,18
2025-09-03 22:04:34.415,10.00446,0.5871505,5,18
2025-09-03 22:04:34.751,10.00446,0.7157516,5,18
2025-09-03 22:04:35.084,10.00446,0.5572401,5,18
2025-09-03 22:04:35.415,10.00446,0.5205117,5,18
2025-09-03 22:04:35.751,10.00446,0.47334,5,18
2025-09-03 22:04:36.084,10.00446,-0.01176176,5,18
2025-09-03 22:04:36.417,10.00446,0.8280739,5,18
2025-09-03 22:04:36.750,10.00446,0.6846091,5,18
2025-09-03 22:04:37.082,10.00446,-0.01176176,5,18
2025-09-03 22:04:37.416,10.00446,0.4822165,5,18
2025-09-03 22:04:37.749,10.00446,-0.01176176,5,18
2025-09-03 22:04:38.083,10.00446,0.4354666,5,18
2025-09-03 22:04:38.417,10.00446,0.5573142,5,18
2025-09-03 22:04:38.749,10.00446,0.6594786,5,18
2025-09-03 22:04:39.083,10.00446,0.5252824,5,18
2025-09-03 22:04:39.417,10.00446,0.6282296,5,18
2025-09-03 22:04:39.751,10.00446,0.6685311,5,18
2025-09-03 22:04:40.085,10.00446,0.6568035,5,18
2025-09-03 22:04:40.415,10.00446,0.6523855,5,18
2025-09-03 22:04:40.749,10.00446,0.7230497,5,18
2025-09-03 22:04:41.087,10.00446,0.5601014,5,18
2025-09-03 22:04:41.417,10.00446,-0.008134754,5,18
2025-09-03 22:04:41.749,10.00446,0.6407188,5,18
2025-09-03 22:04:42.084,10.00446,0.5915088,5,18
2025-09-03 22:04:42.418,10.00446,0.4704956,5,18
2025-09-03 22:04:42.749,10.00446,-0.00659796,5,18
2025-09-03 22:04:43.083,10.00446,-0.004189696,5,18
2025-09-03 22:04:43.415,10.00446,-0.004189696,5,18
2025-09-03 22:04:43.750,10.00446,-0.004189696,5,18
2025-09-03 22:04:44.085,10.00446,-0.004189696,5,18
2025-09-03 22:04:44.416,10.00446,0.4175356,5,18
2025-09-03 22:04:44.751,10.00446,0.4312522,5,18
2025-09-03 22:04:45.085,10.00446,0.437348,5,18
2025-09-03 22:04:45.415,10.00446,-0.003621591,5,18
2025-09-03 22:04:45.749,10.00446,-0.003621591,5,18
2025-09-03 22:04:46.083,10.00446,-0.0006595057,5,18
2025-09-03 22:04:46.416,10.00446,-0.0006595057,5,18
2025-09-03 22:04:46.751,10.00446,-0.0006595057,5,18
2025-09-03 22:04:47.084,10.00446,0.4883582,5,18
2025-09-03 22:04:47.416,10.00446,0.429159,5,18
2025-09-03 22:04:47.749,10.00446,0.4644894,5,18
2025-09-03 22:04:48.084,10.00446,0.4362387,5,18
2025-09-03 22:04:48.415,10.00446,0.5095636,5,18
2025-09-03 22:04:48.750,10.00446,0.5621256,5,18
2025-09-03 22:04:49.082,10.00446,0.4828628,5,18
2025-09-03 22:04:49.416,10.00446,0.4816575,5,18
2025-09-03 22:04:49.751,10.00446,0.4321558,5,18
2025-09-03 22:04:50.083,10.00446,0.461912,5,18
2025-09-03 22:04:50.415,10.00446,0.4981808,5,18
2025-09-03 22:04:50.749,10.00446,0.410884,5,18
2025-09-03 22:04:51.084,10.00446,0.6090574,5,18
2025-09-03 22:04:51.419,10.00446,0.4890202,5,18
2025-09-03 22:04:51.751,10.00446,0.4362158,5,18
2025-09-03 22:04:52.083,10.00446,0.4557109,5,18
2025-09-03 22:04:52.418,10.00446,0.3855447,5,18
2025-09-03 22:04:52.751,10.00446,0.5002612,5,18
2025-09-03 22:04:53.085,10.00446,0.5152154,5,18
2025-09-03 22:04:53.417,10.00446,0.6167459,5,18
2025-09-03 22:04:53.750,10.00446,0.4367056,5,18
2025-09-03 22:04:54.083,10.00446,0.3840319,5,18
2025-09-03 22:04:54.416,10.00446,0.4738587,5,18
2025-09-03 22:04:54.750,10.00446,0.6996525,5,18
2025-09-03 22:04:55.082,10.00446,0.585322,5,18
2025-09-03 22:04:55.416,10.00446,0.01005834,5,18
2025-09-03 22:04:55.751,10.00446,0.01005834,5,18
2025-09-03 22:04:56.082,10.00446,0.402663,5,18
2025-09-03 22:04:56.416,10.00446,0.3455748,5,18
2025-09-03 22:04:56.750,10.00446,0.01005834,5,18
2025-09-03 22:04:57.084,10.00446,0.01005834,5,18
2025-09-03 22:04:57.417,10.00446,0.01005834,5,18
2025-09-03 22:04:57.751,10.00446,0.01005834,5,18
2025-09-03 22:04:58.083,10.00446,0.01005834,5,18
2025-09-03 22:04:58.417,10.00446,0.01005834,5,18
2025-09-03 22:04:58.750,10.00446,0.01005834,5,18
2025-09-03 22:04:59.084,10.00446,0.01008943,5,18
2025-09-03 22:04:59.417,10.00446,0.01008943,5,18
2025-09-03 22:04:59.751,10.00446,0.01008943,5,18
2025-09-03 22:05:00.084,10.00446,0.01008943,5,18
2025-09-03 22:05:00.417,10.00446,0.01008943,5,18
2025-09-03 22:05:00.749,10.00446,0.01008943,5,18
2025-09-03 22:05:01.082,10.00446,0.01008943,5,18
2025-09-03 22:05:01.417,10.00446,0.01008943,5,18
2025-09-03 22:05:01.751,10.00446,0.01008943,5,18
2025-09-03 22:05:02.082,10.00446,0.01008943,5,18
2025-09-03 22:05:02.416,10.00446,0.01008943,5,18
2025-09-03 22:05:02.749,10.00446,0.01008943,5,18
2025-09-03 22:05:03.082,10.00446,0.01008943,5,18
2025-09-03 22:05:03.418,10.00446,0.01008943,5,18
2025-09-03 22:05:03.749,10.00446,0.01008943,5,18
2025-09-03 22:05:04.083,10.00446,0.8176276,5,18
2025-09-03 22:05:04.417,10.00446,0.01008943,5,18
2025-09-03 22:05:04.749,10.00446,0.01008943,5,18
2025-09-03 22:05:05.082,10.00446,0.01008943,5,18
2025-09-03 22:05:05.418,10.00446,0.01008943,5,18
2025-09-03 22:05:05.749,10.00446,0.01008943,5,18
2025-09-03 22:05:06.084,10.00446,0.01008943,5,18
2025-09-03 22:05:06.418,10.00446,0.01008943,5,18
2025-09-03 22:05:06.750,10.00446,0.01008943,5,18
2025-09-03 22:05:07.083,10.00446,0.01008943,5,18
2025-09-03 22:05:07.417,10.00446,0.01008943,5,18
2025-09-03 22:05:07.749,10.00446,0.01008943,5,18
2025-09-03 22:05:08.084,10.00446,0.01008943,5,18
2025-09-03 22:05:08.417,10.00446,0.01008943,5,18
2025-09-03 22:05:08.756,10.00446,0.01008943,5,18
2025-09-03 22:05:09.084,10.00446,0.01008943,5,18
2025-09-03 22:05:09.416,10.00446,0.01008943,5,18
2025-09-03 22:05:09.752,10.00446,0.01008943,5,18
2025-09-03 22:05:10.085,10.00446,0.01008943,5,18
2025-09-03 22:05:10.415,10.00446,0.01008943,5,18
2025-09-03 22:05:10.752,10.00446,0.01008943,5,18
2025-09-03 22:05:11.083,10.00446,0.01008943,5,18
2025-09-03 22:05:11.416,10.00446,0.01008943,5,18
2025-09-03 22:05:11.750,10.00446,0.01008943,5,18
2025-09-03 22:05:12.082,10.00446,0.01008943,5,18
2025-09-03 22:05:12.415,10.00446,0.01008943,5,18
2025-09-03 22:05:12.749,10.00446,0.01008943,5,18
2025-09-03 22:05:13.082,10.00446,0.01008943,5,18
2025-09-03 22:05:13.417,10.00446,0.01008943,5,18
2025-09-03 22:05:13.751,10.00446,0.01008943,5,18
2025-09-03 22:05:14.082,10.00446,0.01008943,5,18
2025-09-03 22:05:14.418,10.00446,0.01008943,5,18
2025-09-03 22:05:14.748,10.00446,0.01008943,5,18
2025-09-03 22:05:15.083,10.00446,0.01008943,5,18
2025-09-03 22:05:15.416,10.00446,0.01008943,5,18
2025-09-03 22:05:15.750,10.00446,0.01008943,5,18
2025-09-03 22:05:16.081,10.00446,0.01008943,5,18
2025-09-03 22:05:16.417,10.00446,0.01008943,5,18
2025-09-03 22:05:16.750,10.00446,0.01008943,5,18
2025-09-03 22:05:17.082,10.00446,0.5234395,5,18
2025-09-03 22:05:17.417,10.00446,0.01008943,5,18
2025-09-03 22:05:17.751,10.00446,0.01008943,5,18
2025-09-03 22:05:18.083,10.00446,0.01008943,5,18
2025-09-03 22:05:18.418,10.00446,0.01008943,5,18
2025-09-03 22:05:18.749,10.00446,0.01008943,5,18
2025-09-03 22:05:19.082,10.00446,0.01008943,5,18
2025-09-03 22:05:19.416,10.00446,0.01008943,5,18
2025-09-03 22:05:19.751,10.00446,0.01008943,5,18
2025-09-03 22:05:20.084,10.00446,0.01008943,5,18
2025-09-03 22:05:20.416,10.00446,0.01008943,5,18
2025-09-03 22:05:20.749,10.00446,0.5689578,5,18
2025-09-03 22:05:21.084,10.00446,0.01008943,5,18
2025-09-03 22:05:21.415,10.00446,0.01008943,5,18
2025-09-03 22:05:21.751,10.00446,0.01008943,5,18
2025-09-03 22:05:22.084,10.00446,0.01008943,5,18
2025-09-03 22:05:22.416,10.00446,0.01008943,5,18
2025-09-03 22:05:22.750,10.00446,0.01008943,5,18
2025-09-03 22:05:23.082,10.00446,0.01008943,5,18
2025-09-03 22:05:23.417,10.00446,0.01008943,5,18
2025-09-03 22:05:23.751,10.00446,0.01008943,5,18
2025-09-03 22:05:24.084,10.00446,0.881946,5,18
2025-09-03 22:05:24.415,10.00446,0.01008943,5,18
2025-09-03 22:05:24.750,10.00446,0.01008943,5,18
2025-09-03 22:05:25.084,10.00446,0.01008943,5,18
2025-09-03 22:05:25.417,10.00446,0.01008943,5,18
2025-09-03 22:05:25.750,10.00446,0.01008943,5,18
2025-09-03 22:05:26.084,10.00446,0.7965668,5,18
2025-09-03 22:05:26.417,10.00446,0.8338719,5,18
2025-09-03 22:05:26.753,10.00446,0.8337415,5,18
2025-09-03 22:05:27.082,10.00446,0.879148,5,18
2025-09-03 22:05:27.416,10.00446,0.8636547,5,18
2025-09-03 22:05:27.750,10.00446,0.858811,5,18
2025-09-03 22:05:28.084,10.00446,0.886983,5,18
2025-09-03 22:05:28.418,10.00446,0.8728189,5,18
2025-09-03 22:05:28.749,10.00446,0.8310171,5,18
2025-09-03 22:05:29.082,10.00446,0.8278822,5,18
2025-09-03 22:05:29.415,10.00446,0.8486805,5,18
2025-09-03 22:05:29.749,10.00446,0.8722843,5,18
2025-09-03 22:05:30.082,10.00446,0.9361787,5,18
2025-09-03 22:05:30.416,10.00446,0.8791728,5,18
2025-09-03 22:05:30.751,10.00446,1.018118,5,18
2025-09-03 22:05:31.082,10.00446,0.9630511,5,18
2025-09-03 22:05:31.417,10.00446,0.8976701,5,18
2025-09-03 22:05:31.749,10.00446,0.4349028,5,18
2025-09-03 22:05:32.082,10.00446,0.6329235,5,18
2025-09-03 22:05:32.417,10.00446,0.6315686,5,18
2025-09-03 22:05:32.749,10.00446,0.6177201,5,18
2025-09-03 22:05:33.084,10.00446,0.4616106,5,18
2025-09-03 22:05:33.416,10.00446,0.445804,5,18
2025-09-03 22:05:33.753,10.00446,0.6276762,5,18
2025-09-03 22:05:34.084,10.00446,0.2794774,5,18
2025-09-03 22:05:34.418,10.00446,0.4679542,5,18
2025-09-03 22:05:34.752,10.00446,0.5274338,5,18
2025-09-03 22:05:35.084,10.00446,0.3944268,5,18
2025-09-03 22:05:35.415,10.00446,0.01324459,5,18
2025-09-03 22:05:35.750,10.00446,0.01324459,5,18
2025-09-03 22:05:36.082,10.00446,0.01324459,5,18
2025-09-03 22:05:36.417,10.00446,0.01190394,5,18
2025-09-03 22:05:36.750,10.00446,0.01190394,5,18
2025-09-03 22:05:37.084,10.00446,0.01190394,5,18
2025-09-03 22:05:37.418,10.00446,0.01190394,5,18
2025-09-03 22:05:37.752,10.00446,0.01190394,5,18
2025-09-03 22:05:38.083,10.00446,0.01190394,5,18
2025-09-03 22:05:38.415,10.00446,0.01190394,5,18
2025-09-03 22:05:38.750,10.00446,0.01190394,5,18
2025-09-03 22:05:39.083,10.00446,0.01190394,5,18
2025-09-03 22:05:39.418,10.00446,0.01188922,5,18
2025-09-03 22:05:39.750,10.00446,0.6984057,5,18
2025-09-03 22:05:40.083,10.00446,0.01188922,5,18
2025-09-03 22:05:40.417,10.00446,0.01188922,5,18
2025-09-03 22:05:40.751,10.00446,0.4176359,5,18
2025-09-03 22:05:41.084,10.00446,0.5256202,5,18
2025-09-03 22:05:41.417,10.00446,0.5660365,5,18
2025-09-03 22:05:41.749,10.00446,0.5326229,5,18
2025-09-03 22:05:42.084,10.00446,0.4767361,5,18
2025-09-03 22:05:42.418,10.00446,0.4151963,5,18
2025-09-03 22:05:42.751,10.00446,0.4901091,5,18
2025-09-03 22:05:43.082,10.00446,0.3519721,5,18
2025-09-03 22:05:43.418,10.00446,0.3265141,5,18
2025-09-03 22:05:43.750,10.00446,0.5334958,5,18
2025-09-03 22:05:44.084,10.00446,0.3261768,5,18
2025-09-03 22:05:44.418,10.00446,0.4534042,5,18
2025-09-03 22:05:44.749,10.00446,0.5331907,5,18
2025-09-03 22:05:45.083,10.00446,0.007201842,5,18
2025-09-03 22:05:45.417,10.00446,0.0003475587,5,18
2025-09-03 22:05:45.749,10.00446,0.0003475587,5,18
2025-09-03 22:05:46.083,10.00446,0.0003475587,5,18
2025-09-03 22:05:46.416,10.00446,-0.002341264,5,18
2025-09-03 22:05:46.748,10.00446,-0.002341264,5,18
2025-09-03 22:05:47.082,10.00446,-0.002341264,5,18
2025-09-03 22:05:47.415,10.00446,-0.002341264,5,18
2025-09-03 22:05:47.751,10.00446,-0.002341264,5,18
2025-09-03 22:05:48.084,10.00446,-0.002341264,5,18
2025-09-03 22:05:48.418,10.00446,-0.002341264,5,18
2025-09-03 22:05:48.751,10.00446,-0.002341264,5,18
2025-09-03 22:05:49.084,10.00446,-0.002341264,5,18
2025-09-03 22:05:49.417,10.00446,-0.002348701,5,18
2025-09-03 22:05:49.749,10.00446,-0.002348701,5,18
2025-09-03 22:05:50.083,10.00446,-0.002348701,5,18
2025-09-03 22:05:50.416,10.00446,-0.002348701,5,18
2025-09-03 22:05:50.749,10.00446,-0.002348701,5,18
2025-09-03 22:05:51.083,10.00446,-0.002348701,5,18
2025-09-03 22:05:51.417,10.00446,-0.002348701,5,18
2025-09-03 22:05:51.749,10.00446,-0.002348701,5,18
2025-09-03 22:05:52.083,10.00446,-0.002348701,5,18
2025-09-03 22:05:52.416,10.00446,-0.002348701,5,18
2025-09-03 22:05:52.749,10.00446,-0.002348701,5,18
2025-09-03 22:05:53.084,10.00446,0.5947085,5,18
2025-09-03 22:05:53.416,10.00446,0.5710951,5,18
2025-09-03 22:05:53.749,10.00446,0.5455948,5,18
2025-09-03 22:05:54.082,10.00446,0.4766417,5,18
2025-09-03 22:05:54.417,10.00446,0.6465379,5,18
2025-09-03 22:05:54.749,10.00446,0.5955671,5,18
2025-09-03 22:05:55.083,10.00446,0.6599814,5,18
2025-09-03 22:05:55.416,10.00446,0.6199791,5,18
2025-09-03 22:05:55.750,10.00446,0.6459286,5,18
2025-09-03 22:05:56.083,10.00446,0.3056669,5,18
2025-09-03 22:05:56.416,10.00446,-0.01367891,5,18
2025-09-03 22:05:56.751,10.00446,0.8668783,5,18
2025-09-03 22:05:57.082,10.00446,-0.01367891,5,18
2025-09-03 22:05:57.417,10.00446,-0.01367891,5,18
2025-09-03 22:05:57.751,10.00446,-0.01367891,5,18
2025-09-03 22:05:58.083,10.00446,-0.01367891,5,18
2025-09-03 22:05:58.415,10.00446,-0.01367891,5,18
2025-09-03 22:05:58.749,10.00446,-0.01367891,5,18
2025-09-03 22:05:59.083,10.00446,-0.01367891,5,18
2025-09-03 22:05:59.416,10.00446,0.8104554,5,18
2025-09-03 22:05:59.752,10.00446,0.5997777,5,18
2025-09-03 22:06:00.084,10.00446,0.5906662,5,18
2025-09-03 22:06:00.416,10.00446,0.6664028,5,18
2025-09-03 22:06:00.752,10.00446,0.6474366,5,18
2025-09-03 22:06:01.084,10.00446,0.6854059,5,18
2025-09-03 22:06:01.418,10.00446,0.6648598,5,18
2025-09-03 22:06:01.749,10.00446,0.7088552,5,18
2025-09-03 22:06:02.083,10.00446,0.6158062,5,18
2025-09-03 22:06:02.416,10.00446,0.6817946,5,18
2025-09-03 22:06:02.749,10.00446,0.6434713,5,18
2025-09-03 22:06:03.082,10.00446,0.5800445,5,18
2025-09-03 22:06:03.415,10.00446,0.7690263,5,18
2025-09-03 22:06:03.749,10.00446,0.5442469,5,18
2025-09-03 22:06:04.085,10.00446,0.6056983,5,18
2025-09-03 22:06:04.417,10.00446,0.5347248,5,18
2025-09-03 22:06:04.751,10.00446,0.5851253,5,18
2025-09-03 22:06:05.082,10.00446,0.6218029,5,18
2025-09-03 22:06:05.416,10.00446,0.7741682,5,18
2025-09-03 22:06:05.749,10.00446,0.6181152,5,18
2025-09-03 22:06:06.083,10.00446,0.6467361,5,18
2025-09-03 22:06:06.417,10.00446,0.5957327,5,18
2025-09-03 22:06:06.749,10.00446,0.611902,5,18
2025-09-03 22:06:07.083,10.00446,0.6281269,5,18
2025-09-03 22:06:07.417,10.00446,0.7394823,5,18
2025-09-03 22:06:07.750,10.00446,0.6541849,5,18
2025-09-03 22:06:08.081,10.00446,0.584894,5,18
2025-09-03 22:06:08.417,10.00446,0.5663963,5,18
2025-09-03 22:06:08.751,10.00446,0.5416709,5,18
2025-09-03 22:06:09.082,10.00446,0.6916866,5,18
2025-09-03 22:06:09.417,10.00446,0.6595008,5,18
2025-09-03 22:06:09.749,10.00446,0.6806299,5,18
2025-09-03 22:06:10.084,10.00446,0.5162437,5,18
2025-09-03 22:06:10.416,10.00446,0.5690368,5,18
2025-09-03 22:06:10.749,10.00446,0.7127684,5,18
2025-09-03 22:06:11.083,10.00446,0.5663226,5,18
2025-09-03 22:06:11.419,10.00446,0.6799295,5,18
2025-09-03 22:06:11.750,10.00446,0.7983086,5,18
2025-09-03 22:06:12.082,10.00446,0.6016341,5,18
2025-09-03 22:06:12.417,10.00446,0.5081969,5,18
2025-09-03 22:06:12.751,10.00446,0.5912632,5,18
2025-09-03 22:06:13.085,10.00446,0.7682472,5,18
2025-09-03 22:06:13.415,10.00446,0.6936777,5,18
2025-09-03 22:06:13.749,10.00446,0.6433237,5,18
2025-09-03 22:06:14.082,10.00446,0.4623804,5,18
2025-09-03 22:06:14.416,10.00446,0.600251,5,18
2025-09-03 22:06:14.750,10.00446,0.6346483,5,18
2025-09-03 22:06:15.083,10.00446,0.640879,5,18
2025-09-03 22:06:15.417,10.00446,0.5691673,5,18
2025-09-03 22:06:15.750,10.00446,0.5266812,5,18
2025-09-03 22:06:16.082,10.00446,0.5266215,5,18
2025-09-03 22:06:16.417,10.00446,0.6169159,5,18
2025-09-03 22:06:16.750,10.00446,0.7324255,5,18
2025-09-03 22:06:17.082,10.00446,0.6473503,5,18
2025-09-03 22:06:17.417,10.00446,0.6492246,5,18
2025-09-03 22:06:17.749,10.00446,0.632598,5,18
2025-09-03 22:06:18.082,10.00446,0.6116897,5,18
2025-09-03 22:06:18.418,10.00446,0.6023486,5,18
2025-09-03 22:06:18.749,10.00446,0.6064556,5,18
2025-09-03 22:06:19.082,10.00446,0.6693049,5,18
2025-09-03 22:06:19.417,10.00446,0.6246304,5,18
2025-09-03 22:06:19.749,10.00446,0.5017466,5,18
2025-09-03 22:06:20.084,10.00446,0.5075387,5,18
2025-09-03 22:06:20.417,10.00446,0.524309,5,18
2025-09-03 22:06:20.749,10.00446,0.5572356,5,18
2025-09-03 22:06:21.082,10.00446,0.6047037,5,18
2025-09-03 22:06:21.417,10.00446,0.4152458,5,18
2025-09-03 22:06:21.749,10.00446,0.6362866,5,18
2025-09-03 22:06:22.084,10.00446,0.7065745,5,18
2025-09-03 22:06:22.415,10.00446,0.7703325,5,18
2025-09-03 22:06:22.750,10.00446,0.8030762,5,18
2025-09-03 22:06:23.083,10.00446,0.6029268,5,18
2025-09-03 22:06:23.415,10.00446,0.6344738,5,18
2025-09-03 22:06:23.751,10.00446,0.6586213,5,18
2025-09-03 22:06:24.085,10.00446,0.6264874,5,18
2025-09-03 22:06:24.416,10.00446,0.5519899,5,18
2025-09-03 22:06:24.749,10.00446,0.5640631,5,18
2025-09-03 22:06:25.083,10.00446,0.5900047,5,18
2025-09-03 22:06:25.417,10.00446,0.6191224,5,18
2025-09-03 22:06:25.753,10.00446,0.5112524,5,18
2025-09-03 22:06:26.084,10.00446,0.5786885,5,18
2025-09-03 22:06:26.417,10.00446,0.574662,5,18
2025-09-03 22:06:26.752,10.00446,0.6128408,5,18
2025-09-03 22:06:27.084,10.00446,0.632477,5,18
2025-09-03 22:06:27.418,10.00446,1.106977,5,18
2025-09-03 22:06:27.749,10.00446,0.6078878,5,18
2025-09-03 22:06:28.084,10.00446,0.5470763,5,18
2025-09-03 22:06:28.416,10.00446,0.5464866,5,18
2025-09-03 22:06:28.749,10.00446,0.590196,5,18
2025-09-03 22:06:29.082,10.00446,0.5501845,5,18
2025-09-03 22:06:29.417,10.00446,0.5902686,5,18
2025-09-03 22:06:29.752,10.00446,0.5712031,5,18
2025-09-03 22:06:30.085,10.00446,0.6398031,5,18
2025-09-03 22:06:30.415,10.00446,0.6337901,5,18
2025-09-03 22:06:30.749,10.00446,0.7506107,5,18
2025-09-03 22:06:31.083,10.00446,0.5655707,5,18
2025-09-03 22:06:31.415,10.00446,0.6657236,5,18
2025-09-03 22:06:31.751,10.00446,0.6502663,5,18
2025-09-03 22:06:32.083,10.00446,0.6189615,5,18
2025-09-03 22:06:32.418,10.00446,0.7224253,5,18
2025-09-03 22:06:32.750,10.00446,0.5255023,5,18
2025-09-03 22:06:33.081,10.00446,0.4719921,5,18
2025-09-03 22:06:33.417,10.00446,0.6393844,5,18
2025-09-03 22:06:33.751,10.00446,0.5545195,5,18
2025-09-03 22:06:34.082,10.00446,0.5169556,5,18
2025-09-03 22:06:34.417,10.00446,0.5886248,5,18
2025-09-03 22:06:34.749,10.00446,0.4498312,5,18
2025-09-03 22:06:35.083,10.00446,0.5188921,5,18
2025-09-03 22:06:35.416,10.00446,0.5608878,5,18
2025-09-03 22:06:35.750,10.00446,0.7665437,5,18
2025-09-03 22:06:36.083,10.00446,0.7082601,5,18
2025-09-03 22:06:36.418,10.00446,0.4740437,5,18
2025-09-03 22:06:36.752,10.00446,0.5381089,5,18
2025-09-03 22:06:37.084,10.00446,0.4889979,5,18
2025-09-03 22:06:37.417,10.00446,0.6619837,5,18
2025-09-03 22:06:37.750,10.00446,0.6348033,5,18
2025-09-03 22:06:38.084,10.00446,0.5703668,5,18
2025-09-03 22:06:38.418,10.00446,0.74501,5,18
2025-09-03 22:06:38.749,10.00446,0.5100647,5,18
2025-09-03 22:06:39.084,10.00446,0.5696553,5,18
2025-09-03 22:06:39.415,10.00446,0.6892219,5,18
2025-09-03 22:06:39.750,10.00446,0.568392,5,18
2025-09-03 22:06:40.083,10.00446,0.6224642,5,18
2025-09-03 22:06:40.416,10.00446,0.7272191,5,18
2025-09-03 22:06:40.751,10.00446,0.5323867,5,18
2025-09-03 22:06:41.082,10.00446,0.5939187,5,18
2025-09-03 22:06:41.415,10.00446,0.6246895,5,18
2025-09-03 22:06:41.750,10.00446,0.4248987,5,18
2025-09-03 22:06:42.083,10.00446,0.6712797,5,18
2025-09-03 22:06:42.417,10.00446,-0.01295852,5,18
2025-09-03 22:06:42.749,10.00446,0.4749231,5,18
2025-09-03 22:06:43.082,10.00446,0.6557314,5,18
2025-09-03 22:06:43.418,10.00446,0.6772903,5,18
2025-09-03 22:06:43.750,10.00446,0.6579518,5,18
2025-09-03 22:06:44.081,10.00446,0.6989216,5,18
2025-09-03 22:06:44.417,10.00446,0.7770973,5,18
2025-09-03 22:06:44.749,10.00446,1.135801,5,18
2025-09-03 22:06:45.084,10.00446,0.7328479,5,18
2025-09-03 22:06:45.416,10.00446,0.6596165,5,18
2025-09-03 22:06:45.751,10.00446,0.7488728,5,18
2025-09-03 22:06:46.083,10.00446,0.9269911,5,18
2025-09-03 22:06:46.418,10.00446,0.8306785,5,18
2025-09-03 22:06:46.749,10.00446,0.7807997,5,18
2025-09-03 22:06:47.082,10.00446,0.8531908,5,18
2025-09-03 22:06:47.415,10.00446,0.8093386,5,18
2025-09-03 22:06:47.751,10.00446,0.7931191,5,18
2025-09-03 22:06:48.084,10.00446,0.6403589,5,18
2025-09-03 22:06:48.415,10.00446,0.9873757,5,18
2025-09-03 22:06:48.751,10.00446,0.9052841,5,18
2025-09-03 22:06:49.084,10.00446,0.7325046,5,18
2025-09-03 22:06:49.416,10.00446,0.8097964,5,18
2025-09-03 22:06:49.751,10.00446,0.9676417,5,18
2025-09-03 22:06:50.083,10.00446,0.9442552,5,18
2025-09-03 22:06:50.416,10.00446,0.9672872,5,18
2025-09-03 22:06:50.750,10.00446,0.9363832,5,18
2025-09-03 22:06:51.082,10.00446,0.9255755,5,18
2025-09-03 22:06:51.418,10.00446,0.8830473,5,18
2025-09-03 22:06:51.749,10.00446,0.9337197,5,18
2025-09-03 22:06:52.084,10.00446,0.9438996,5,18
2025-09-03 22:06:52.416,10.00446,0.6632751,5,18
2025-09-03 22:06:52.753,10.00446,-0.0379628,5,18
2025-09-03 22:06:53.083,10.00446,-0.0379628,5,18
2025-09-03 22:06:53.415,10.00446,0.7161701,5,18
2025-09-03 22:06:53.749,10.00446,0.6045399,5,18
2025-09-03 22:06:54.082,10.00446,0.6157213,5,18
2025-09-03 22:06:54.417,10.00446,0.5323105,5,18
2025-09-03 22:06:54.749,10.00446,0.6494242,5,18
2025-09-03 22:06:55.083,10.00446,1.054179,5,18
2025-09-03 22:06:55.416,10.00446,-0.03704871,5,18
2025-09-03 22:06:55.750,10.00446,0.6993057,5,18
2025-09-03 22:06:56.082,10.00446,0.6754801,5,18
2025-09-03 22:06:56.416,10.00446,0.6726487,5,18
2025-09-03 22:06:56.751,10.00446,1.241662,5,18
2025-09-03 22:06:57.083,10.00446,1.454879,5,18
2025-09-03 22:06:57.418,10.00446,1.014566,5,18
2025-09-03 22:06:57.751,10.00446,1.005191,5,18
2025-09-03 22:06:58.084,10.00446,0.8818573,5,18
2025-09-03 22:06:58.417,10.00446,1.083601,5,18
2025-09-03 22:06:58.749,10.00446,1.215598,5,18
2025-09-03 22:06:59.084,10.00446,1.268416,5,18
2025-09-03 22:06:59.417,10.00446,0.9756075,5,18
2025-09-03 22:06:59.749,10.00446,-0.03897221,5,18
2025-09-03 22:07:00.085,10.00446,1.301294,5,18
2025-09-03 22:07:00.417,10.00446,0.8607627,5,18
2025-09-03 22:07:00.749,10.00446,1.018058,5,18
2025-09-03 22:07:01.085,10.00446,1.164259,5,18
2025-09-03 22:07:01.416,10.00446,0.9258627,5,18
2025-09-03 22:07:01.750,10.00446,1.248089,5,18
2025-09-03 22:07:02.083,10.00446,1.39645,5,18
2025-09-03 22:07:02.417,10.00446,0.9867697,5,18
2025-09-03 22:07:02.749,10.00446,1.355796,5,18
2025-09-03 22:07:03.084,10.00446,1.053033,5,18
2025-09-03 22:07:03.416,10.00446,0.9877458,5,18
2025-09-03 22:07:03.751,10.00446,1.231851,5,18
2025-09-03 22:07:04.083,10.00446,0.8486284,5,18
2025-09-03 22:07:04.417,10.00446,1.385564,5,18
2025-09-03 22:07:04.751,10.00446,1.259762,5,18
2025-09-03 22:07:05.082,10.00446,0.9086301,5,18
2025-09-03 22:07:05.415,10.00446,1.100672,5,18
2025-09-03 22:07:05.750,10.00446,1.012305,5,18
2025-09-03 22:07:06.084,10.00446,0.8624588,5,18
2025-09-03 22:07:06.419,10.00446,1.28514,5,18
2025-09-03 22:07:06.752,10.00446,0.8649778,5,18
2025-09-03 22:07:07.084,10.00446,0.9621508,5,18
2025-09-03 22:07:07.417,10.00446,1.316157,5,18
2025-09-03 22:07:07.751,10.00446,-0.03864406,5,18
2025-09-03 22:07:08.083,10.00446,1.147265,5,18
2025-09-03 22:07:08.416,10.00446,1.247893,5,18
2025-09-03 22:07:08.750,10.00446,1.281862,5,18
2025-09-03 22:07:09.084,10.00446,0.9090762,5,18
2025-09-03 22:07:09.416,10.00446,0.9620442,5,18
2025-09-03 22:07:09.751,10.00446,1.213134,5,18
2025-09-03 22:07:10.084,10.00446,1.19408,5,18
2025-09-03 22:07:10.416,10.00446,1.26565,5,18
2025-09-03 22:07:10.750,10.00446,0.9771606,5,18
2025-09-03 22:07:11.083,10.00446,1.23204,5,18
2025-09-03 22:07:11.416,10.00446,1.022477,5,18
2025-09-03 22:07:11.749,10.00446,1.437688,5,18
2025-09-03 22:07:12.082,10.00446,0.8942587,5,18
2025-09-03 22:07:12.416,10.00446,1.150625,5,18
2025-09-03 22:07:12.751,10.00446,0.9311418,5,18
2025-09-03 22:07:13.085,10.00446,1.210284,5,18
2025-09-03 22:07:13.416,10.00446,1.090916,5,18
2025-09-03 22:07:13.749,10.00446,1.046423,5,18
2025-09-03 22:07:14.084,10.00446,1.001285,5,18
2025-09-03 22:07:14.416,10.00446,0.9488049,5,18
2025-09-03 22:07:14.751,10.00446,1.089609,5,18
2025-09-03 22:07:15.083,10.00446,1.102937,5,18
2025-09-03 22:07:15.417,10.00446,0.9774663,5,18
2025-09-03 22:07:15.749,10.00446,1.082515,5,18
2025-09-03 22:07:16.084,10.00446,1.081081,5,18
2025-09-03 22:07:16.415,10.00446,1.11746,5,18
2025-09-03 22:07:16.750,10.00446,1.111692,5,18
2025-09-03 22:07:17.083,10.00446,0.9623047,5,18
2025-09-03 22:07:17.418,10.00446,0.956543,5,18
2025-09-03 22:07:17.750,10.00446,1.075526,5,18
2025-09-03 22:07:18.082,10.00446,1.129583,5,18
2025-09-03 22:07:18.417,10.00446,1.156208,5,18
2025-09-03 22:07:18.751,10.00446,1.163515,5,18
2025-09-03 22:07:19.082,10.00446,1.209293,5,18
2025-09-03 22:07:19.415,10.00446,1.166123,5,18
2025-09-03 22:07:19.750,10.00446,1.16743,5,18
2025-09-03 22:07:20.082,10.00446,1.0888,5,18
2025-09-03 22:07:20.417,10.00446,1.174291,5,18
2025-09-03 22:07:20.750,10.00446,1.231609,5,18
2025-09-03 22:07:21.085,10.00446,1.240205,5,18
2025-09-03 22:07:21.418,10.00446,1.236344,5,18
2025-09-03 22:07:21.750,10.00446,1.314964,5,18
2025-09-03 22:07:22.084,10.00446,1.024338,5,18
2025-09-03 22:07:22.418,10.00446,1.282153,5,18
2025-09-03 22:07:22.749,10.00446,1.245901,5,18
2025-09-03 22:07:23.083,10.00446,1.234582,5,18
2025-09-03 22:07:23.415,10.00446,1.210589,5,18
2025-09-03 22:07:23.750,10.00446,1.164136,5,18
2025-09-03 22:07:24.082,10.00446,1.292432,5,18
2025-09-03 22:07:24.417,10.00446,1.252198,5,18
2025-09-03 22:07:24.750,10.00446,1.42265,5,18
2025-09-03 22:07:25.083,10.00446,1.218113,5,18
2025-09-03 22:07:25.415,10.00446,1.213955,5,18
2025-09-03 22:07:25.751,10.00446,1.153276,5,18
2025-09-03 22:07:26.084,10.00446,1.236402,5,18
2025-09-03 22:07:26.418,10.00446,1.373576,5,18
2025-09-03 22:07:26.750,10.00446,1.312907,5,18
2025-09-03 22:07:27.082,10.00446,1.514426,5,18
2025-09-03 22:07:27.417,10.00446,1.219795,5,18
2025-09-03 22:07:27.751,10.00446,1.359346,5,18
2025-09-03 22:07:28.084,10.00446,1.391271,5,18
2025-09-03 22:07:28.416,10.00446,1.445571,5,18
2025-09-03 22:07:28.751,10.00446,1.5428,5,18
2025-09-03 22:07:29.083,10.00446,1.457821,5,18
2025-09-03 22:07:29.417,10.00446,1.228478,5,18
2025-09-03 22:07:29.750,10.00446,1.358777,5,18
2025-09-03 22:07:30.084,10.00446,1.25874,5,18
2025-09-03 22:07:30.416,10.00446,1.279217,5,18
2025-09-03 22:07:30.752,10.00446,1.218776,5,18
2025-09-03 22:07:31.082,10.00446,1.619574,5,18
2025-09-03 22:07:31.419,10.00446,0.9292867,5,18
2025-09-03 22:07:31.751,10.00446,1.585811,5,18
2025-09-03 22:07:32.083,10.00446,1.225949,5,18
2025-09-03 22:07:32.415,10.00446,1.404061,5,18
2025-09-03 22:07:32.749,10.00446,1.429463,5,18
2025-09-03 22:07:33.084,10.00446,0.9876249,5,18
2025-09-03 22:07:33.418,10.00446,1.038752,5,18
2025-09-03 22:07:33.750,10.00446,0.8849391,5,18
2025-09-03 22:07:34.083,10.00446,0.9912968,5,18
2025-09-03 22:07:34.416,10.00446,0.9883148,5,18
2025-09-03 22:07:34.752,10.00446,0.9780332,5,18
2025-09-03 22:07:35.084,10.00446,0.9087127,5,18
2025-09-03 22:07:35.415,10.00446,1.036329,5,18
2025-09-03 22:07:35.750,10.00446,1.164564,5,18
2025-09-03 22:07:36.082,10.00446,1.220083,5,18
2025-09-03 22:07:36.417,10.00446,1.363619,5,18
2025-09-03 22:07:36.749,10.00446,1.363898,5,18
2025-09-03 22:07:37.083,10.00446,1.28556,5,18
2025-09-03 22:07:37.417,10.00446,1.360016,5,18
2025-09-03 22:07:37.752,10.00446,1.480832,5,18
2025-09-03 22:07:38.082,10.00446,1.239005,5,18
2025-09-03 22:07:38.414,10.00446,1.486821,5,18
2025-09-03 22:07:38.751,10.00446,1.341535,5,18
2025-09-03 22:07:39.084,10.00446,1.426782,5,18
2025-09-03 22:07:39.416,10.00446,1.238569,5,18
2025-09-03 22:07:39.749,10.00446,0.7274731,5,18
2025-09-03 22:07:40.084,10.00446,1.065569,5,18
2025-09-03 22:07:40.418,10.00446,1.231697,5,18
2025-09-03 22:07:40.749,10.00446,1.191333,5,18
2025-09-03 22:07:41.083,10.00446,1.034061,5,18
2025-09-03 22:07:41.417,10.00446,0.9958007,5,18
2025-09-03 22:07:41.750,10.00446,1.382837,5,18
2025-09-03 22:07:42.082,10.00446,0.9365212,5,18
2025-09-03 22:07:42.418,10.00446,1.056494,5,18
2025-09-03 22:07:42.749,10.00446,1.314929,5,18
2025-09-03 22:07:43.084,10.00446,0.9730451,5,18
2025-09-03 22:07:43.415,10.00446,0.959828,5,18
2025-09-03 22:07:43.749,10.00446,1.402422,5,18
2025-09-03 22:07:44.084,10.00446,-0.03568997,5,18
2025-09-03 22:07:44.418,10.00446,1.222703,5,18
2025-09-03 22:07:44.752,10.00446,1.292652,5,18
2025-09-03 22:07:45.082,10.00446,1.165591,5,18
2025-09-03 22:07:45.417,10.00446,1.107155,5,18
2025-09-03 22:07:45.749,10.00446,1.257722,5,18
2025-09-03 22:07:46.082,10.00446,1.243103,5,18
2025-09-03 22:07:46.415,10.00446,1.244989,5,18
2025-09-03 22:07:46.750,10.00446,0.8285718,5,18
2025-09-03 22:07:47.084,10.00446,0.8179296,5,18
2025-09-03 22:07:47.416,10.00446,1.171572,5,18
2025-09-03 22:07:47.751,10.00446,1.091953,5,18
2025-09-03 22:07:48.083,10.00446,1.257307,5,18
2025-09-03 22:07:48.421,10.00446,1.653984,5,18
2025-09-03 22:07:48.750,10.00446,1.190955,5,18
2025-09-03 22:07:49.084,10.00446,0.9106891,5,18
2025-09-03 22:07:49.416,10.00446,1.242781,5,18
2025-09-03 22:07:49.750,10.00446,1.260696,5,18
2025-09-03 22:07:50.084,10.00446,1.079313,5,18
2025-09-03 22:07:50.417,10.00446,1.101023,5,18
2025-09-03 22:07:50.750,10.00446,0.9311849,5,18
2025-09-03 22:07:51.085,10.00446,1.061522,5,18
2025-09-03 22:07:51.415,10.00446,1.132471,5,18
2025-09-03 22:07:51.750,10.00446,1.292809,5,18
2025-09-03 22:07:52.083,10.00446,1.244905,5,18
2025-09-03 22:07:52.416,10.00446,1.219185,5,18
2025-09-03 22:07:52.749,10.00446,1.178571,5,18
2025-09-03 22:07:53.085,10.00446,1.301342,5,18
2025-09-03 22:07:53.416,10.00446,1.11415,5,18
2025-09-03 22:07:53.751,10.00446,1.205533,5,18
2025-09-03 22:07:54.083,10.00446,0.9338449,5,18
2025-09-03 22:07:54.415,10.00446,1.005474,5,18
2025-09-03 22:07:54.749,10.00446,0.9232059,5,18
2025-09-03 22:07:55.083,10.00446,1.149989,5,18
2025-09-03 22:07:55.417,10.00446,1.111523,5,18
2025-09-03 22:07:55.749,10.00446,1.191484,5,18
2025-09-03 22:07:56.082,10.00446,1.081037,5,18
2025-09-03 22:07:56.416,10.00446,1.03977,5,18
2025-09-03 22:07:56.749,10.00446,0.9933886,5,18
2025-09-03 22:07:57.083,10.00446,1.095353,5,18
2025-09-03 22:07:57.416,10.00446,1.042748,5,18
2025-09-03 22:07:57.750,10.00446,1.030376,5,18
2025-09-03 22:07:58.083,10.00446,1.214805,5,18
2025-09-03 22:07:58.417,10.00446,0.7324119,5,18
2025-09-03 22:07:58.749,10.00446,1.078036,5,18
2025-09-03 22:07:59.085,10.00446,1.103018,5,18
2025-09-03 22:07:59.416,10.00446,0.9135047,5,18
2025-09-03 22:07:59.750,10.00446,1.14186,5,18
2025-09-03 22:08:00.084,10.00446,1.11116,5,18
2025-09-03 22:08:00.417,10.00446,0.6797177,5,18
2025-09-03 22:08:00.750,10.00446,1.097322,5,18
2025-09-03 22:08:01.084,10.00446,1.03646,5,18
2025-09-03 22:08:01.416,10.00446,1.010298,5,18
2025-09-03 22:08:01.751,10.00446,1.0156,5,18
2025-09-03 22:08:02.083,10.00446,1.081446,5,18
2025-09-03 22:08:02.417,10.00446,0.4827892,5,18
2025-09-03 22:08:02.751,10.00446,0.8590609,5,18
2025-09-03 22:08:03.084,10.00446,1.144684,5,18
2025-09-03 22:08:03.417,10.00446,0.7165319,5,18
2025-09-03 22:08:03.749,10.00446,1.105844,5,18
2025-09-03 22:08:04.082,10.00446,1.193138,5,18
2025-09-03 22:08:04.418,10.00446,1.060887,5,18
2025-09-03 22:08:04.749,10.00446,1.080318,5,18
2025-09-03 22:08:05.085,10.00446,0.8179895,5,18
2025-09-03 22:08:05.418,10.00446,0.935187,5,18
2025-09-03 22:08:05.750,10.00446,1.077659,5,18
2025-09-03 22:08:06.084,10.00446,0.5123807,5,18
2025-09-03 22:08:06.417,10.00446,0.7867401,5,18
2025-09-03 22:08:06.750,10.00446,1.029319,5,18
2025-09-03 22:08:07.084,10.00446,0.8649812,5,18
2025-09-03 22:08:07.416,10.00446,0.7691738,5,18
2025-09-03 22:08:07.752,10.00446,0.3795643,5,18
2025-09-03 22:08:08.084,10.00446,0.7282171,5,18
2025-09-03 22:08:08.418,10.00446,0.8623697,5,18
2025-09-03 22:08:08.749,10.00446,0.8022112,5,18
2025-09-03 22:08:09.082,10.00446,0.7771063,5,18
2025-09-03 22:08:09.417,10.00446,0.8141245,5,18
2025-09-03 22:08:09.749,10.00446,0.796867,5,18
2025-09-03 22:08:10.085,10.00446,0.8808857,5,18
2025-09-03 22:08:10.417,10.00446,0.7089225,5,18
2025-09-03 22:08:10.751,10.00446,0.7457203,5,18
2025-09-03 22:08:11.084,10.00446,0.7938284,5,18
2025-09-03 22:08:11.417,10.00446,0.937545,5,18
2025-09-03 22:08:11.750,10.00446,0.8027079,5,18
2025-09-03 22:08:12.082,10.00446,0.9084062,5,18
2025-09-03 22:08:12.418,10.00446,0.8796481,5,18
2025-09-03 22:08:12.749,10.00446,0.7149958,5,18
2025-09-03 22:08:13.083,10.00446,0.7101926,5,18
2025-09-03 22:08:13.415,10.00446,0.6815941,5,18
2025-09-03 22:08:13.750,10.00446,0.575626,5,18
2025-09-03 22:08:14.083,10.00446,0.7325067,5,18
2025-09-03 22:08:14.417,10.00446,0.7741343,5,18
2025-09-03 22:08:14.750,10.00446,0.5366213,5,18
2025-09-03 22:08:15.084,10.00446,0.6573027,5,18
2025-09-03 22:08:15.417,10.00446,0.6997235,5,18
2025-09-03 22:08:15.751,10.00446,0.8413866,5,18
2025-09-03 22:08:16.082,10.00446,0.7757419,5,18
2025-09-03 22:08:16.417,10.00446,0.7100514,5,18
2025-09-03 22:08:16.752,10.00446,0.6791282,5,18
2025-09-03 22:08:17.085,10.00446,0.8058091,5,18
2025-09-03 22:08:17.418,10.00446,0.6859227,5,18
2025-09-03 22:08:17.750,10.00446,0.8493785,5,18
2025-09-03 22:08:18.082,10.00446,0.8405679,5,18
2025-09-03 22:08:18.415,10.00446,0.8448841,5,18
2025-09-03 22:08:18.749,10.00446,0.6332008,5,18
2025-09-03 22:08:19.082,10.00446,0.616915,5,18
2025-09-03 22:08:19.416,10.00446,0.7637263,5,18
2025-09-03 22:08:19.749,10.00446,0.6704401,5,18
2025-09-03 22:08:20.084,10.00446,0.6554937,5,18
2025-09-03 22:08:20.415,10.00446,0.670837,5,18
2025-09-03 22:08:20.751,10.00446,0.5635718,5,18
2025-09-03 22:08:21.084,10.00446,0.6214638,5,18
2025-09-03 22:08:21.418,10.00446,0.6375852,5,18
2025-09-03 22:08:21.749,10.00446,0.6637998,5,18
2025-09-03 22:08:22.083,10.00446,0.6622854,5,18
2025-09-03 22:08:22.418,10.00446,0.6287757,5,18
2025-09-03 22:08:22.750,10.00446,0.5816423,5,18
2025-09-03 22:08:23.084,10.00446,0.4842789,5,18
2025-09-03 22:08:23.418,10.00446,0.5466216,5,18
2025-09-03 22:08:23.749,10.00446,0.5901453,5,18
2025-09-03 22:08:24.083,10.00446,0.5086623,5,18
2025-09-03 22:08:24.415,10.00446,0.4725575,5,18
2025-09-03 22:08:24.753,10.00446,0.4430512,5,18
2025-09-03 22:08:25.082,10.00446,0.5125277,5,18
2025-09-03 22:08:25.416,10.00446,0.6106774,5,18
2025-09-03 22:08:25.752,10.00446,0.5753954,5,18
2025-09-03 22:08:26.085,10.00446,0.534713,5,18
2025-09-03 22:08:26.417,10.00446,0.5388119,5,18
2025-09-03 22:08:26.752,10.00446,0.5026293,5,18
2025-09-03 22:08:27.084,10.00446,0.4686543,5,18
2025-09-03 22:08:27.419,10.00446,0.5113522,5,18
2025-09-03 22:08:27.753,10.00446,0.5919719,5,18
2025-09-03 22:08:28.082,10.00446,0.6688641,5,18
2025-09-03 22:08:28.416,10.00446,-0.001138248,5,18
2025-09-03 22:08:28.750,10.00446,0.5815097,5,18
2025-09-03 22:08:29.084,10.00446,0.4698461,5,18
2025-09-03 22:08:29.417,10.00446,0.388692,5,18
2025-09-03 22:08:29.750,10.00446,0.412523,5,18
2025-09-03 22:08:30.084,10.00446,0.5525293,5,18
2025-09-03 22:08:30.416,10.00446,0.003748532,5,18
2025-09-03 22:08:30.751,10.00446,0.4796174,5,18
2025-09-03 22:08:31.084,10.00446,0.4017388,5,18
2025-09-03 22:08:31.417,10.00446,0.4581008,5,18
2025-09-03 22:08:31.752,10.00446,0.4530632,5,18
2025-09-03 22:08:32.083,10.00446,0.4256549,5,18
2025-09-03 22:08:32.417,10.00446,0.482103,5,18
2025-09-03 22:08:32.752,10.00446,0.4756725,5,18
2025-09-03 22:08:33.084,10.00446,0.4678184,5,18
2025-09-03 22:08:33.418,10.00446,0.4088068,5,18
2025-09-03 22:08:33.749,10.00446,0.4265037,5,18
2025-09-03 22:08:34.084,10.00446,0.4148669,5,18
2025-09-03 22:08:34.416,10.00446,0.4457046,5,18
2025-09-03 22:08:34.752,10.00446,0.4643807,5,18
2025-09-03 22:08:35.083,10.00446,0.4363077,5,18
2025-09-03 22:08:35.415,10.00446,0.4812354,5,18
2025-09-03 22:08:35.750,10.00446,0.3801101,5,18
2025-09-03 22:08:36.084,10.00446,0.4574263,5,18
2025-09-03 22:08:36.418,10.00446,0.00719484,5,18
2025-09-03 22:08:36.750,10.00446,0.00719484,5,18
2025-09-03 22:08:37.083,10.00446,0.008665189,5,18
2025-09-03 22:08:37.415,10.00446,0.008665189,5,18
2025-09-03 22:08:37.749,10.00446,0.008665189,5,18
2025-09-03 22:08:38.082,10.00446,0.008665189,5,18
2025-09-03 22:08:38.417,10.00446,0.008665189,5,18
2025-09-03 22:08:38.750,10.00446,0.008665189,5,18
2025-09-03 22:08:39.082,10.00446,0.008675744,5,18
2025-09-03 22:08:39.416,10.00446,0.008675744,5,18
2025-09-03 22:08:39.749,10.00446,0.008675744,5,18
2025-09-03 22:08:40.084,10.00446,0.008675744,5,18
2025-09-03 22:08:40.417,10.00446,0.008675744,5,18
2025-09-03 22:08:40.749,10.00446,0.008675744,5,18
2025-09-03 22:08:41.082,10.00446,0.008675744,5,18
2025-09-03 22:08:41.415,10.00446,0.008675744,5,18
2025-09-03 22:08:41.750,10.00446,0.008675744,5,18
2025-09-03 22:08:42.083,10.00446,0.008675744,5,18
2025-09-03 22:08:42.415,10.00446,0.6927388,5,18
2025-09-03 22:08:42.750,10.00446,0.008675744,5,18
2025-09-03 22:08:43.084,10.00446,0.008675744,5,18
2025-09-03 22:08:43.417,10.00446,0.008675744,5,18
2025-09-03 22:08:43.751,10.00446,0.008675744,5,18
2025-09-03 22:08:44.082,10.00446,0.008675744,5,18
2025-09-03 22:08:44.419,10.00446,0.008675744,5,18
2025-09-03 22:08:44.749,10.00446,0.008675744,5,18
2025-09-03 22:08:45.083,10.00446,0.008675744,5,18
2025-09-03 22:08:45.421,10.00446,0.008675744,5,18
2025-09-03 22:08:45.750,10.00446,0.008675744,5,18
2025-09-03 22:08:46.084,10.00446,0.008675744,5,18
2025-09-03 22:08:46.416,10.00446,0.008675744,5,18
2025-09-03 22:08:46.751,10.00446,0.008675744,5,18
2025-09-03 22:08:47.082,10.00446,0.008675744,5,18
2025-09-03 22:08:47.414,10.00446,0.008675744,5,18
2025-09-03 22:08:47.750,10.00446,0.5705303,5,18
2025-09-03 22:08:48.082,10.00446,0.008675744,5,18
2025-09-03 22:08:48.415,10.00446,0.008675744,5,18
2025-09-03 22:08:48.750,10.00446,0.008675744,5,18
2025-09-03 22:08:49.083,10.00446,0.008675744,5,18
2025-09-03 22:08:49.416,10.00446,0.008675744,5,18
2025-09-03 22:08:49.749,10.00446,0.008675744,5,18
2025-09-03 22:08:50.084,10.00446,0.008675744,5,18
2025-09-03 22:08:50.415,10.00446,0.008675744,5,18
2025-09-03 22:08:50.750,10.00446,0.008675744,5,18
2025-09-03 22:08:51.082,10.00446,0.008675744,5,18
2025-09-03 22:08:51.415,10.00446,0.008675744,5,18
2025-09-03 22:08:51.749,10.00446,0.008675744,5,18
2025-09-03 22:08:52.083,10.00446,0.008675744,5,18
2025-09-03 22:08:52.417,10.00446,0.008675744,5,18
2025-09-03 22:08:52.749,10.00446,0.008675744,5,18
2025-09-03 22:08:53.084,10.00446,0.008675744,5,18
2025-09-03 22:08:53.416,10.00446,0.008675744,5,18
2025-09-03 22:08:53.751,10.00446,0.008675744,5,18
2025-09-03 22:08:54.082,10.00446,0.008675744,5,18
2025-09-03 22:08:54.416,10.00446,0.008675744,5,18
2025-09-03 22:08:54.749,10.00446,0.008675744,5,18
2025-09-03 22:08:55.083,10.00446,0.008675744,5,18
2025-09-03 22:08:55.416,10.00446,0.008675744,5,18
2025-09-03 22:08:55.750,10.00446,0.008675744,5,18
2025-09-03 22:08:56.083,10.00446,0.008675744,5,18
2025-09-03 22:08:56.416,10.00446,0.008675744,5,18
2025-09-03 22:08:56.750,10.00446,0.008675744,5,18
2025-09-03 22:08:57.083,10.00446,0.008675744,5,18
2025-09-03 22:08:57.418,10.00446,0.008675744,5,18
2025-09-03 22:08:57.751,10.00446,0.008675744,5,18
2025-09-03 22:08:58.083,10.00446,0.008675744,5,18
2025-09-03 22:08:58.415,10.00446,0.008675744,5,18
2025-09-03 22:08:58.751,10.00446,0.008675744,5,18
2025-09-03 22:08:59.083,10.00446,0.571053,5,18
2025-09-03 22:08:59.416,10.00446,0.008675744,5,18
2025-09-03 22:08:59.757,10.00446,0.008675744,5,18
2025-09-03 22:09:00.083,10.00446,0.7560977,5,18
2025-09-03 22:09:00.416,10.00446,0.008675744,5,18
2025-09-03 22:09:00.750,10.00446,0.6475801,5,18
2025-09-03 22:09:01.084,10.00446,0.008675744,5,18
2025-09-03 22:09:01.417,10.00446,0.008675744,5,18
2025-09-03 22:09:01.750,10.00446,0.008675744,5,18
2025-09-03 22:09:02.084,10.00446,0.008675744,5,18
2025-09-03 22:09:02.418,10.00446,0.008675744,5,18
2025-09-03 22:09:02.750,10.00446,0.008675744,5,18
2025-09-03 22:09:03.084,10.00446,0.008675744,5,18
2025-09-03 22:09:03.417,10.00446,0.008675744,5,18
2025-09-03 22:09:03.749,10.00446,0.008675744,5,18
2025-09-03 22:09:04.085,10.00446,0.008675744,5,18
2025-09-03 22:09:04.415,10.00446,0.4421085,5,18
2025-09-03 22:09:04.749,10.00446,0.008675744,5,18
2025-09-03 22:09:05.083,10.00446,0.5276921,5,18
2025-09-03 22:09:05.418,10.00446,0.4150246,5,18
2025-09-03 22:09:05.750,10.00446,0.01540636,5,18
2025-09-03 22:09:06.084,10.00446,0.01540636,5,18
2025-09-03 22:09:06.418,10.00446,0.7065018,5,18
2025-09-03 22:09:06.749,10.00446,0.5117539,5,18
2025-09-03 22:09:07.083,10.00446,0.4858442,5,18
2025-09-03 22:09:07.416,10.00446,0.5400405,5,18
2025-09-03 22:09:07.749,10.00446,0.4709987,5,18
2025-09-03 22:09:08.087,10.00446,0.02192734,5,18
2025-09-03 22:09:08.417,10.00446,0.3901362,5,18
2025-09-03 22:09:08.750,10.00446,0.4519351,5,18
2025-09-03 22:09:09.082,10.00446,0.020895,5,18
2025-09-03 22:09:09.418,10.00446,0.4331729,5,18
2025-09-03 22:09:09.750,10.00446,0.4584785,5,18
2025-09-03 22:09:10.083,10.00446,0.6461926,5,18
2025-09-03 22:09:10.416,10.00446,0.02177446,5,18
2025-09-03 22:09:10.752,10.00446,0.483873,5,18
2025-09-03 22:09:11.083,10.00446,0.02177446,5,18
2025-09-03 22:09:11.416,10.00446,0.02157673,5,18
2025-09-03 22:09:11.750,10.00446,0.5319563,5,18
2025-09-03 22:09:12.082,10.00446,0.02157673,5,18
2025-09-03 22:09:12.416,10.00446,0.4821309,5,18
2025-09-03 22:09:12.750,10.00446,0.4519949,5,18
2025-09-03 22:09:13.083,10.00446,0.4780068,5,18
2025-09-03 22:09:13.418,10.00446,0.5038211,5,18
2025-09-03 22:09:13.752,10.00446,0.6800212,5,18
2025-09-03 22:09:14.084,10.00446,0.6585808,5,18
2025-09-03 22:09:14.415,10.00446,0.4890746,5,18
2025-09-03 22:09:14.749,10.00446,0.01844083,5,18
2025-09-03 22:09:15.084,10.00446,0.5003287,5,18
2025-09-03 22:09:15.416,10.00446,0.4903429,5,18
2025-09-03 22:09:15.749,10.00446,0.4711539,5,18
2025-09-03 22:09:16.083,10.00446,0.5191941,5,18
2025-09-03 22:09:16.418,10.00446,0.5522723,5,18
2025-09-03 22:09:16.749,10.00446,0.3267716,5,18
2025-09-03 22:09:17.082,10.00446,0.5690523,5,18
2025-09-03 22:09:17.417,10.00446,0.5531659,5,18
2025-09-03 22:09:17.750,10.00446,0.5498887,5,18
2025-09-03 22:09:18.082,10.00446,0.5833684,5,18
2025-09-03 22:09:18.418,10.00446,0.5570441,5,18
2025-09-03 22:09:18.751,10.00446,0.5709941,5,18
2025-09-03 22:09:19.083,10.00446,0.5607745,5,18
2025-09-03 22:09:19.418,10.00446,0.5613419,5,18
2025-09-03 22:09:19.749,10.00446,0.01784135,5,18
2025-09-03 22:09:20.084,10.00446,0.7116223,5,18
2025-09-03 22:09:20.417,10.00446,0.5682561,5,18
2025-09-03 22:09:20.750,10.00446,0.01878586,5,18
2025-09-03 22:09:21.082,10.00446,0.01878586,5,18
2025-09-03 22:09:21.418,10.00446,0.7203966,5,18
2025-09-03 22:09:21.749,10.00446,0.3680035,5,18
2025-09-03 22:09:22.083,10.00446,0.02057549,5,18
2025-09-03 22:09:22.417,10.00446,0.01333649,5,18
2025-09-03 22:09:22.751,10.00446,0.01333649,5,18
2025-09-03 22:09:23.082,10.00446,0.01333649,5,18
2025-09-03 22:09:23.416,10.00446,0.01333649,5,18
2025-09-03 22:09:23.750,10.00446,0.01333649,5,18
2025-09-03 22:09:24.084,10.00446,0.01333649,5,18
2025-09-03 22:09:24.416,10.00446,0.01333649,5,18
2025-09-03 22:09:24.747,10.00446,0.01333649,5,18
2025-09-03 22:09:25.082,10.00446,0.01333649,5,18
2025-09-03 22:09:25.416,10.00446,0.01333649,5,18
2025-09-03 22:09:25.751,10.00446,0.01333649,5,18
2025-09-03 22:09:26.083,10.00446,0.01333649,5,18
2025-09-03 22:09:26.418,10.00446,0.01333649,5,18
2025-09-03 22:09:26.751,10.00446,0.01333649,5,18
2025-09-03 22:09:27.082,10.00446,0.8062677,5,18
2025-09-03 22:09:27.415,10.00446,0.01333649,5,18
2025-09-03 22:09:27.750,10.00446,0.01333649,5,18
2025-09-03 22:09:28.082,10.00446,0.01333649,5,18
2025-09-03 22:09:28.416,10.00446,0.01333649,5,18
2025-09-03 22:09:28.752,10.00446,0.01333649,5,18
2025-09-03 22:09:29.083,10.00446,0.01333649,5,18
2025-09-03 22:09:29.418,10.00446,0.01333311,5,18
2025-09-03 22:09:29.751,10.00446,0.01333311,5,18
2025-09-03 22:09:30.083,10.00446,0.01333311,5,18
2025-09-03 22:09:30.417,10.00446,0.01333311,5,18
2025-09-03 22:09:30.751,10.00446,0.01333311,5,18
2025-09-03 22:09:31.082,10.00446,0.01333311,5,18
2025-09-03 22:09:31.418,10.00446,0.01333311,5,18
2025-09-03 22:09:31.749,10.00446,0.01333311,5,18
2025-09-03 22:09:32.083,10.00446,0.01333311,5,18
2025-09-03 22:09:32.417,10.00446,0.01333311,5,18
2025-09-03 22:09:32.751,10.00446,0.01333311,5,18
2025-09-03 22:09:33.083,10.00446,0.01333311,5,18
2025-09-03 22:09:33.416,10.00446,0.3970967,5,18
2025-09-03 22:09:33.749,10.00446,0.4698642,5,18
2025-09-03 22:09:34.084,10.00446,0.3219589,5,18
2025-09-03 22:09:34.416,10.00446,0.02187824,5,18
2025-09-03 22:09:34.749,10.00446,0.3136156,5,18
2025-09-03 22:09:35.082,10.00446,0.3836796,5,18
2025-09-03 22:09:35.417,10.00446,0.02288612,5,18
2025-09-03 22:09:35.749,10.00446,0.3710877,5,18
2025-09-03 22:09:36.084,10.00446,0.02288612,5,18
2025-09-03 22:09:36.415,10.00446,0.02415412,5,18
2025-09-03 22:09:36.750,10.00446,0.02415412,5,18
2025-09-03 22:09:37.082,10.00446,0.230343,5,18
2025-09-03 22:09:37.416,10.00446,0.6933337,5,18
2025-09-03 22:09:37.749,10.00446,0.5287932,5,18
2025-09-03 22:09:38.084,10.00446,0.01716581,5,18
2025-09-03 22:09:38.417,10.00446,0.6856539,5,18
2025-09-03 22:09:38.750,10.00446,0.0163526,5,18
2025-09-03 22:09:39.083,10.00446,0.0163526,5,18
2025-09-03 22:09:39.416,10.00446,0.009764853,5,18
2025-09-03 22:09:39.749,10.00446,0.009764853,5,18
2025-09-03 22:09:40.084,10.00446,0.3874703,5,18
2025-09-03 22:09:40.416,10.00446,0.2975976,5,18
2025-09-03 22:09:40.750,10.00446,0.3399664,5,18
2025-09-03 22:09:41.084,10.00446,0.002652776,5,18
2025-09-03 22:09:41.418,10.00446,0.003211168,5,18
2025-09-03 22:09:41.751,10.00446,0.3167423,5,18
2025-09-03 22:09:42.082,10.00446,0.003211168,5,18
2025-09-03 22:09:42.417,10.00446,0.3420026,5,18
2025-09-03 22:09:42.749,10.00446,0.3048171,5,18
2025-09-03 22:09:43.082,10.00446,0.3394304,5,18
2025-09-03 22:09:43.417,10.00446,0.3763896,5,18
2025-09-03 22:09:43.750,10.00446,0.3672751,5,18
2025-09-03 22:09:44.082,10.00446,0.3958922,5,18
2025-09-03 22:09:44.417,10.00446,0.0027315,5,18
2025-09-03 22:09:44.748,10.00446,0.5717574,5,18
2025-09-03 22:09:45.083,10.00446,0.3472169,5,18
2025-09-03 22:09:45.418,10.00446,-0.0002209024,5,18
2025-09-03 22:09:45.750,10.00446,0.427796,5,18
2025-09-03 22:09:46.084,10.00446,0.4413742,5,18
2025-09-03 22:09:46.417,10.00446,0.7650666,5,18
2025-09-03 22:09:46.749,10.00446,0.4810328,5,18
2025-09-03 22:09:47.083,10.00446,0.5904959,5,18
2025-09-03 22:09:47.418,10.00446,0.4189769,5,18
2025-09-03 22:09:47.749,10.00446,0.5263724,5,18
2025-09-03 22:09:48.084,10.00446,0.5245776,5,18
2025-09-03 22:09:48.417,10.00446,0.6291876,5,18
2025-09-03 22:09:48.749,10.00446,0.4633888,5,18
2025-09-03 22:09:49.082,10.00446,0.6649101,5,18
2025-09-03 22:09:49.415,10.00446,0.5832678,5,18
2025-09-03 22:09:49.751,10.00446,0.5097019,5,18
2025-09-03 22:09:50.083,10.00446,0.6055053,5,18
2025-09-03 22:09:50.415,10.00446,0.5490525,5,18
2025-09-03 22:09:50.750,10.00446,0.5249013,5,18
2025-09-03 22:09:51.082,10.00446,0.5834998,5,18
2025-09-03 22:09:51.417,10.00446,0.5746307,5,18
2025-09-03 22:09:51.751,10.00446,0.4688848,5,18
2025-09-03 22:09:52.082,10.00446,0.347806,5,18
2025-09-03 22:09:52.417,10.00446,0.3590612,5,18
2025-09-03 22:09:52.750,10.00446,0.4203357,5,18
2025-09-03 22:09:53.084,10.00446,0.7523239,5,18
2025-09-03 22:09:53.416,10.00446,0.4081141,5,18
2025-09-03 22:09:53.751,10.00446,0.4617624,5,18
2025-09-03 22:09:54.083,10.00446,4.557185E-05,5,18
2025-09-03 22:09:54.418,10.00446,0.414964,5,18
2025-09-03 22:09:54.749,10.00446,0.4319896,5,18
2025-09-03 22:09:55.084,10.00446,0.3728337,5,18
2025-09-03 22:09:55.418,10.00446,0.6896604,5,18
2025-09-03 22:09:55.749,10.00446,0.4359797,5,18
2025-09-03 22:09:56.083,10.00446,0.5104446,5,18
2025-09-03 22:09:56.416,10.00446,0.5251284,5,18
2025-09-03 22:09:56.751,10.00446,0.4777913,5,18
2025-09-03 22:09:57.084,10.00446,0.5040616,5,18
2025-09-03 22:09:57.417,10.00446,0.595339,5,18
2025-09-03 22:09:57.750,10.00446,0.6098499,5,18
2025-09-03 22:09:58.083,10.00446,0.5644786,5,18
2025-09-03 22:09:58.416,10.00446,0.4813378,5,18
2025-09-03 22:09:58.752,10.00446,0.6857191,5,18
2025-09-03 22:09:59.083,10.00446,0.6587707,5,18
2025-09-03 22:09:59.417,10.00446,0.4364772,5,18
2025-09-03 22:09:59.750,10.00446,0.4089731,5,18
2025-09-03 22:10:00.082,10.00446,0.5185511,5,18
2025-09-03 22:10:00.416,10.00446,-0.0282652,5,18
2025-09-03 22:10:00.749,10.00446,0.6643758,5,18
2025-09-03 22:10:01.082,10.00446,0.5661281,5,18
2025-09-03 22:10:01.416,10.00446,0.5459996,5,18
2025-09-03 22:10:01.750,10.00446,-0.02345699,5,18
2025-09-03 22:10:02.083,10.00446,-0.02345699,5,18
2025-09-03 22:10:02.417,10.00446,0.4499505,5,18
2025-09-03 22:10:02.749,10.00446,0.3927579,5,18
2025-09-03 22:10:03.082,10.00446,0.4451614,5,18
2025-09-03 22:10:03.416,10.00446,0.4535289,5,18
2025-09-03 22:10:03.751,10.00446,0.4550965,5,18
2025-09-03 22:10:04.082,10.00446,0.4489524,5,18
2025-09-03 22:10:04.418,10.00446,0.470165,5,18
2025-09-03 22:10:04.750,10.00446,0.4386626,5,18
2025-09-03 22:10:05.083,10.00446,0.515353,5,18
2025-09-03 22:10:05.416,10.00446,0.4186254,5,18
2025-09-03 22:10:05.749,10.00446,0.3674302,5,18
2025-09-03 22:10:06.082,10.00446,0.44848,5,18
2025-09-03 22:10:06.417,10.00446,0.1797974,5,18
2025-09-03 22:10:06.749,10.00446,0.3788293,5,18
2025-09-03 22:10:07.085,10.00446,0.4020897,5,18
2025-09-03 22:10:07.417,10.00446,0.3812892,5,18
2025-09-03 22:10:07.749,10.00446,0.4302422,5,18
2025-09-03 22:10:08.083,10.00446,0.5908515,5,18
2025-09-03 22:10:08.417,10.00446,0.3792064,5,18
2025-09-03 22:10:08.751,10.00446,1.213244,5,18
2025-09-03 22:10:09.082,10.00446,0.8483599,5,18
2025-09-03 22:10:09.417,10.00446,0.8552374,5,18
2025-09-03 22:10:09.751,10.00446,0.8928933,5,18
2025-09-03 22:10:10.082,10.00446,-0.04692115,5,18
2025-09-03 22:10:10.417,10.00446,0.8225695,5,18
2025-09-03 22:10:10.750,10.00446,0.9098254,5,18
2025-09-03 22:10:11.083,10.00446,0.9465498,5,18
2025-09-03 22:10:11.415,10.00446,0.8650202,5,18
2025-09-03 22:10:11.750,10.00446,0.8674591,5,18
2025-09-03 22:10:12.083,10.00446,1.260062,5,18
2025-09-03 22:10:12.418,10.00446,1.210792,5,18
2025-09-03 22:10:12.752,10.00446,1.164122,5,18
2025-09-03 22:10:13.084,10.00446,0.5388983,5,18
2025-09-03 22:10:13.415,10.00446,0.6927862,5,18
2025-09-03 22:10:13.750,10.00446,0.9372218,5,18
2025-09-03 22:10:14.084,10.00446,0.9571084,5,18
2025-09-03 22:10:14.417,10.00446,0.996244,5,18
2025-09-03 22:10:14.752,10.00446,0.9397136,5,18
2025-09-03 22:10:15.084,10.00446,0.9774059,5,18
2025-09-03 22:10:15.415,10.00446,0.8727785,5,18
2025-09-03 22:10:15.752,10.00446,0.9694892,5,18
2025-09-03 22:10:16.084,10.00446,0.977213,5,18
2025-09-03 22:10:16.416,10.00446,1.001661,5,18
2025-09-03 22:10:16.749,10.00446,0.9941995,5,18
2025-09-03 22:10:17.084,10.00446,1.024222,5,18
2025-09-03 22:10:17.416,10.00446,1.029337,5,18
2025-09-03 22:10:17.751,10.00446,1.038723,5,18
2025-09-03 22:10:18.084,10.00446,1.086414,5,18
2025-09-03 22:10:18.416,10.00446,1.483153,5,18
2025-09-03 22:10:18.749,10.00446,1.373177,5,18
2025-09-03 22:10:19.084,10.00446,1.393464,5,18
2025-09-03 22:10:19.416,10.00446,1.326447,5,18
2025-09-03 22:10:19.750,10.00446,1.312502,5,18
2025-09-03 22:10:20.083,10.00446,1.333647,5,18
2025-09-03 22:10:20.417,10.00446,1.481116,5,18
2025-09-03 22:10:20.750,10.00446,1.509678,5,18
2025-09-03 22:10:21.083,10.00446,1.356245,5,18
2025-09-03 22:10:21.416,10.00446,1.507159,5,18
2025-09-03 22:10:21.749,10.00446,1.331549,5,18
2025-09-03 22:10:22.083,10.00446,1.304431,5,18
2025-09-03 22:10:22.417,10.00446,1.474658,5,18
2025-09-03 22:10:22.751,10.00446,1.314695,5,18
2025-09-03 22:10:23.083,10.00446,1.297571,5,18
2025-09-03 22:10:23.416,10.00446,1.125568,5,18
2025-09-03 22:10:23.749,10.00446,1.513198,5,18
2025-09-03 22:10:24.081,10.00446,1.28298,5,18
2025-09-03 22:10:24.416,10.00446,0.7958804,5,18
2025-09-03 22:10:24.749,10.00446,1.034493,5,18
2025-09-03 22:10:25.083,10.00446,0.7882551,5,18
2025-09-03 22:10:25.415,10.00446,1.108726,5,18
2025-09-03 22:10:25.749,10.00446,0.9679263,5,18
2025-09-03 22:10:26.083,10.00446,1.232933,5,18
2025-09-03 22:10:26.416,10.00446,1.487059,5,18
2025-09-03 22:10:26.751,10.00446,1.427769,5,18
2025-09-03 22:10:27.083,10.00446,1.187223,5,18
2025-09-03 22:10:27.417,10.00446,1.473843,5,18
2025-09-03 22:10:27.749,10.00446,1.335749,5,18
2025-09-03 22:10:28.083,10.00446,1.339052,5,18
2025-09-03 22:10:28.418,10.00446,0.9109427,5,18
2025-09-03 22:10:28.751,10.00446,1.160981,5,18
2025-09-03 22:10:29.085,10.00446,0.9417081,5,18
2025-09-03 22:10:29.417,10.00446,1.381515,5,18
2025-09-03 22:10:29.751,10.00446,1.325923,5,18
2025-09-03 22:10:30.083,10.00446,1.192874,5,18
2025-09-03 22:10:30.417,10.00446,1.3939,5,18
2025-09-03 22:10:30.751,10.00446,1.472846,5,18
2025-09-03 22:10:31.084,10.00446,1.375932,5,18
2025-09-03 22:10:31.415,10.00446,0.9405107,5,18
2025-09-03 22:10:31.751,10.00446,1.516032,5,18
2025-09-03 22:10:32.082,10.00446,1.011774,5,18
2025-09-03 22:10:32.423,10.00446,0.9725425,5,18
2025-09-03 22:10:32.750,10.00446,0.9726476,5,18
2025-09-03 22:10:33.084,10.00446,0.8077435,5,18
2025-09-03 22:10:33.416,10.00446,1.144876,5,18
2025-09-03 22:10:33.751,10.00446,1.00914,5,18
2025-09-03 22:10:34.086,10.00446,1.095681,5,18
2025-09-03 22:10:34.416,10.00446,1.032979,5,18
2025-09-03 22:10:34.749,10.00446,0.9980816,5,18
2025-09-03 22:10:35.083,10.00446,0.9170126,5,18
2025-09-03 22:10:35.417,10.00446,1.014777,5,18
2025-09-03 22:10:35.751,10.00446,1.12979,5,18
2025-09-03 22:10:36.081,10.00446,0.9586238,5,18
2025-09-03 22:10:36.417,10.00446,0.9004925,5,18
2025-09-03 22:10:36.749,10.00446,0.741164,5,18
2025-09-03 22:10:37.084,10.00446,0.890951,5,18
2025-09-03 22:10:37.417,10.00446,0.5500247,5,18
2025-09-03 22:10:37.750,10.00446,0.6528797,5,18
2025-09-03 22:10:38.083,10.00446,0.8137781,5,18
2025-09-03 22:10:38.418,10.00446,0.9180945,5,18
2025-09-03 22:10:38.750,10.00446,1.125995,5,18
2025-09-03 22:10:39.084,10.00446,1.476277,5,18
2025-09-03 22:10:39.416,10.00446,1.175239,5,18
2025-09-03 22:10:39.751,10.00446,0.8462073,5,18
2025-09-03 22:10:40.081,10.00446,1.747796,5,18
2025-09-03 22:10:40.415,10.00446,1.091149,5,18
2025-09-03 22:10:40.751,10.00446,1.263758,5,18
2025-09-03 22:10:41.082,10.00446,1.182388,5,18
2025-09-03 22:10:41.416,10.00446,1.364376,5,18
2025-09-03 22:10:41.749,10.00446,1.215137,5,18
2025-09-03 22:10:42.083,10.00446,1.286595,5,18
2025-09-03 22:10:42.416,10.00446,1.191699,5,18
2025-09-03 22:10:42.749,10.00446,1.148228,5,18
2025-09-03 22:10:43.084,10.00446,1.1165,5,18
2025-09-03 22:10:43.417,10.00446,0.9421914,5,18
2025-09-03 22:10:43.749,10.00446,1.020492,5,18
2025-09-03 22:10:44.084,10.00446,1.076645,5,18
2025-09-03 22:10:44.417,10.00446,0.7966096,5,18
2025-09-03 22:10:44.749,10.00446,0.5944444,5,18
2025-09-03 22:10:45.084,10.00446,0.8564353,5,18
2025-09-03 22:10:45.417,10.00446,0.6462229,5,18
2025-09-03 22:10:45.751,10.00446,0.7079074,5,18
2025-09-03 22:10:46.082,10.00446,0.8111145,5,18
2025-09-03 22:10:46.418,10.00446,0.998404,5,18
2025-09-03 22:10:46.750,10.00446,0.6788248,5,18
2025-09-03 22:10:47.084,10.00446,0.6230327,5,18
2025-09-03 22:10:47.417,10.00446,0.821667,5,18
2025-09-03 22:10:47.750,10.00446,0.556199,5,18
2025-09-03 22:10:48.083,10.00446,1.020917,5,18
2025-09-03 22:10:48.417,10.00446,0.8334229,5,18
2025-09-03 22:10:48.752,10.00446,0.8252155,5,18
2025-09-03 22:10:49.084,10.00446,0.757087,5,18
2025-09-03 22:10:49.416,10.00446,0.7842439,5,18
2025-09-03 22:10:49.751,10.00446,0.6331291,5,18
2025-09-03 22:10:50.085,10.00446,0.7049984,5,18
2025-09-03 22:10:50.415,10.00446,0.6379829,5,18
2025-09-03 22:10:50.750,10.00446,0.6159714,5,18
2025-09-03 22:10:51.083,10.00446,0.9186679,5,18
2025-09-03 22:10:51.416,10.00446,1.006359,5,18
2025-09-03 22:10:51.750,10.00446,0.5443128,5,18
2025-09-03 22:10:52.082,10.00446,0.5585154,5,18
2025-09-03 22:10:52.418,10.00446,0.6795262,5,18
2025-09-03 22:10:52.751,10.00446,0.7752821,5,18
2025-09-03 22:10:53.082,10.00446,0.5262769,5,18
2025-09-03 22:10:53.418,10.00446,0.9222531,5,18
2025-09-03 22:10:53.749,10.00446,0.7134677,5,18
2025-09-03 22:10:54.083,10.00446,0.7729129,5,18
2025-09-03 22:10:54.417,10.00446,1.031268,5,18
2025-09-03 22:10:54.749,10.00446,1.520405,5,18
2025-09-03 22:10:55.082,10.00446,0.8008083,5,18
2025-09-03 22:10:55.423,10.00446,0.6944206,5,18
2025-09-03 22:10:55.750,10.00446,0.8438093,5,18
2025-09-03 22:10:56.084,10.00446,0.7671645,5,18
2025-09-03 22:10:56.419,10.00446,0.7121969,5,18
2025-09-03 22:10:56.752,10.00446,0.8339555,5,18
2025-09-03 22:10:57.084,10.00446,0.8311307,5,18
2025-09-03 22:10:57.417,10.00446,0.8834571,5,18
2025-09-03 22:10:57.752,10.00446,0.8331214,5,18
2025-09-03 22:10:58.084,10.00446,0.955891,5,18
2025-09-03 22:10:58.417,10.00446,0.9220964,5,18
2025-09-03 22:10:58.751,10.00446,0.8781178,5,18
2025-09-03 22:10:59.084,10.00446,0.8632647,5,18
2025-09-03 22:10:59.415,10.00446,0.8123768,5,18
2025-09-03 22:10:59.752,10.00446,0.8217728,5,18
2025-09-03 22:11:00.083,10.00446,0.7923359,5,18
2025-09-03 22:11:00.417,10.00446,0.9147111,5,18
2025-09-03 22:11:00.749,10.00446,0.7391236,5,18
2025-09-03 22:11:01.084,10.00446,0.8154263,5,18
2025-09-03 22:11:01.415,10.00446,0.7177048,5,18
2025-09-03 22:11:01.750,10.00446,0.6775415,5,18
2025-09-03 22:11:02.081,10.00446,1.19522,5,18
2025-09-03 22:11:02.416,10.00446,0.9026254,5,18
2025-09-03 22:11:02.749,10.00446,0.942584,5,18
2025-09-03 22:11:03.082,10.00446,0.8051589,5,18
2025-09-03 22:11:03.416,10.00446,0.9018799,5,18
2025-09-03 22:11:03.752,10.00446,0.6476684,5,18
2025-09-03 22:11:04.084,10.00446,0.8090959,5,18
2025-09-03 22:11:04.418,10.00446,0.9351,5,18
2025-09-03 22:11:04.751,10.00446,0.9967868,5,18
2025-09-03 22:11:05.082,10.00446,0.9391601,5,18
2025-09-03 22:11:05.416,10.00446,0.9187347,5,18
2025-09-03 22:11:05.750,10.00446,0.8933614,5,18
2025-09-03 22:11:06.082,10.00446,0.7353134,5,18
2025-09-03 22:11:06.417,10.00446,0.8150306,5,18
2025-09-03 22:11:06.752,10.00446,0.9057185,5,18
2025-09-03 22:11:07.083,10.00446,1.188093,5,18
2025-09-03 22:11:07.417,10.00446,0.9152777,5,18
2025-09-03 22:11:07.749,10.00446,0.8576919,5,18
2025-09-03 22:11:08.081,10.00446,0.8148879,5,18
2025-09-03 22:11:08.416,10.00446,0.8012448,5,18
2025-09-03 22:11:08.749,10.00446,1.057905,5,18
2025-09-03 22:11:09.084,10.00446,1.009453,5,18
2025-09-03 22:11:09.417,10.00446,0.8946099,5,18
2025-09-03 22:11:09.751,10.00446,0.8755817,5,18
2025-09-03 22:11:10.083,10.00446,0.8342416,5,18
2025-09-03 22:11:10.415,10.00446,0.8071651,5,18
2025-09-03 22:11:10.750,10.00446,0.7876244,5,18
2025-09-03 22:11:11.083,10.00446,0.6943209,5,18
2025-09-03 22:11:11.418,10.00446,0.8189105,5,18
2025-09-03 22:11:11.750,10.00446,0.8529342,5,18
2025-09-03 22:11:12.084,10.00446,0.7576365,5,18
2025-09-03 22:11:12.416,10.00446,0.8201324,5,18
2025-09-03 22:11:12.752,10.00446,0.9154961,5,18
2025-09-03 22:11:13.084,10.00446,0.6606382,5,18
2025-09-03 22:11:13.417,10.00446,0.6991935,5,18
2025-09-03 22:11:13.751,10.00446,0.6865568,5,18
2025-09-03 22:11:14.084,10.00446,0.654681,5,18
2025-09-03 22:11:14.417,10.00446,0.6556768,5,18
2025-09-03 22:11:14.749,10.00446,0.6199837,5,18
2025-09-03 22:11:15.084,10.00446,0.7008018,5,18
2025-09-03 22:11:15.419,10.00446,0.644293,5,18
2025-09-03 22:11:15.749,10.00446,0.7447135,5,18
2025-09-03 22:11:16.084,10.00446,0.7353894,5,18
2025-09-03 22:11:16.417,10.00446,0.7226806,5,18
2025-09-03 22:11:16.749,10.00446,0.7395989,5,18
2025-09-03 22:11:17.084,10.00446,0.7351994,5,18
2025-09-03 22:11:17.417,10.00446,0.6988855,5,18
2025-09-03 22:11:17.749,10.00446,0.7437963,5,18
2025-09-03 22:11:18.082,10.00446,0.4360435,5,18
2025-09-03 22:11:18.418,10.00446,0.7196935,5,18
2025-09-03 22:11:18.751,10.00446,0.6971952,5,18
2025-09-03 22:11:19.082,10.00446,0.6248803,5,18
2025-09-03 22:11:19.417,10.00446,0.7179338,5,18
2025-09-03 22:11:19.752,10.00446,0.6856319,5,18
2025-09-03 22:11:20.083,10.00446,0.6970765,5,18
2025-09-03 22:11:20.417,10.00446,0.677785,5,18
2025-09-03 22:11:20.751,10.00446,0.6861308,5,18
2025-09-03 22:11:21.083,10.00446,0.6018454,5,18
2025-09-03 22:11:21.416,10.00446,0.3095566,5,18
2025-09-03 22:11:21.749,10.00446,0.3252148,5,18
2025-09-03 22:11:22.084,10.00446,-0.01356881,5,18
2025-09-03 22:11:22.417,10.00446,-0.01356881,5,18
2025-09-03 22:11:22.751,10.00446,-0.01514012,5,18
2025-09-03 22:11:23.083,10.00446,-0.01514012,5,18
2025-09-03 22:11:23.418,10.00446,-0.01514012,5,18
2025-09-03 22:11:23.751,10.00446,-0.01514012,5,18
2025-09-03 22:11:24.082,10.00446,-0.01514012,5,18
2025-09-03 22:11:24.417,10.00446,-0.01514012,5,18
2025-09-03 22:11:24.749,10.00446,-0.01514012,5,18
2025-09-03 22:11:25.086,10.00446,-0.01514012,5,18
2025-09-03 22:11:25.417,10.00446,-0.01514012,5,18
2025-09-03 22:11:25.752,10.00446,-0.01514012,5,18
2025-09-03 22:11:26.083,10.00446,-0.01514012,5,18
2025-09-03 22:11:26.418,10.00446,-0.01514012,5,18
2025-09-03 22:11:26.750,10.00446,0.8383836,5,18
2025-09-03 22:11:27.084,10.00446,-0.01514012,5,18
2025-09-03 22:11:27.415,10.00446,-0.01514012,5,18
2025-09-03 22:11:27.750,10.00446,-0.01514012,5,18
2025-09-03 22:11:28.082,10.00446,-0.01514012,5,18
2025-09-03 22:11:28.415,10.00446,-0.01514012,5,18
2025-09-03 22:11:28.749,10.00446,-0.01514012,5,18
2025-09-03 22:11:29.082,10.00446,-0.01514012,5,18
2025-09-03 22:11:29.417,10.00446,-0.01514012,5,18
2025-09-03 22:11:29.750,10.00446,-0.01515361,5,18
2025-09-03 22:11:30.083,10.00446,-0.01515361,5,18
2025-09-03 22:11:30.417,10.00446,-0.01515361,5,18
2025-09-03 22:11:30.751,10.00446,0.9245768,5,18
2025-09-03 22:11:31.082,10.00446,-0.01515361,5,18
2025-09-03 22:11:31.417,10.00446,-0.01515361,5,18
2025-09-03 22:11:31.751,10.00446,-0.01515361,5,18
2025-09-03 22:11:32.083,10.00446,-0.01515361,5,18
2025-09-03 22:11:32.415,10.00446,-0.01515361,5,18
2025-09-03 22:11:32.749,10.00446,-0.01515361,5,18
2025-09-03 22:11:33.084,10.00446,-0.01515361,5,18
2025-09-03 22:11:33.416,10.00446,-0.01515361,5,18
2025-09-03 22:11:33.752,10.00446,0.6163906,5,18
2025-09-03 22:11:34.084,10.00446,0.4404638,5,18
2025-09-03 22:11:34.415,10.00446,0.4052575,5,18
2025-09-03 22:11:34.750,10.00446,0.7988355,5,18
2025-09-03 22:11:35.083,10.00446,0.7071621,5,18
2025-09-03 22:11:35.416,10.00446,0.4999101,5,18
2025-09-03 22:11:35.752,10.00446,0.4469259,5,18
2025-09-03 22:11:36.083,10.00446,0.5799707,5,18
2025-09-03 22:11:36.417,10.00446,0.5115698,5,18
2025-09-03 22:11:36.750,10.00446,0.4114736,5,18
2025-09-03 22:11:37.085,10.00446,0.4445122,5,18
2025-09-03 22:11:37.416,10.00446,0.4741496,5,18
2025-09-03 22:11:37.749,10.00446,0.4739288,5,18
2025-09-03 22:11:38.082,10.00446,0.4817589,5,18
2025-09-03 22:11:38.416,10.00446,0.5393103,5,18
2025-09-03 22:11:38.750,10.00446,0.4991672,5,18
2025-09-03 22:11:39.083,10.00446,0.5065295,5,18
2025-09-03 22:11:39.416,10.00446,0.5010735,5,18
2025-09-03 22:11:39.751,10.00446,0.4624716,5,18
2025-09-03 22:11:40.084,10.00446,0.4536838,5,18
2025-09-03 22:11:40.416,10.00446,0.6227688,5,18
2025-09-03 22:11:40.751,10.00446,0.4220415,5,18
2025-09-03 22:11:41.082,10.00446,0.6681055,5,18
2025-09-03 22:11:41.417,10.00446,0.67803,5,18
2025-09-03 22:11:41.749,10.00446,0.658671,5,18
2025-09-03 22:11:42.082,10.00446,0.6494008,5,18
2025-09-03 22:11:42.417,10.00446,0.6328751,5,18
2025-09-03 22:11:42.750,10.00446,0.6429372,5,18
2025-09-03 22:11:43.085,10.00446,0.6107713,5,18
2025-09-03 22:11:43.418,10.00446,0.5977541,5,18
2025-09-03 22:11:43.749,10.00446,0.5717887,5,18
2025-09-03 22:11:44.083,10.00446,0.553406,5,18
2025-09-03 22:11:44.418,10.00446,0.5761276,5,18
2025-09-03 22:11:44.752,10.00446,0.5696835,5,18
2025-09-03 22:11:45.084,10.00446,0.5510817,5,18
2025-09-03 22:11:45.415,10.00446,0.5335305,5,18
2025-09-03 22:11:45.751,10.00446,0.5189095,5,18
2025-09-03 22:11:46.088,10.00446,0.5092667,5,18
2025-09-03 22:11:46.415,10.00446,0.4805357,5,18
2025-09-03 22:11:46.752,10.00446,0.5153097,5,18
2025-09-03 22:11:47.085,10.00446,0.4537787,5,18
2025-09-03 22:11:47.416,10.00446,0.4872758,5,18
2025-09-03 22:11:47.752,10.00446,0.6605375,5,18
2025-09-03 22:11:48.082,10.00446,0.6438847,5,18
2025-09-03 22:11:48.419,10.00446,0.6181248,5,18
2025-09-03 22:11:48.752,10.00446,0.6189614,5,18
2025-09-03 22:11:49.085,10.00446,0.5949919,5,18
2025-09-03 22:11:49.418,10.00446,0.5698841,5,18
2025-09-03 22:11:49.751,10.00446,0.545636,5,18
2025-09-03 22:11:50.085,10.00446,0.5160182,5,18
2025-09-03 22:11:50.418,10.00446,0.512184,5,18
2025-09-03 22:11:50.753,10.00446,0.4745483,5,18
2025-09-03 22:11:51.081,10.00446,0.4420373,5,18
2025-09-03 22:11:51.418,10.00446,0.3860928,5,18
2025-09-03 22:11:51.749,10.00446,0.5011871,5,18
2025-09-03 22:11:52.085,10.00446,0.5016554,5,18
2025-09-03 22:11:52.418,10.00446,0.589107,5,18
2025-09-03 22:11:52.750,10.00446,0.4676581,5,18
2025-09-03 22:11:53.084,10.00446,0.6362541,5,18
2025-09-03 22:11:53.416,10.00446,0.6731572,5,18
2025-09-03 22:11:53.751,10.00446,0.538724,5,18
2025-09-03 22:11:54.085,10.00446,0.6008704,5,18
2025-09-03 22:11:54.418,10.00446,0.5666661,5,18
2025-09-03 22:11:54.751,10.00446,0.554368,5,18
2025-09-03 22:11:55.085,10.00446,0.5937029,5,18
2025-09-03 22:11:55.416,10.00446,0.542401,5,18
2025-09-03 22:11:55.749,10.00446,0.5796048,5,18
2025-09-03 22:11:56.086,10.00446,0.5353808,5,18
2025-09-03 22:11:56.417,10.00446,0.8533872,5,18
2025-09-03 22:11:56.752,10.00446,0.5195333,5,18
2025-09-03 22:11:57.083,10.00446,0.5686619,5,18
2025-09-03 22:11:57.417,10.00446,0.4624183,5,18
2025-09-03 22:11:57.749,10.00446,0.5540977,5,18
2025-09-03 22:11:58.084,10.00446,0.5016128,5,18
2025-09-03 22:11:58.418,10.00446,0.4287571,5,18
2025-09-03 22:11:58.749,10.00446,0.4858082,5,18
2025-09-03 22:11:59.085,10.00446,-0.02421549,5,18
2025-09-03 22:11:59.416,10.00446,-0.02421549,5,18
2025-09-03 22:11:59.752,10.00446,0.4682556,5,18
2025-09-03 22:12:00.085,10.00446,0.5023081,5,18
2025-09-03 22:12:00.417,10.00446,0.6173124,5,18
2025-09-03 22:12:00.749,10.00446,0.7182477,5,18
2025-09-03 22:12:01.083,10.00446,0.804741,5,18
2025-09-03 22:12:01.417,10.00446,0.3621962,5,18
2025-09-03 22:12:01.750,10.00446,0.7478468,5,18
2025-09-03 22:12:02.085,10.00446,0.7798126,5,18
2025-09-03 22:12:02.417,10.00446,0.7463576,5,18
2025-09-03 22:12:02.751,10.00446,0.7915319,5,18
2025-09-03 22:12:03.085,10.00446,0.7703114,5,18
2025-09-03 22:12:03.416,10.00446,0.7945243,5,18
2025-09-03 22:12:03.751,10.00446,0.705433,5,18
2025-09-03 22:12:04.083,10.00446,0.727809,5,18
2025-09-03 22:12:04.418,10.00446,0.7240871,5,18
2025-09-03 22:12:04.751,10.00446,0.9885557,5,18
2025-09-03 22:12:05.083,10.00446,1.526383,5,18
2025-09-03 22:12:05.418,10.00446,0.7627235,5,18
2025-09-03 22:12:05.751,10.00446,0.709919,5,18
2025-09-03 22:12:06.083,10.00446,0.7529939,5,18
2025-09-03 22:12:06.416,10.00446,0.7428377,5,18
2025-09-03 22:12:06.750,10.00446,0.7385681,5,18
2025-09-03 22:12:07.084,10.00446,0.7662161,5,18
2025-09-03 22:12:07.418,10.00446,0.7668366,5,18
2025-09-03 22:12:07.749,10.00446,0.8720948,5,18
2025-09-03 22:12:08.084,10.00446,0.7747912,5,18
